========================================
Input:       /DATA/data2/downloads/IMP
Species out: /home/nizhu/Projects/plantsdb/result/result_imp/species
Homolog out: /home/nizhu/Projects/plantsdb/result/result_imp/homolog
Mode:        eggnog
========================================
Found 114 species

[Aar6]
#  emapper-2.1.12-8b119d7
# emapper.py  -i /DATA/data2/downloads/IMP/Aar6/Aar6.prot.fasta -o /home/nizhu/Projects/plantsdb/result/result_imp/species/Aar6/eggnog_work/Aar6 --data_dir /DATA/data2/emapperdb-5.0.2 -m mmseqs --cpu 40 --dbmem --tax_scope Viridiplantae --override --no_file_comments
[1;33m  /home/nizhu/software/miniforge3/envs/biotools/bin/mmseqs createdb '/DATA/data2/downloads/IMP/Aar6/Aar6.prot.fasta' '/home/nizhu/Projects/plantsdb/emappertmp_mmseqs_kgzxcbir/ccd868d241b04702b5d4d399ee83142e' --dbtype 1[0m
[1;33m  /home/nizhu/software/miniforge3/envs/biotools/bin/mmseqs search -a true '/home/nizhu/Projects/plantsdb/emappertmp_mmseqs_kgzxcbir/ccd868d241b04702b5d4d399ee83142e' '/DATA/data2/emapperdb-5.0.2/mmseqs/mmseqs.db' '/home/nizhu/Projects/plantsdb/emappertmp_mmseqs_kgzxcbir/2ed073fca9a347358bc3e07062796fa1' '/home/nizhu/Projects/plantsdb/emappertmp_mmseqs_kgzxcbir' --start-sens 3 --sens-steps 3 -s 7 --threads 40[0m
[1;33m  /home/nizhu/software/miniforge3/envs/biotools/bin/mmseqs filterdb '/home/nizhu/Projects/plantsdb/emappertmp_mmseqs_kgzxcbir/2ed073fca9a347358bc3e07062796fa1' '/home/nizhu/Projects/plantsdb/emappertmp_mmseqs_kgzxcbir/14bbc7d4fe7447ca82182d06de701e0e' --threads 40 --extract-lines 1 [0m
[1;33m  /home/nizhu/software/miniforge3/envs/biotools/bin/mmseqs convertalis '/home/nizhu/Projects/plantsdb/emappertmp_mmseqs_kgzxcbir/ccd868d241b04702b5d4d399ee83142e' '/DATA/data2/emapperdb-5.0.2/mmseqs/mmseqs.db' '/home/nizhu/Projects/plantsdb/emappertmp_mmseqs_kgzxcbir/14bbc7d4fe7447ca82182d06de701e0e' '/home/nizhu/Projects/plantsdb/emappertmp_mmseqs_kgzxcbir/14bbc7d4fe7447ca82182d06de701e0e.m8' --threads 40 --format-output "query,target,pident,alnlen,qstart,qend,tstart,tend,evalue,bits,qcov,tcov"[0m
Loading source DB...
[31mWarning: this can take a few minutes and load up to 45GB to RAM. Using --dbmem is recommended to annotate a large number of sequences.[0m
[32mDone[0m
[1;33mResult files:[0m
   /home/nizhu/Projects/plantsdb/result/result_imp/species/Aar6/eggnog_work/Aar6.emapper.hits
   /home/nizhu/Projects/plantsdb/result/result_imp/species/Aar6/eggnog_work/Aar6.emapper.seed_orthologs
   /home/nizhu/Projects/plantsdb/result/result_imp/species/Aar6/eggnog_work/Aar6.emapper.annotations

================================================================================
CITATION:
If you use this software, please cite:

[1] eggNOG-mapper v2: functional annotation, orthology assignments, and domain 
      prediction at the metagenomic scale. Carlos P. Cantalapiedra, 
      Ana Hernandez-Plaza, Ivica Letunic, Peer Bork, Jaime Huerta-Cepas. 2021.
      Molecular Biology and Evolution, msab293, https://doi.org/10.1093/molbev/msab293

[2] eggNOG 5.0: a hierarchical, functionally and phylogenetically annotated
      orthology resource based on 5090 organisms and 2502 viruses. Jaime
      Huerta-Cepas, Damian Szklarczyk, Davide Heller, Ana Hernandez-Plaza,
      Sofia K Forslund, Helen Cook, Daniel R Mende, Ivica Letunic, Thomas
      Rattei, Lars J Jensen, Christian von Mering and Peer Bork. Nucleic Acids
      Research, Volume 47, Issue D1, 8 January 2019, Pages D309-D314,
      https://doi.org/10.1093/nar/gky1085 

[3] MMseqs2 enables sensitive protein sequence searching for the analysis of massive data sets.
       Steinegger M & Söding J. 2017. Nat. Biotech. 35, 1026–1028. https://doi.org/10.1038/nbt.3988

e.g. Functional annotation was performed using eggNOG-mapper (version emapper-2.1.12-8b119d7) [1]
 based on eggNOG orthology data [2]. Sequence searches were performed using [3].

================================================================================

Total hits processed: 84282
Total time: 1477 secs
FINISHED
[Abrus_pulchellus]
#  emapper-2.1.12-8b119d7
# emapper.py  -i /DATA/data2/downloads/IMP/Abrus_pulchellus/Abrus_pulchellus.prot.fasta -o /home/nizhu/Projects/plantsdb/result/result_imp/species/Abrus_pulchellus/eggnog_work/Abrus_pulchellus --data_dir /DATA/data2/emapperdb-5.0.2 -m mmseqs --cpu 40 --dbmem --tax_scope Viridiplantae --override --no_file_comments
[1;33m  /home/nizhu/software/miniforge3/envs/biotools/bin/mmseqs createdb '/DATA/data2/downloads/IMP/Abrus_pulchellus/Abrus_pulchellus.prot.fasta' '/home/nizhu/Projects/plantsdb/emappertmp_mmseqs_qeudodgl/df4710542b584cf79aa0edca945efe3b' --dbtype 1[0m
[1;33m  /home/nizhu/software/miniforge3/envs/biotools/bin/mmseqs search -a true '/home/nizhu/Projects/plantsdb/emappertmp_mmseqs_qeudodgl/df4710542b584cf79aa0edca945efe3b' '/DATA/data2/emapperdb-5.0.2/mmseqs/mmseqs.db' '/home/nizhu/Projects/plantsdb/emappertmp_mmseqs_qeudodgl/b7e2e708f6c7458ca94691a8d05a0ea3' '/home/nizhu/Projects/plantsdb/emappertmp_mmseqs_qeudodgl' --start-sens 3 --sens-steps 3 -s 7 --threads 40[0m
[1;33m  /home/nizhu/software/miniforge3/envs/biotools/bin/mmseqs filterdb '/home/nizhu/Projects/plantsdb/emappertmp_mmseqs_qeudodgl/b7e2e708f6c7458ca94691a8d05a0ea3' '/home/nizhu/Projects/plantsdb/emappertmp_mmseqs_qeudodgl/d6985844c3804cdebcd010d769bde1f5' --threads 40 --extract-lines 1 [0m
[1;33m  /home/nizhu/software/miniforge3/envs/biotools/bin/mmseqs convertalis '/home/nizhu/Projects/plantsdb/emappertmp_mmseqs_qeudodgl/df4710542b584cf79aa0edca945efe3b' '/DATA/data2/emapperdb-5.0.2/mmseqs/mmseqs.db' '/home/nizhu/Projects/plantsdb/emappertmp_mmseqs_qeudodgl/d6985844c3804cdebcd010d769bde1f5' '/home/nizhu/Projects/plantsdb/emappertmp_mmseqs_qeudodgl/d6985844c3804cdebcd010d769bde1f5.m8' --threads 40 --format-output "query,target,pident,alnlen,qstart,qend,tstart,tend,evalue,bits,qcov,tcov"[0m
Loading source DB...
[31mWarning: this can take a few minutes and load up to 45GB to RAM. Using --dbmem is recommended to annotate a large number of sequences.[0m
[32mDone[0m
[1;33mResult files:[0m
   /home/nizhu/Projects/plantsdb/result/result_imp/species/Abrus_pulchellus/eggnog_work/Abrus_pulchellus.emapper.hits
   /home/nizhu/Projects/plantsdb/result/result_imp/species/Abrus_pulchellus/eggnog_work/Abrus_pulchellus.emapper.seed_orthologs
   /home/nizhu/Projects/plantsdb/result/result_imp/species/Abrus_pulchellus/eggnog_work/Abrus_pulchellus.emapper.annotations

================================================================================
CITATION:
If you use this software, please cite:

[1] eggNOG-mapper v2: functional annotation, orthology assignments, and domain 
      prediction at the metagenomic scale. Carlos P. Cantalapiedra, 
      Ana Hernandez-Plaza, Ivica Letunic, Peer Bork, Jaime Huerta-Cepas. 2021.
      Molecular Biology and Evolution, msab293, https://doi.org/10.1093/molbev/msab293

[2] eggNOG 5.0: a hierarchical, functionally and phylogenetically annotated
      orthology resource based on 5090 organisms and 2502 viruses. Jaime
      Huerta-Cepas, Damian Szklarczyk, Davide Heller, Ana Hernandez-Plaza,
      Sofia K Forslund, Helen Cook, Daniel R Mende, Ivica Letunic, Thomas
      Rattei, Lars J Jensen, Christian von Mering and Peer Bork. Nucleic Acids
      Research, Volume 47, Issue D1, 8 January 2019, Pages D309-D314,
      https://doi.org/10.1093/nar/gky1085 

[3] MMseqs2 enables sensitive protein sequence searching for the analysis of massive data sets.
       Steinegger M & Söding J. 2017. Nat. Biotech. 35, 1026–1028. https://doi.org/10.1038/nbt.3988

e.g. Functional annotation was performed using eggNOG-mapper (version emapper-2.1.12-8b119d7) [1]
 based on eggNOG orthology data [2]. Sequence searches were performed using [3].

================================================================================

Total hits processed: 41833
Total time: 997 secs
FINISHED
[Acacia_confusa]
#  emapper-2.1.12-8b119d7
# emapper.py  -i /DATA/data2/downloads/IMP/Acacia_confusa/Acacia_confusa.prot.fasta -o /home/nizhu/Projects/plantsdb/result/result_imp/species/Acacia_confusa/eggnog_work/Acacia_confusa --data_dir /DATA/data2/emapperdb-5.0.2 -m mmseqs --cpu 40 --dbmem --tax_scope Viridiplantae --override --no_file_comments
[1;33m  /home/nizhu/software/miniforge3/envs/biotools/bin/mmseqs createdb '/DATA/data2/downloads/IMP/Acacia_confusa/Acacia_confusa.prot.fasta' '/home/nizhu/Projects/plantsdb/emappertmp_mmseqs_asq3fvwq/af164486833d46fc8dbd038f93e0d45d' --dbtype 1[0m
[1;33m  /home/nizhu/software/miniforge3/envs/biotools/bin/mmseqs search -a true '/home/nizhu/Projects/plantsdb/emappertmp_mmseqs_asq3fvwq/af164486833d46fc8dbd038f93e0d45d' '/DATA/data2/emapperdb-5.0.2/mmseqs/mmseqs.db' '/home/nizhu/Projects/plantsdb/emappertmp_mmseqs_asq3fvwq/ab937894fd184f99946a98d611408570' '/home/nizhu/Projects/plantsdb/emappertmp_mmseqs_asq3fvwq' --start-sens 3 --sens-steps 3 -s 7 --threads 40[0m
[1;33m  /home/nizhu/software/miniforge3/envs/biotools/bin/mmseqs filterdb '/home/nizhu/Projects/plantsdb/emappertmp_mmseqs_asq3fvwq/ab937894fd184f99946a98d611408570' '/home/nizhu/Projects/plantsdb/emappertmp_mmseqs_asq3fvwq/7aaee0150ff84688b42918be89a69d40' --threads 40 --extract-lines 1 [0m
[1;33m  /home/nizhu/software/miniforge3/envs/biotools/bin/mmseqs convertalis '/home/nizhu/Projects/plantsdb/emappertmp_mmseqs_asq3fvwq/af164486833d46fc8dbd038f93e0d45d' '/DATA/data2/emapperdb-5.0.2/mmseqs/mmseqs.db' '/home/nizhu/Projects/plantsdb/emappertmp_mmseqs_asq3fvwq/7aaee0150ff84688b42918be89a69d40' '/home/nizhu/Projects/plantsdb/emappertmp_mmseqs_asq3fvwq/7aaee0150ff84688b42918be89a69d40.m8' --threads 40 --format-output "query,target,pident,alnlen,qstart,qend,tstart,tend,evalue,bits,qcov,tcov"[0m
Loading source DB...
[31mWarning: this can take a few minutes and load up to 45GB to RAM. Using --dbmem is recommended to annotate a large number of sequences.[0m
[32mDone[0m
[1;33mResult files:[0m
   /home/nizhu/Projects/plantsdb/result/result_imp/species/Acacia_confusa/eggnog_work/Acacia_confusa.emapper.hits
   /home/nizhu/Projects/plantsdb/result/result_imp/species/Acacia_confusa/eggnog_work/Acacia_confusa.emapper.seed_orthologs
   /home/nizhu/Projects/plantsdb/result/result_imp/species/Acacia_confusa/eggnog_work/Acacia_confusa.emapper.annotations

================================================================================
CITATION:
If you use this software, please cite:

[1] eggNOG-mapper v2: functional annotation, orthology assignments, and domain 
      prediction at the metagenomic scale. Carlos P. Cantalapiedra, 
      Ana Hernandez-Plaza, Ivica Letunic, Peer Bork, Jaime Huerta-Cepas. 2021.
      Molecular Biology and Evolution, msab293, https://doi.org/10.1093/molbev/msab293

[2] eggNOG 5.0: a hierarchical, functionally and phylogenetically annotated
      orthology resource based on 5090 organisms and 2502 viruses. Jaime
      Huerta-Cepas, Damian Szklarczyk, Davide Heller, Ana Hernandez-Plaza,
      Sofia K Forslund, Helen Cook, Daniel R Mende, Ivica Letunic, Thomas
      Rattei, Lars J Jensen, Christian von Mering and Peer Bork. Nucleic Acids
      Research, Volume 47, Issue D1, 8 January 2019, Pages D309-D314,
      https://doi.org/10.1093/nar/gky1085 

[3] MMseqs2 enables sensitive protein sequence searching for the analysis of massive data sets.
       Steinegger M & Söding J. 2017. Nat. Biotech. 35, 1026–1028. https://doi.org/10.1038/nbt.3988

e.g. Functional annotation was performed using eggNOG-mapper (version emapper-2.1.12-8b119d7) [1]
 based on eggNOG orthology data [2]. Sequence searches were performed using [3].

================================================================================

Total hits processed: 33072
Total time: 957 secs
FINISHED
[Acer_campestre]
  skip (no prot)
[Acer_negundo]
  skip (no prot)
[Acer_saccharum]
  skip (no prot)
[Acer_yangbiense]
  skip (no prot)
[Acorus_americanus]
  skip (no prot)
[Acorus_calamus]
  skip (no prot)
[Acorus_gramineus]
  skip (no prot)
[Acorus_tatarinowii]
  skip (no prot)
[Actinidia_arguta]
  skip (no prot)
[Actinidia_chinensis]
  skip (no prot)
[Actinidia_chinensis_Hong_Yang]
  skip (no prot)
[Actinidia_deliciosa]
  skip (no prot)
[Actinidia_eriantha_White]
  skip (no prot)
[Adansonia_digitata]
  skip (no prot)
[Adansonia_grandidieri]
  skip (no prot)
[Adansonia_gregorii]
  skip (no prot)
[Adansonia_madagascariensis]
  skip (no prot)
[Adansonia_perrieri]
  skip (no prot)
[Adansonia_rubrostipa]
  skip (no prot)
[Adansonia_suarezensis]
  skip (no prot)
[Adansonia_za]
  skip (no prot)
[Adiantum_capillus-veneris]
#  emapper-2.1.12-8b119d7
# emapper.py  -i /DATA/data2/downloads/IMP/Adiantum_capillus-veneris/Adiantum_capillus-veneris.prot.fasta -o /home/nizhu/Projects/plantsdb/result/result_imp/species/Adiantum_capillus-veneris/eggnog_work/Adiantum_capillus-veneris --data_dir /DATA/data2/emapperdb-5.0.2 -m mmseqs --cpu 40 --dbmem --tax_scope Viridiplantae --override --no_file_comments
[1;33m  /home/nizhu/software/miniforge3/envs/biotools/bin/mmseqs createdb '/DATA/data2/downloads/IMP/Adiantum_capillus-veneris/Adiantum_capillus-veneris.prot.fasta' '/home/nizhu/Projects/plantsdb/emappertmp_mmseqs_auxazkuj/ae3d3fb4137b42b6a9e2e5643a1f7553' --dbtype 1[0m
[1;33m  /home/nizhu/software/miniforge3/envs/biotools/bin/mmseqs search -a true '/home/nizhu/Projects/plantsdb/emappertmp_mmseqs_auxazkuj/ae3d3fb4137b42b6a9e2e5643a1f7553' '/DATA/data2/emapperdb-5.0.2/mmseqs/mmseqs.db' '/home/nizhu/Projects/plantsdb/emappertmp_mmseqs_auxazkuj/7dad3330e33b49aa9f4a22020d007c71' '/home/nizhu/Projects/plantsdb/emappertmp_mmseqs_auxazkuj' --start-sens 3 --sens-steps 3 -s 7 --threads 40[0m
[1;33m  /home/nizhu/software/miniforge3/envs/biotools/bin/mmseqs filterdb '/home/nizhu/Projects/plantsdb/emappertmp_mmseqs_auxazkuj/7dad3330e33b49aa9f4a22020d007c71' '/home/nizhu/Projects/plantsdb/emappertmp_mmseqs_auxazkuj/a8b37023fe0b48b4bdd4cbb889861496' --threads 40 --extract-lines 1 [0m
[1;33m  /home/nizhu/software/miniforge3/envs/biotools/bin/mmseqs convertalis '/home/nizhu/Projects/plantsdb/emappertmp_mmseqs_auxazkuj/ae3d3fb4137b42b6a9e2e5643a1f7553' '/DATA/data2/emapperdb-5.0.2/mmseqs/mmseqs.db' '/home/nizhu/Projects/plantsdb/emappertmp_mmseqs_auxazkuj/a8b37023fe0b48b4bdd4cbb889861496' '/home/nizhu/Projects/plantsdb/emappertmp_mmseqs_auxazkuj/a8b37023fe0b48b4bdd4cbb889861496.m8' --threads 40 --format-output "query,target,pident,alnlen,qstart,qend,tstart,tend,evalue,bits,qcov,tcov"[0m
Loading source DB...
[31mWarning: this can take a few minutes and load up to 45GB to RAM. Using --dbmem is recommended to annotate a large number of sequences.[0m
[32mDone[0m
[1;33mResult files:[0m
   /home/nizhu/Projects/plantsdb/result/result_imp/species/Adiantum_capillus-veneris/eggnog_work/Adiantum_capillus-veneris.emapper.hits
   /home/nizhu/Projects/plantsdb/result/result_imp/species/Adiantum_capillus-veneris/eggnog_work/Adiantum_capillus-veneris.emapper.seed_orthologs
   /home/nizhu/Projects/plantsdb/result/result_imp/species/Adiantum_capillus-veneris/eggnog_work/Adiantum_capillus-veneris.emapper.annotations

================================================================================
CITATION:
If you use this software, please cite:

[1] eggNOG-mapper v2: functional annotation, orthology assignments, and domain 
      prediction at the metagenomic scale. Carlos P. Cantalapiedra, 
      Ana Hernandez-Plaza, Ivica Letunic, Peer Bork, Jaime Huerta-Cepas. 2021.
      Molecular Biology and Evolution, msab293, https://doi.org/10.1093/molbev/msab293

[2] eggNOG 5.0: a hierarchical, functionally and phylogenetically annotated
      orthology resource based on 5090 organisms and 2502 viruses. Jaime
      Huerta-Cepas, Damian Szklarczyk, Davide Heller, Ana Hernandez-Plaza,
      Sofia K Forslund, Helen Cook, Daniel R Mende, Ivica Letunic, Thomas
      Rattei, Lars J Jensen, Christian von Mering and Peer Bork. Nucleic Acids
      Research, Volume 47, Issue D1, 8 January 2019, Pages D309-D314,
      https://doi.org/10.1093/nar/gky1085 

[3] MMseqs2 enables sensitive protein sequence searching for the analysis of massive data sets.
       Steinegger M & Söding J. 2017. Nat. Biotech. 35, 1026–1028. https://doi.org/10.1038/nbt.3988

e.g. Functional annotation was performed using eggNOG-mapper (version emapper-2.1.12-8b119d7) [1]
 based on eggNOG orthology data [2]. Sequence searches were performed using [3].

================================================================================

Total hits processed: 22800
Total time: 964 secs
FINISHED
[Aechmea_fasciata]
#  emapper-2.1.12-8b119d7
# emapper.py  -i /DATA/data2/downloads/IMP/Aechmea_fasciata/Aechmea_fasciata.prot.fasta -o /home/nizhu/Projects/plantsdb/result/result_imp/species/Aechmea_fasciata/eggnog_work/Aechmea_fasciata --data_dir /DATA/data2/emapperdb-5.0.2 -m mmseqs --cpu 40 --dbmem --tax_scope Viridiplantae --override --no_file_comments
[1;33m  /home/nizhu/software/miniforge3/envs/biotools/bin/mmseqs createdb '/DATA/data2/downloads/IMP/Aechmea_fasciata/Aechmea_fasciata.prot.fasta' '/home/nizhu/Projects/plantsdb/emappertmp_mmseqs_4dti92pq/1e31832d33e544aab5ba7fb0dc19d8c8' --dbtype 1[0m
[1;33m  /home/nizhu/software/miniforge3/envs/biotools/bin/mmseqs search -a true '/home/nizhu/Projects/plantsdb/emappertmp_mmseqs_4dti92pq/1e31832d33e544aab5ba7fb0dc19d8c8' '/DATA/data2/emapperdb-5.0.2/mmseqs/mmseqs.db' '/home/nizhu/Projects/plantsdb/emappertmp_mmseqs_4dti92pq/046703a3ce234d4499efa87b012400c3' '/home/nizhu/Projects/plantsdb/emappertmp_mmseqs_4dti92pq' --start-sens 3 --sens-steps 3 -s 7 --threads 40[0m
[1;33m  /home/nizhu/software/miniforge3/envs/biotools/bin/mmseqs filterdb '/home/nizhu/Projects/plantsdb/emappertmp_mmseqs_4dti92pq/046703a3ce234d4499efa87b012400c3' '/home/nizhu/Projects/plantsdb/emappertmp_mmseqs_4dti92pq/57579dca088b4d269afa9df09b136d83' --threads 40 --extract-lines 1 [0m
[1;33m  /home/nizhu/software/miniforge3/envs/biotools/bin/mmseqs convertalis '/home/nizhu/Projects/plantsdb/emappertmp_mmseqs_4dti92pq/1e31832d33e544aab5ba7fb0dc19d8c8' '/DATA/data2/emapperdb-5.0.2/mmseqs/mmseqs.db' '/home/nizhu/Projects/plantsdb/emappertmp_mmseqs_4dti92pq/57579dca088b4d269afa9df09b136d83' '/home/nizhu/Projects/plantsdb/emappertmp_mmseqs_4dti92pq/57579dca088b4d269afa9df09b136d83.m8' --threads 40 --format-output "query,target,pident,alnlen,qstart,qend,tstart,tend,evalue,bits,qcov,tcov"[0m
Loading source DB...
[31mWarning: this can take a few minutes and load up to 45GB to RAM. Using --dbmem is recommended to annotate a large number of sequences.[0m
[32mDone[0m
[1;33mResult files:[0m
   /home/nizhu/Projects/plantsdb/result/result_imp/species/Aechmea_fasciata/eggnog_work/Aechmea_fasciata.emapper.hits
   /home/nizhu/Projects/plantsdb/result/result_imp/species/Aechmea_fasciata/eggnog_work/Aechmea_fasciata.emapper.seed_orthologs
   /home/nizhu/Projects/plantsdb/result/result_imp/species/Aechmea_fasciata/eggnog_work/Aechmea_fasciata.emapper.annotations

================================================================================
CITATION:
If you use this software, please cite:

[1] eggNOG-mapper v2: functional annotation, orthology assignments, and domain 
      prediction at the metagenomic scale. Carlos P. Cantalapiedra, 
      Ana Hernandez-Plaza, Ivica Letunic, Peer Bork, Jaime Huerta-Cepas. 2021.
      Molecular Biology and Evolution, msab293, https://doi.org/10.1093/molbev/msab293

[2] eggNOG 5.0: a hierarchical, functionally and phylogenetically annotated
      orthology resource based on 5090 organisms and 2502 viruses. Jaime
      Huerta-Cepas, Damian Szklarczyk, Davide Heller, Ana Hernandez-Plaza,
      Sofia K Forslund, Helen Cook, Daniel R Mende, Ivica Letunic, Thomas
      Rattei, Lars J Jensen, Christian von Mering and Peer Bork. Nucleic Acids
      Research, Volume 47, Issue D1, 8 January 2019, Pages D309-D314,
      https://doi.org/10.1093/nar/gky1085 

[3] MMseqs2 enables sensitive protein sequence searching for the analysis of massive data sets.
       Steinegger M & Söding J. 2017. Nat. Biotech. 35, 1026–1028. https://doi.org/10.1038/nbt.3988

e.g. Functional annotation was performed using eggNOG-mapper (version emapper-2.1.12-8b119d7) [1]
 based on eggNOG orthology data [2]. Sequence searches were performed using [3].

================================================================================

Total hits processed: 28461
Total time: 1005 secs
FINISHED
[Aegiceras_corniculatum]
#  emapper-2.1.12-8b119d7
# emapper.py  -i /DATA/data2/downloads/IMP/Aegiceras_corniculatum/Aegiceras_corniculatum.prot.fasta -o /home/nizhu/Projects/plantsdb/result/result_imp/species/Aegiceras_corniculatum/eggnog_work/Aegiceras_corniculatum --data_dir /DATA/data2/emapperdb-5.0.2 -m mmseqs --cpu 40 --dbmem --tax_scope Viridiplantae --override --no_file_comments
[1;33m  /home/nizhu/software/miniforge3/envs/biotools/bin/mmseqs createdb '/DATA/data2/downloads/IMP/Aegiceras_corniculatum/Aegiceras_corniculatum.prot.fasta' '/home/nizhu/Projects/plantsdb/emappertmp_mmseqs_89wehjwi/f13efc0a55144b4287806c3c04cf4c59' --dbtype 1[0m
[1;33m  /home/nizhu/software/miniforge3/envs/biotools/bin/mmseqs search -a true '/home/nizhu/Projects/plantsdb/emappertmp_mmseqs_89wehjwi/f13efc0a55144b4287806c3c04cf4c59' '/DATA/data2/emapperdb-5.0.2/mmseqs/mmseqs.db' '/home/nizhu/Projects/plantsdb/emappertmp_mmseqs_89wehjwi/f5de23524b6d45e69b228d53ccf324df' '/home/nizhu/Projects/plantsdb/emappertmp_mmseqs_89wehjwi' --start-sens 3 --sens-steps 3 -s 7 --threads 40[0m
[1;33m  /home/nizhu/software/miniforge3/envs/biotools/bin/mmseqs filterdb '/home/nizhu/Projects/plantsdb/emappertmp_mmseqs_89wehjwi/f5de23524b6d45e69b228d53ccf324df' '/home/nizhu/Projects/plantsdb/emappertmp_mmseqs_89wehjwi/5a450b0d2d25403abec237310f6a45b7' --threads 40 --extract-lines 1 [0m
[1;33m  /home/nizhu/software/miniforge3/envs/biotools/bin/mmseqs convertalis '/home/nizhu/Projects/plantsdb/emappertmp_mmseqs_89wehjwi/f13efc0a55144b4287806c3c04cf4c59' '/DATA/data2/emapperdb-5.0.2/mmseqs/mmseqs.db' '/home/nizhu/Projects/plantsdb/emappertmp_mmseqs_89wehjwi/5a450b0d2d25403abec237310f6a45b7' '/home/nizhu/Projects/plantsdb/emappertmp_mmseqs_89wehjwi/5a450b0d2d25403abec237310f6a45b7.m8' --threads 40 --format-output "query,target,pident,alnlen,qstart,qend,tstart,tend,evalue,bits,qcov,tcov"[0m
Loading source DB...
[31mWarning: this can take a few minutes and load up to 45GB to RAM. Using --dbmem is recommended to annotate a large number of sequences.[0m
[32mDone[0m
[1;33mResult files:[0m
   /home/nizhu/Projects/plantsdb/result/result_imp/species/Aegiceras_corniculatum/eggnog_work/Aegiceras_corniculatum.emapper.hits
   /home/nizhu/Projects/plantsdb/result/result_imp/species/Aegiceras_corniculatum/eggnog_work/Aegiceras_corniculatum.emapper.seed_orthologs
   /home/nizhu/Projects/plantsdb/result/result_imp/species/Aegiceras_corniculatum/eggnog_work/Aegiceras_corniculatum.emapper.annotations

================================================================================
CITATION:
If you use this software, please cite:

[1] eggNOG-mapper v2: functional annotation, orthology assignments, and domain 
      prediction at the metagenomic scale. Carlos P. Cantalapiedra, 
      Ana Hernandez-Plaza, Ivica Letunic, Peer Bork, Jaime Huerta-Cepas. 2021.
      Molecular Biology and Evolution, msab293, https://doi.org/10.1093/molbev/msab293

[2] eggNOG 5.0: a hierarchical, functionally and phylogenetically annotated
      orthology resource based on 5090 organisms and 2502 viruses. Jaime
      Huerta-Cepas, Damian Szklarczyk, Davide Heller, Ana Hernandez-Plaza,
      Sofia K Forslund, Helen Cook, Daniel R Mende, Ivica Letunic, Thomas
      Rattei, Lars J Jensen, Christian von Mering and Peer Bork. Nucleic Acids
      Research, Volume 47, Issue D1, 8 January 2019, Pages D309-D314,
      https://doi.org/10.1093/nar/gky1085 

[3] MMseqs2 enables sensitive protein sequence searching for the analysis of massive data sets.
       Steinegger M & Söding J. 2017. Nat. Biotech. 35, 1026–1028. https://doi.org/10.1038/nbt.3988

e.g. Functional annotation was performed using eggNOG-mapper (version emapper-2.1.12-8b119d7) [1]
 based on eggNOG orthology data [2]. Sequence searches were performed using [3].

================================================================================

Total hits processed: 90865
Total time: 1948 secs
FINISHED
[Aegilops_bicornis]
  skip (done)
[Aegilops_longissima]
#  emapper-2.1.12-8b119d7
# emapper.py  -i /DATA/data2/downloads/IMP/Aegilops_longissima/Aegilops_longissima.prot.fasta -o /home/nizhu/Projects/plantsdb/result/result_imp/species/Aegilops_longissima/eggnog_work/Aegilops_longissima --data_dir /DATA/data2/emapperdb-5.0.2 -m mmseqs --cpu 40 --dbmem --tax_scope Viridiplantae --override --no_file_comments
[1;33m  /home/nizhu/software/miniforge3/envs/biotools/bin/mmseqs createdb '/DATA/data2/downloads/IMP/Aegilops_longissima/Aegilops_longissima.prot.fasta' '/home/nizhu/Projects/plantsdb/emappertmp_mmseqs_ldn4bz1m/f50a7dd78a034f018d3686c5c4c44aaf' --dbtype 1[0m
[1;33m  /home/nizhu/software/miniforge3/envs/biotools/bin/mmseqs search -a true '/home/nizhu/Projects/plantsdb/emappertmp_mmseqs_ldn4bz1m/f50a7dd78a034f018d3686c5c4c44aaf' '/DATA/data2/emapperdb-5.0.2/mmseqs/mmseqs.db' '/home/nizhu/Projects/plantsdb/emappertmp_mmseqs_ldn4bz1m/78d79b25746f4bfe90b5e6220ab93f57' '/home/nizhu/Projects/plantsdb/emappertmp_mmseqs_ldn4bz1m' --start-sens 3 --sens-steps 3 -s 7 --threads 40[0m
[1;33m  /home/nizhu/software/miniforge3/envs/biotools/bin/mmseqs filterdb '/home/nizhu/Projects/plantsdb/emappertmp_mmseqs_ldn4bz1m/78d79b25746f4bfe90b5e6220ab93f57' '/home/nizhu/Projects/plantsdb/emappertmp_mmseqs_ldn4bz1m/e49b51aca652409a98862b1c4f21ef6e' --threads 40 --extract-lines 1 [0m
[1;33m  /home/nizhu/software/miniforge3/envs/biotools/bin/mmseqs convertalis '/home/nizhu/Projects/plantsdb/emappertmp_mmseqs_ldn4bz1m/f50a7dd78a034f018d3686c5c4c44aaf' '/DATA/data2/emapperdb-5.0.2/mmseqs/mmseqs.db' '/home/nizhu/Projects/plantsdb/emappertmp_mmseqs_ldn4bz1m/e49b51aca652409a98862b1c4f21ef6e' '/home/nizhu/Projects/plantsdb/emappertmp_mmseqs_ldn4bz1m/e49b51aca652409a98862b1c4f21ef6e.m8' --threads 40 --format-output "query,target,pident,alnlen,qstart,qend,tstart,tend,evalue,bits,qcov,tcov"[0m
Loading source DB...
[31mWarning: this can take a few minutes and load up to 45GB to RAM. Using --dbmem is recommended to annotate a large number of sequences.[0m
[32mDone[0m
[1;33mResult files:[0m
   /home/nizhu/Projects/plantsdb/result/result_imp/species/Aegilops_longissima/eggnog_work/Aegilops_longissima.emapper.hits
   /home/nizhu/Projects/plantsdb/result/result_imp/species/Aegilops_longissima/eggnog_work/Aegilops_longissima.emapper.seed_orthologs
   /home/nizhu/Projects/plantsdb/result/result_imp/species/Aegilops_longissima/eggnog_work/Aegilops_longissima.emapper.annotations

================================================================================
CITATION:
If you use this software, please cite:

[1] eggNOG-mapper v2: functional annotation, orthology assignments, and domain 
      prediction at the metagenomic scale. Carlos P. Cantalapiedra, 
      Ana Hernandez-Plaza, Ivica Letunic, Peer Bork, Jaime Huerta-Cepas. 2021.
      Molecular Biology and Evolution, msab293, https://doi.org/10.1093/molbev/msab293

[2] eggNOG 5.0: a hierarchical, functionally and phylogenetically annotated
      orthology resource based on 5090 organisms and 2502 viruses. Jaime
      Huerta-Cepas, Damian Szklarczyk, Davide Heller, Ana Hernandez-Plaza,
      Sofia K Forslund, Helen Cook, Daniel R Mende, Ivica Letunic, Thomas
      Rattei, Lars J Jensen, Christian von Mering and Peer Bork. Nucleic Acids
      Research, Volume 47, Issue D1, 8 January 2019, Pages D309-D314,
      https://doi.org/10.1093/nar/gky1085 

[3] MMseqs2 enables sensitive protein sequence searching for the analysis of massive data sets.
       Steinegger M & Söding J. 2017. Nat. Biotech. 35, 1026–1028. https://doi.org/10.1038/nbt.3988

e.g. Functional annotation was performed using eggNOG-mapper (version emapper-2.1.12-8b119d7) [1]
 based on eggNOG orthology data [2]. Sequence searches were performed using [3].

================================================================================

Total hits processed: 148888
Total time: 2260 secs
FINISHED
[Aegilops_searsii]
#  emapper-2.1.12-8b119d7
# emapper.py  -i /DATA/data2/downloads/IMP/Aegilops_searsii/Aegilops_searsii.prot.fasta -o /home/nizhu/Projects/plantsdb/result/result_imp/species/Aegilops_searsii/eggnog_work/Aegilops_searsii --data_dir /DATA/data2/emapperdb-5.0.2 -m mmseqs --cpu 40 --dbmem --tax_scope Viridiplantae --override --no_file_comments
[1;33m  /home/nizhu/software/miniforge3/envs/biotools/bin/mmseqs createdb '/DATA/data2/downloads/IMP/Aegilops_searsii/Aegilops_searsii.prot.fasta' '/home/nizhu/Projects/plantsdb/emappertmp_mmseqs__fr90t9c/7d6f3492814d4fe5b5ecb7d3fb07d50c' --dbtype 1[0m
[1;33m  /home/nizhu/software/miniforge3/envs/biotools/bin/mmseqs search -a true '/home/nizhu/Projects/plantsdb/emappertmp_mmseqs__fr90t9c/7d6f3492814d4fe5b5ecb7d3fb07d50c' '/DATA/data2/emapperdb-5.0.2/mmseqs/mmseqs.db' '/home/nizhu/Projects/plantsdb/emappertmp_mmseqs__fr90t9c/feca2f1ccf5b4ad5820f0e217d7e72aa' '/home/nizhu/Projects/plantsdb/emappertmp_mmseqs__fr90t9c' --start-sens 3 --sens-steps 3 -s 7 --threads 40[0m
[1;33m  /home/nizhu/software/miniforge3/envs/biotools/bin/mmseqs filterdb '/home/nizhu/Projects/plantsdb/emappertmp_mmseqs__fr90t9c/feca2f1ccf5b4ad5820f0e217d7e72aa' '/home/nizhu/Projects/plantsdb/emappertmp_mmseqs__fr90t9c/d6b0b64960dd49048d66bacef415df81' --threads 40 --extract-lines 1 [0m
[1;33m  /home/nizhu/software/miniforge3/envs/biotools/bin/mmseqs convertalis '/home/nizhu/Projects/plantsdb/emappertmp_mmseqs__fr90t9c/7d6f3492814d4fe5b5ecb7d3fb07d50c' '/DATA/data2/emapperdb-5.0.2/mmseqs/mmseqs.db' '/home/nizhu/Projects/plantsdb/emappertmp_mmseqs__fr90t9c/d6b0b64960dd49048d66bacef415df81' '/home/nizhu/Projects/plantsdb/emappertmp_mmseqs__fr90t9c/d6b0b64960dd49048d66bacef415df81.m8' --threads 40 --format-output "query,target,pident,alnlen,qstart,qend,tstart,tend,evalue,bits,qcov,tcov"[0m
Loading source DB...
[31mWarning: this can take a few minutes and load up to 45GB to RAM. Using --dbmem is recommended to annotate a large number of sequences.[0m
[32mDone[0m
[1;33mResult files:[0m
   /home/nizhu/Projects/plantsdb/result/result_imp/species/Aegilops_searsii/eggnog_work/Aegilops_searsii.emapper.hits
   /home/nizhu/Projects/plantsdb/result/result_imp/species/Aegilops_searsii/eggnog_work/Aegilops_searsii.emapper.seed_orthologs
   /home/nizhu/Projects/plantsdb/result/result_imp/species/Aegilops_searsii/eggnog_work/Aegilops_searsii.emapper.annotations

================================================================================
CITATION:
If you use this software, please cite:

[1] eggNOG-mapper v2: functional annotation, orthology assignments, and domain 
      prediction at the metagenomic scale. Carlos P. Cantalapiedra, 
      Ana Hernandez-Plaza, Ivica Letunic, Peer Bork, Jaime Huerta-Cepas. 2021.
      Molecular Biology and Evolution, msab293, https://doi.org/10.1093/molbev/msab293

[2] eggNOG 5.0: a hierarchical, functionally and phylogenetically annotated
      orthology resource based on 5090 organisms and 2502 viruses. Jaime
      Huerta-Cepas, Damian Szklarczyk, Davide Heller, Ana Hernandez-Plaza,
      Sofia K Forslund, Helen Cook, Daniel R Mende, Ivica Letunic, Thomas
      Rattei, Lars J Jensen, Christian von Mering and Peer Bork. Nucleic Acids
      Research, Volume 47, Issue D1, 8 January 2019, Pages D309-D314,
      https://doi.org/10.1093/nar/gky1085 

[3] MMseqs2 enables sensitive protein sequence searching for the analysis of massive data sets.
       Steinegger M & Söding J. 2017. Nat. Biotech. 35, 1026–1028. https://doi.org/10.1038/nbt.3988

e.g. Functional annotation was performed using eggNOG-mapper (version emapper-2.1.12-8b119d7) [1]
 based on eggNOG orthology data [2]. Sequence searches were performed using [3].

================================================================================

Total hits processed: 183239
Total time: 2491 secs
FINISHED
[Aegilops_sharonensis]
#  emapper-2.1.12-8b119d7
# emapper.py  -i /DATA/data2/downloads/IMP/Aegilops_sharonensis/Aegilops_sharonensis.prot.fasta -o /home/nizhu/Projects/plantsdb/result/result_imp/species/Aegilops_sharonensis/eggnog_work/Aegilops_sharonensis --data_dir /DATA/data2/emapperdb-5.0.2 -m mmseqs --cpu 40 --dbmem --tax_scope Viridiplantae --override --no_file_comments
[1;33m  /home/nizhu/software/miniforge3/envs/biotools/bin/mmseqs createdb '/DATA/data2/downloads/IMP/Aegilops_sharonensis/Aegilops_sharonensis.prot.fasta' '/home/nizhu/Projects/plantsdb/emappertmp_mmseqs_yvm7mnt8/f9d2f78acd1f4a718f6d55ba2bb8ae0c' --dbtype 1[0m
[1;33m  /home/nizhu/software/miniforge3/envs/biotools/bin/mmseqs search -a true '/home/nizhu/Projects/plantsdb/emappertmp_mmseqs_yvm7mnt8/f9d2f78acd1f4a718f6d55ba2bb8ae0c' '/DATA/data2/emapperdb-5.0.2/mmseqs/mmseqs.db' '/home/nizhu/Projects/plantsdb/emappertmp_mmseqs_yvm7mnt8/8ade56d063d446ef86c0675f5bb556ea' '/home/nizhu/Projects/plantsdb/emappertmp_mmseqs_yvm7mnt8' --start-sens 3 --sens-steps 3 -s 7 --threads 40[0m
[1;33m  /home/nizhu/software/miniforge3/envs/biotools/bin/mmseqs filterdb '/home/nizhu/Projects/plantsdb/emappertmp_mmseqs_yvm7mnt8/8ade56d063d446ef86c0675f5bb556ea' '/home/nizhu/Projects/plantsdb/emappertmp_mmseqs_yvm7mnt8/c80229f18d23489a8c4ae5697d68efc6' --threads 40 --extract-lines 1 [0m
[1;33m  /home/nizhu/software/miniforge3/envs/biotools/bin/mmseqs convertalis '/home/nizhu/Projects/plantsdb/emappertmp_mmseqs_yvm7mnt8/f9d2f78acd1f4a718f6d55ba2bb8ae0c' '/DATA/data2/emapperdb-5.0.2/mmseqs/mmseqs.db' '/home/nizhu/Projects/plantsdb/emappertmp_mmseqs_yvm7mnt8/c80229f18d23489a8c4ae5697d68efc6' '/home/nizhu/Projects/plantsdb/emappertmp_mmseqs_yvm7mnt8/c80229f18d23489a8c4ae5697d68efc6.m8' --threads 40 --format-output "query,target,pident,alnlen,qstart,qend,tstart,tend,evalue,bits,qcov,tcov"[0m
Loading source DB...
[31mWarning: this can take a few minutes and load up to 45GB to RAM. Using --dbmem is recommended to annotate a large number of sequences.[0m
[32mDone[0m
[1;33mResult files:[0m
   /home/nizhu/Projects/plantsdb/result/result_imp/species/Aegilops_sharonensis/eggnog_work/Aegilops_sharonensis.emapper.hits
   /home/nizhu/Projects/plantsdb/result/result_imp/species/Aegilops_sharonensis/eggnog_work/Aegilops_sharonensis.emapper.seed_orthologs
   /home/nizhu/Projects/plantsdb/result/result_imp/species/Aegilops_sharonensis/eggnog_work/Aegilops_sharonensis.emapper.annotations

================================================================================
CITATION:
If you use this software, please cite:

[1] eggNOG-mapper v2: functional annotation, orthology assignments, and domain 
      prediction at the metagenomic scale. Carlos P. Cantalapiedra, 
      Ana Hernandez-Plaza, Ivica Letunic, Peer Bork, Jaime Huerta-Cepas. 2021.
      Molecular Biology and Evolution, msab293, https://doi.org/10.1093/molbev/msab293

[2] eggNOG 5.0: a hierarchical, functionally and phylogenetically annotated
      orthology resource based on 5090 organisms and 2502 viruses. Jaime
      Huerta-Cepas, Damian Szklarczyk, Davide Heller, Ana Hernandez-Plaza,
      Sofia K Forslund, Helen Cook, Daniel R Mende, Ivica Letunic, Thomas
      Rattei, Lars J Jensen, Christian von Mering and Peer Bork. Nucleic Acids
      Research, Volume 47, Issue D1, 8 January 2019, Pages D309-D314,
      https://doi.org/10.1093/nar/gky1085 

[3] MMseqs2 enables sensitive protein sequence searching for the analysis of massive data sets.
       Steinegger M & Söding J. 2017. Nat. Biotech. 35, 1026–1028. https://doi.org/10.1038/nbt.3988

e.g. Functional annotation was performed using eggNOG-mapper (version emapper-2.1.12-8b119d7) [1]
 based on eggNOG orthology data [2]. Sequence searches were performed using [3].

================================================================================

Total hits processed: 191390
Total time: 2269 secs
FINISHED
[Aegilops_speltoides]
#  emapper-2.1.12-8b119d7
# emapper.py  -i /DATA/data2/downloads/IMP/Aegilops_speltoides/Aegilops_speltoides.prot.fasta -o /home/nizhu/Projects/plantsdb/result/result_imp/species/Aegilops_speltoides/eggnog_work/Aegilops_speltoides --data_dir /DATA/data2/emapperdb-5.0.2 -m mmseqs --cpu 40 --dbmem --tax_scope Viridiplantae --override --no_file_comments
[1;33m  /home/nizhu/software/miniforge3/envs/biotools/bin/mmseqs createdb '/DATA/data2/downloads/IMP/Aegilops_speltoides/Aegilops_speltoides.prot.fasta' '/home/nizhu/Projects/plantsdb/emappertmp_mmseqs__6wobcl8/9ac803ea0a3f4a0d83b996ac95528962' --dbtype 1[0m
[1;33m  /home/nizhu/software/miniforge3/envs/biotools/bin/mmseqs search -a true '/home/nizhu/Projects/plantsdb/emappertmp_mmseqs__6wobcl8/9ac803ea0a3f4a0d83b996ac95528962' '/DATA/data2/emapperdb-5.0.2/mmseqs/mmseqs.db' '/home/nizhu/Projects/plantsdb/emappertmp_mmseqs__6wobcl8/18830815652d4d24997e82cdcc93754a' '/home/nizhu/Projects/plantsdb/emappertmp_mmseqs__6wobcl8' --start-sens 3 --sens-steps 3 -s 7 --threads 40[0m
[1;33m  /home/nizhu/software/miniforge3/envs/biotools/bin/mmseqs filterdb '/home/nizhu/Projects/plantsdb/emappertmp_mmseqs__6wobcl8/18830815652d4d24997e82cdcc93754a' '/home/nizhu/Projects/plantsdb/emappertmp_mmseqs__6wobcl8/9d9feed6bac84fefa0e9d8189e6698db' --threads 40 --extract-lines 1 [0m
[1;33m  /home/nizhu/software/miniforge3/envs/biotools/bin/mmseqs convertalis '/home/nizhu/Projects/plantsdb/emappertmp_mmseqs__6wobcl8/9ac803ea0a3f4a0d83b996ac95528962' '/DATA/data2/emapperdb-5.0.2/mmseqs/mmseqs.db' '/home/nizhu/Projects/plantsdb/emappertmp_mmseqs__6wobcl8/9d9feed6bac84fefa0e9d8189e6698db' '/home/nizhu/Projects/plantsdb/emappertmp_mmseqs__6wobcl8/9d9feed6bac84fefa0e9d8189e6698db.m8' --threads 40 --format-output "query,target,pident,alnlen,qstart,qend,tstart,tend,evalue,bits,qcov,tcov"[0m
Loading source DB...
[31mWarning: this can take a few minutes and load up to 45GB to RAM. Using --dbmem is recommended to annotate a large number of sequences.[0m
[32mDone[0m
[1;33mResult files:[0m
   /home/nizhu/Projects/plantsdb/result/result_imp/species/Aegilops_speltoides/eggnog_work/Aegilops_speltoides.emapper.hits
   /home/nizhu/Projects/plantsdb/result/result_imp/species/Aegilops_speltoides/eggnog_work/Aegilops_speltoides.emapper.seed_orthologs
   /home/nizhu/Projects/plantsdb/result/result_imp/species/Aegilops_speltoides/eggnog_work/Aegilops_speltoides.emapper.annotations

================================================================================
CITATION:
If you use this software, please cite:

[1] eggNOG-mapper v2: functional annotation, orthology assignments, and domain 
      prediction at the metagenomic scale. Carlos P. Cantalapiedra, 
      Ana Hernandez-Plaza, Ivica Letunic, Peer Bork, Jaime Huerta-Cepas. 2021.
      Molecular Biology and Evolution, msab293, https://doi.org/10.1093/molbev/msab293

[2] eggNOG 5.0: a hierarchical, functionally and phylogenetically annotated
      orthology resource based on 5090 organisms and 2502 viruses. Jaime
      Huerta-Cepas, Damian Szklarczyk, Davide Heller, Ana Hernandez-Plaza,
      Sofia K Forslund, Helen Cook, Daniel R Mende, Ivica Letunic, Thomas
      Rattei, Lars J Jensen, Christian von Mering and Peer Bork. Nucleic Acids
      Research, Volume 47, Issue D1, 8 January 2019, Pages D309-D314,
      https://doi.org/10.1093/nar/gky1085 

[3] MMseqs2 enables sensitive protein sequence searching for the analysis of massive data sets.
       Steinegger M & Söding J. 2017. Nat. Biotech. 35, 1026–1028. https://doi.org/10.1038/nbt.3988

e.g. Functional annotation was performed using eggNOG-mapper (version emapper-2.1.12-8b119d7) [1]
 based on eggNOG orthology data [2]. Sequence searches were performed using [3].

================================================================================

Total hits processed: 166737
Total time: 2238 secs
FINISHED
[Aegilops_tauschii]
#  emapper-2.1.12-8b119d7
# emapper.py  -i /DATA/data2/downloads/IMP/Aegilops_tauschii/Aegilops_tauschii.prot.fasta -o /home/nizhu/Projects/plantsdb/result/result_imp/species/Aegilops_tauschii/eggnog_work/Aegilops_tauschii --data_dir /DATA/data2/emapperdb-5.0.2 -m mmseqs --cpu 40 --dbmem --tax_scope Viridiplantae --override --no_file_comments
[1;33m  /home/nizhu/software/miniforge3/envs/biotools/bin/mmseqs createdb '/DATA/data2/downloads/IMP/Aegilops_tauschii/Aegilops_tauschii.prot.fasta' '/home/nizhu/Projects/plantsdb/emappertmp_mmseqs_g03n4ys9/7859699f5ac044f4868112eeff843890' --dbtype 1[0m
[1;33m  /home/nizhu/software/miniforge3/envs/biotools/bin/mmseqs search -a true '/home/nizhu/Projects/plantsdb/emappertmp_mmseqs_g03n4ys9/7859699f5ac044f4868112eeff843890' '/DATA/data2/emapperdb-5.0.2/mmseqs/mmseqs.db' '/home/nizhu/Projects/plantsdb/emappertmp_mmseqs_g03n4ys9/3ff21f988c2e42b9a9b79cf27da3b8e9' '/home/nizhu/Projects/plantsdb/emappertmp_mmseqs_g03n4ys9' --start-sens 3 --sens-steps 3 -s 7 --threads 40[0m
[1;33m  /home/nizhu/software/miniforge3/envs/biotools/bin/mmseqs filterdb '/home/nizhu/Projects/plantsdb/emappertmp_mmseqs_g03n4ys9/3ff21f988c2e42b9a9b79cf27da3b8e9' '/home/nizhu/Projects/plantsdb/emappertmp_mmseqs_g03n4ys9/3d96ba8fbea84121beefcc01694be29e' --threads 40 --extract-lines 1 [0m
[1;33m  /home/nizhu/software/miniforge3/envs/biotools/bin/mmseqs convertalis '/home/nizhu/Projects/plantsdb/emappertmp_mmseqs_g03n4ys9/7859699f5ac044f4868112eeff843890' '/DATA/data2/emapperdb-5.0.2/mmseqs/mmseqs.db' '/home/nizhu/Projects/plantsdb/emappertmp_mmseqs_g03n4ys9/3d96ba8fbea84121beefcc01694be29e' '/home/nizhu/Projects/plantsdb/emappertmp_mmseqs_g03n4ys9/3d96ba8fbea84121beefcc01694be29e.m8' --threads 40 --format-output "query,target,pident,alnlen,qstart,qend,tstart,tend,evalue,bits,qcov,tcov"[0m
Loading source DB...
[31mWarning: this can take a few minutes and load up to 45GB to RAM. Using --dbmem is recommended to annotate a large number of sequences.[0m
[32mDone[0m
[1;33mResult files:[0m
   /home/nizhu/Projects/plantsdb/result/result_imp/species/Aegilops_tauschii/eggnog_work/Aegilops_tauschii.emapper.hits
   /home/nizhu/Projects/plantsdb/result/result_imp/species/Aegilops_tauschii/eggnog_work/Aegilops_tauschii.emapper.seed_orthologs
   /home/nizhu/Projects/plantsdb/result/result_imp/species/Aegilops_tauschii/eggnog_work/Aegilops_tauschii.emapper.annotations

================================================================================
CITATION:
If you use this software, please cite:

[1] eggNOG-mapper v2: functional annotation, orthology assignments, and domain 
      prediction at the metagenomic scale. Carlos P. Cantalapiedra, 
      Ana Hernandez-Plaza, Ivica Letunic, Peer Bork, Jaime Huerta-Cepas. 2021.
      Molecular Biology and Evolution, msab293, https://doi.org/10.1093/molbev/msab293

[2] eggNOG 5.0: a hierarchical, functionally and phylogenetically annotated
      orthology resource based on 5090 organisms and 2502 viruses. Jaime
      Huerta-Cepas, Damian Szklarczyk, Davide Heller, Ana Hernandez-Plaza,
      Sofia K Forslund, Helen Cook, Daniel R Mende, Ivica Letunic, Thomas
      Rattei, Lars J Jensen, Christian von Mering and Peer Bork. Nucleic Acids
      Research, Volume 47, Issue D1, 8 January 2019, Pages D309-D314,
      https://doi.org/10.1093/nar/gky1085 

[3] MMseqs2 enables sensitive protein sequence searching for the analysis of massive data sets.
       Steinegger M & Söding J. 2017. Nat. Biotech. 35, 1026–1028. https://doi.org/10.1038/nbt.3988

e.g. Functional annotation was performed using eggNOG-mapper (version emapper-2.1.12-8b119d7) [1]
 based on eggNOG orthology data [2]. Sequence searches were performed using [3].

================================================================================

Total hits processed: 54290
Total time: 1383 secs
FINISHED
[Aeschynomene_evenia]
#  emapper-2.1.12-8b119d7
# emapper.py  -i /DATA/data2/downloads/IMP/Aeschynomene_evenia/Aeschynomene_evenia.prot.fasta -o /home/nizhu/Projects/plantsdb/result/result_imp/species/Aeschynomene_evenia/eggnog_work/Aeschynomene_evenia --data_dir /DATA/data2/emapperdb-5.0.2 -m mmseqs --cpu 40 --dbmem --tax_scope Viridiplantae --override --no_file_comments
[1;33m  /home/nizhu/software/miniforge3/envs/biotools/bin/mmseqs createdb '/DATA/data2/downloads/IMP/Aeschynomene_evenia/Aeschynomene_evenia.prot.fasta' '/home/nizhu/Projects/plantsdb/emappertmp_mmseqs_img592sd/94ffd9c4d638426b8ed8bc10a73c9825' --dbtype 1[0m
[1;33m  /home/nizhu/software/miniforge3/envs/biotools/bin/mmseqs search -a true '/home/nizhu/Projects/plantsdb/emappertmp_mmseqs_img592sd/94ffd9c4d638426b8ed8bc10a73c9825' '/DATA/data2/emapperdb-5.0.2/mmseqs/mmseqs.db' '/home/nizhu/Projects/plantsdb/emappertmp_mmseqs_img592sd/777b3c508c2947309ac648417d173da0' '/home/nizhu/Projects/plantsdb/emappertmp_mmseqs_img592sd' --start-sens 3 --sens-steps 3 -s 7 --threads 40[0m
[1;33m  /home/nizhu/software/miniforge3/envs/biotools/bin/mmseqs filterdb '/home/nizhu/Projects/plantsdb/emappertmp_mmseqs_img592sd/777b3c508c2947309ac648417d173da0' '/home/nizhu/Projects/plantsdb/emappertmp_mmseqs_img592sd/6bb00adc22fd417b801424386b783bc9' --threads 40 --extract-lines 1 [0m
[1;33m  /home/nizhu/software/miniforge3/envs/biotools/bin/mmseqs convertalis '/home/nizhu/Projects/plantsdb/emappertmp_mmseqs_img592sd/94ffd9c4d638426b8ed8bc10a73c9825' '/DATA/data2/emapperdb-5.0.2/mmseqs/mmseqs.db' '/home/nizhu/Projects/plantsdb/emappertmp_mmseqs_img592sd/6bb00adc22fd417b801424386b783bc9' '/home/nizhu/Projects/plantsdb/emappertmp_mmseqs_img592sd/6bb00adc22fd417b801424386b783bc9.m8' --threads 40 --format-output "query,target,pident,alnlen,qstart,qend,tstart,tend,evalue,bits,qcov,tcov"[0m
Loading source DB...
[31mWarning: this can take a few minutes and load up to 45GB to RAM. Using --dbmem is recommended to annotate a large number of sequences.[0m
[32mDone[0m
[1;33mResult files:[0m
   /home/nizhu/Projects/plantsdb/result/result_imp/species/Aeschynomene_evenia/eggnog_work/Aeschynomene_evenia.emapper.hits
   /home/nizhu/Projects/plantsdb/result/result_imp/species/Aeschynomene_evenia/eggnog_work/Aeschynomene_evenia.emapper.seed_orthologs
   /home/nizhu/Projects/plantsdb/result/result_imp/species/Aeschynomene_evenia/eggnog_work/Aeschynomene_evenia.emapper.annotations

================================================================================
CITATION:
If you use this software, please cite:

[1] eggNOG-mapper v2: functional annotation, orthology assignments, and domain 
      prediction at the metagenomic scale. Carlos P. Cantalapiedra, 
      Ana Hernandez-Plaza, Ivica Letunic, Peer Bork, Jaime Huerta-Cepas. 2021.
      Molecular Biology and Evolution, msab293, https://doi.org/10.1093/molbev/msab293

[2] eggNOG 5.0: a hierarchical, functionally and phylogenetically annotated
      orthology resource based on 5090 organisms and 2502 viruses. Jaime
      Huerta-Cepas, Damian Szklarczyk, Davide Heller, Ana Hernandez-Plaza,
      Sofia K Forslund, Helen Cook, Daniel R Mende, Ivica Letunic, Thomas
      Rattei, Lars J Jensen, Christian von Mering and Peer Bork. Nucleic Acids
      Research, Volume 47, Issue D1, 8 January 2019, Pages D309-D314,
      https://doi.org/10.1093/nar/gky1085 

[3] MMseqs2 enables sensitive protein sequence searching for the analysis of massive data sets.
       Steinegger M & Söding J. 2017. Nat. Biotech. 35, 1026–1028. https://doi.org/10.1038/nbt.3988

e.g. Functional annotation was performed using eggNOG-mapper (version emapper-2.1.12-8b119d7) [1]
 based on eggNOG orthology data [2]. Sequence searches were performed using [3].

================================================================================

Total hits processed: 45059
Total time: 1115 secs
FINISHED
[Aesculus_chinensis]
#  emapper-2.1.12-8b119d7
# emapper.py  -i /DATA/data2/downloads/IMP/Aesculus_chinensis/Aesculus_chinensis.prot.fasta -o /home/nizhu/Projects/plantsdb/result/result_imp/species/Aesculus_chinensis/eggnog_work/Aesculus_chinensis --data_dir /DATA/data2/emapperdb-5.0.2 -m mmseqs --cpu 40 --dbmem --tax_scope Viridiplantae --override --no_file_comments
[1;33m  /home/nizhu/software/miniforge3/envs/biotools/bin/mmseqs createdb '/DATA/data2/downloads/IMP/Aesculus_chinensis/Aesculus_chinensis.prot.fasta' '/home/nizhu/Projects/plantsdb/emappertmp_mmseqs_tszf_m73/eca745a9444346d0be75288a06546654' --dbtype 1[0m
[1;33m  /home/nizhu/software/miniforge3/envs/biotools/bin/mmseqs search -a true '/home/nizhu/Projects/plantsdb/emappertmp_mmseqs_tszf_m73/eca745a9444346d0be75288a06546654' '/DATA/data2/emapperdb-5.0.2/mmseqs/mmseqs.db' '/home/nizhu/Projects/plantsdb/emappertmp_mmseqs_tszf_m73/a8775bf28e824b509d8f0765e9ff5167' '/home/nizhu/Projects/plantsdb/emappertmp_mmseqs_tszf_m73' --start-sens 3 --sens-steps 3 -s 7 --threads 40[0m
[1;33m  /home/nizhu/software/miniforge3/envs/biotools/bin/mmseqs filterdb '/home/nizhu/Projects/plantsdb/emappertmp_mmseqs_tszf_m73/a8775bf28e824b509d8f0765e9ff5167' '/home/nizhu/Projects/plantsdb/emappertmp_mmseqs_tszf_m73/56682340273f4cd09b1d99cc4f1ddd9f' --threads 40 --extract-lines 1 [0m
[1;33m  /home/nizhu/software/miniforge3/envs/biotools/bin/mmseqs convertalis '/home/nizhu/Projects/plantsdb/emappertmp_mmseqs_tszf_m73/eca745a9444346d0be75288a06546654' '/DATA/data2/emapperdb-5.0.2/mmseqs/mmseqs.db' '/home/nizhu/Projects/plantsdb/emappertmp_mmseqs_tszf_m73/56682340273f4cd09b1d99cc4f1ddd9f' '/home/nizhu/Projects/plantsdb/emappertmp_mmseqs_tszf_m73/56682340273f4cd09b1d99cc4f1ddd9f.m8' --threads 40 --format-output "query,target,pident,alnlen,qstart,qend,tstart,tend,evalue,bits,qcov,tcov"[0m
Loading source DB...
[31mWarning: this can take a few minutes and load up to 45GB to RAM. Using --dbmem is recommended to annotate a large number of sequences.[0m
[32mDone[0m
[1;33mResult files:[0m
   /home/nizhu/Projects/plantsdb/result/result_imp/species/Aesculus_chinensis/eggnog_work/Aesculus_chinensis.emapper.hits
   /home/nizhu/Projects/plantsdb/result/result_imp/species/Aesculus_chinensis/eggnog_work/Aesculus_chinensis.emapper.seed_orthologs
   /home/nizhu/Projects/plantsdb/result/result_imp/species/Aesculus_chinensis/eggnog_work/Aesculus_chinensis.emapper.annotations

================================================================================
CITATION:
If you use this software, please cite:

[1] eggNOG-mapper v2: functional annotation, orthology assignments, and domain 
      prediction at the metagenomic scale. Carlos P. Cantalapiedra, 
      Ana Hernandez-Plaza, Ivica Letunic, Peer Bork, Jaime Huerta-Cepas. 2021.
      Molecular Biology and Evolution, msab293, https://doi.org/10.1093/molbev/msab293

[2] eggNOG 5.0: a hierarchical, functionally and phylogenetically annotated
      orthology resource based on 5090 organisms and 2502 viruses. Jaime
      Huerta-Cepas, Damian Szklarczyk, Davide Heller, Ana Hernandez-Plaza,
      Sofia K Forslund, Helen Cook, Daniel R Mende, Ivica Letunic, Thomas
      Rattei, Lars J Jensen, Christian von Mering and Peer Bork. Nucleic Acids
      Research, Volume 47, Issue D1, 8 January 2019, Pages D309-D314,
      https://doi.org/10.1093/nar/gky1085 

[3] MMseqs2 enables sensitive protein sequence searching for the analysis of massive data sets.
       Steinegger M & Söding J. 2017. Nat. Biotech. 35, 1026–1028. https://doi.org/10.1038/nbt.3988

e.g. Functional annotation was performed using eggNOG-mapper (version emapper-2.1.12-8b119d7) [1]
 based on eggNOG orthology data [2]. Sequence searches were performed using [3].

================================================================================

Total hits processed: 35578
Total time: 914 secs
FINISHED
[Aethionema_arabicum]
#  emapper-2.1.12-8b119d7
# emapper.py  -i /DATA/data2/downloads/IMP/Aethionema_arabicum/Aethionema_arabicum.prot.fasta -o /home/nizhu/Projects/plantsdb/result/result_imp/species/Aethionema_arabicum/eggnog_work/Aethionema_arabicum --data_dir /DATA/data2/emapperdb-5.0.2 -m mmseqs --cpu 40 --dbmem --tax_scope Viridiplantae --override --no_file_comments
[1;33m  /home/nizhu/software/miniforge3/envs/biotools/bin/mmseqs createdb '/DATA/data2/downloads/IMP/Aethionema_arabicum/Aethionema_arabicum.prot.fasta' '/home/nizhu/Projects/plantsdb/emappertmp_mmseqs_3klc4tio/c00b220cea714a858fed6888b3d17abe' --dbtype 1[0m
[1;33m  /home/nizhu/software/miniforge3/envs/biotools/bin/mmseqs search -a true '/home/nizhu/Projects/plantsdb/emappertmp_mmseqs_3klc4tio/c00b220cea714a858fed6888b3d17abe' '/DATA/data2/emapperdb-5.0.2/mmseqs/mmseqs.db' '/home/nizhu/Projects/plantsdb/emappertmp_mmseqs_3klc4tio/b2109cd5b82b438e95c5f4dc07b4aca8' '/home/nizhu/Projects/plantsdb/emappertmp_mmseqs_3klc4tio' --start-sens 3 --sens-steps 3 -s 7 --threads 40[0m
[1;33m  /home/nizhu/software/miniforge3/envs/biotools/bin/mmseqs filterdb '/home/nizhu/Projects/plantsdb/emappertmp_mmseqs_3klc4tio/b2109cd5b82b438e95c5f4dc07b4aca8' '/home/nizhu/Projects/plantsdb/emappertmp_mmseqs_3klc4tio/a07d19a92e924e62b80437107833275f' --threads 40 --extract-lines 1 [0m
[1;33m  /home/nizhu/software/miniforge3/envs/biotools/bin/mmseqs convertalis '/home/nizhu/Projects/plantsdb/emappertmp_mmseqs_3klc4tio/c00b220cea714a858fed6888b3d17abe' '/DATA/data2/emapperdb-5.0.2/mmseqs/mmseqs.db' '/home/nizhu/Projects/plantsdb/emappertmp_mmseqs_3klc4tio/a07d19a92e924e62b80437107833275f' '/home/nizhu/Projects/plantsdb/emappertmp_mmseqs_3klc4tio/a07d19a92e924e62b80437107833275f.m8' --threads 40 --format-output "query,target,pident,alnlen,qstart,qend,tstart,tend,evalue,bits,qcov,tcov"[0m
Loading source DB...
[31mWarning: this can take a few minutes and load up to 45GB to RAM. Using --dbmem is recommended to annotate a large number of sequences.[0m
[32mDone[0m
[1;33mResult files:[0m
   /home/nizhu/Projects/plantsdb/result/result_imp/species/Aethionema_arabicum/eggnog_work/Aethionema_arabicum.emapper.hits
   /home/nizhu/Projects/plantsdb/result/result_imp/species/Aethionema_arabicum/eggnog_work/Aethionema_arabicum.emapper.seed_orthologs
   /home/nizhu/Projects/plantsdb/result/result_imp/species/Aethionema_arabicum/eggnog_work/Aethionema_arabicum.emapper.annotations

================================================================================
CITATION:
If you use this software, please cite:

[1] eggNOG-mapper v2: functional annotation, orthology assignments, and domain 
      prediction at the metagenomic scale. Carlos P. Cantalapiedra, 
      Ana Hernandez-Plaza, Ivica Letunic, Peer Bork, Jaime Huerta-Cepas. 2021.
      Molecular Biology and Evolution, msab293, https://doi.org/10.1093/molbev/msab293

[2] eggNOG 5.0: a hierarchical, functionally and phylogenetically annotated
      orthology resource based on 5090 organisms and 2502 viruses. Jaime
      Huerta-Cepas, Damian Szklarczyk, Davide Heller, Ana Hernandez-Plaza,
      Sofia K Forslund, Helen Cook, Daniel R Mende, Ivica Letunic, Thomas
      Rattei, Lars J Jensen, Christian von Mering and Peer Bork. Nucleic Acids
      Research, Volume 47, Issue D1, 8 January 2019, Pages D309-D314,
      https://doi.org/10.1093/nar/gky1085 

[3] MMseqs2 enables sensitive protein sequence searching for the analysis of massive data sets.
       Steinegger M & Söding J. 2017. Nat. Biotech. 35, 1026–1028. https://doi.org/10.1038/nbt.3988

e.g. Functional annotation was performed using eggNOG-mapper (version emapper-2.1.12-8b119d7) [1]
 based on eggNOG orthology data [2]. Sequence searches were performed using [3].

================================================================================

Total hits processed: 31577
Total time: 954 secs
FINISHED
[Agastache_rugosa]
#  emapper-2.1.12-8b119d7
# emapper.py  -i /DATA/data2/downloads/IMP/Agastache_rugosa/Agastache_rugosa.prot.fasta -o /home/nizhu/Projects/plantsdb/result/result_imp/species/Agastache_rugosa/eggnog_work/Agastache_rugosa --data_dir /DATA/data2/emapperdb-5.0.2 -m mmseqs --cpu 40 --dbmem --tax_scope Viridiplantae --override --no_file_comments
[1;33m  /home/nizhu/software/miniforge3/envs/biotools/bin/mmseqs createdb '/DATA/data2/downloads/IMP/Agastache_rugosa/Agastache_rugosa.prot.fasta' '/home/nizhu/Projects/plantsdb/emappertmp_mmseqs_harw3aiu/14d6638f17e04151be733cdf3f5f04ca' --dbtype 1[0m
[1;33m  /home/nizhu/software/miniforge3/envs/biotools/bin/mmseqs search -a true '/home/nizhu/Projects/plantsdb/emappertmp_mmseqs_harw3aiu/14d6638f17e04151be733cdf3f5f04ca' '/DATA/data2/emapperdb-5.0.2/mmseqs/mmseqs.db' '/home/nizhu/Projects/plantsdb/emappertmp_mmseqs_harw3aiu/1954b13d481241a189d584702175fee9' '/home/nizhu/Projects/plantsdb/emappertmp_mmseqs_harw3aiu' --start-sens 3 --sens-steps 3 -s 7 --threads 40[0m
[1;33m  /home/nizhu/software/miniforge3/envs/biotools/bin/mmseqs filterdb '/home/nizhu/Projects/plantsdb/emappertmp_mmseqs_harw3aiu/1954b13d481241a189d584702175fee9' '/home/nizhu/Projects/plantsdb/emappertmp_mmseqs_harw3aiu/2b6f800f5ee94e4bbf0b1f4c5baa1b43' --threads 40 --extract-lines 1 [0m
[1;33m  /home/nizhu/software/miniforge3/envs/biotools/bin/mmseqs convertalis '/home/nizhu/Projects/plantsdb/emappertmp_mmseqs_harw3aiu/14d6638f17e04151be733cdf3f5f04ca' '/DATA/data2/emapperdb-5.0.2/mmseqs/mmseqs.db' '/home/nizhu/Projects/plantsdb/emappertmp_mmseqs_harw3aiu/2b6f800f5ee94e4bbf0b1f4c5baa1b43' '/home/nizhu/Projects/plantsdb/emappertmp_mmseqs_harw3aiu/2b6f800f5ee94e4bbf0b1f4c5baa1b43.m8' --threads 40 --format-output "query,target,pident,alnlen,qstart,qend,tstart,tend,evalue,bits,qcov,tcov"[0m
Loading source DB...
[31mWarning: this can take a few minutes and load up to 45GB to RAM. Using --dbmem is recommended to annotate a large number of sequences.[0m
[32mDone[0m
[1;33mResult files:[0m
   /home/nizhu/Projects/plantsdb/result/result_imp/species/Agastache_rugosa/eggnog_work/Agastache_rugosa.emapper.hits
   /home/nizhu/Projects/plantsdb/result/result_imp/species/Agastache_rugosa/eggnog_work/Agastache_rugosa.emapper.seed_orthologs
   /home/nizhu/Projects/plantsdb/result/result_imp/species/Agastache_rugosa/eggnog_work/Agastache_rugosa.emapper.annotations

================================================================================
CITATION:
If you use this software, please cite:

[1] eggNOG-mapper v2: functional annotation, orthology assignments, and domain 
      prediction at the metagenomic scale. Carlos P. Cantalapiedra, 
      Ana Hernandez-Plaza, Ivica Letunic, Peer Bork, Jaime Huerta-Cepas. 2021.
      Molecular Biology and Evolution, msab293, https://doi.org/10.1093/molbev/msab293

[2] eggNOG 5.0: a hierarchical, functionally and phylogenetically annotated
      orthology resource based on 5090 organisms and 2502 viruses. Jaime
      Huerta-Cepas, Damian Szklarczyk, Davide Heller, Ana Hernandez-Plaza,
      Sofia K Forslund, Helen Cook, Daniel R Mende, Ivica Letunic, Thomas
      Rattei, Lars J Jensen, Christian von Mering and Peer Bork. Nucleic Acids
      Research, Volume 47, Issue D1, 8 January 2019, Pages D309-D314,
      https://doi.org/10.1093/nar/gky1085 

[3] MMseqs2 enables sensitive protein sequence searching for the analysis of massive data sets.
       Steinegger M & Söding J. 2017. Nat. Biotech. 35, 1026–1028. https://doi.org/10.1038/nbt.3988

e.g. Functional annotation was performed using eggNOG-mapper (version emapper-2.1.12-8b119d7) [1]
 based on eggNOG orthology data [2]. Sequence searches were performed using [3].

================================================================================

Total hits processed: 44318
Total time: 1117 secs
FINISHED
[Agave_tequilana_var_Webers_Blue_HAP1]
#  emapper-2.1.12-8b119d7
# emapper.py  -i /DATA/data2/downloads/IMP/Agave_tequilana_var_Webers_Blue_HAP1/Agave_tequilana_var_Webers_Blue_HAP1.prot.fasta -o /home/nizhu/Projects/plantsdb/result/result_imp/species/Agave_tequilana_var_Webers_Blue_HAP1/eggnog_work/Agave_tequilana_var_Webers_Blue_HAP1 --data_dir /DATA/data2/emapperdb-5.0.2 -m mmseqs --cpu 40 --dbmem --tax_scope Viridiplantae --override --no_file_comments
[1;33m  /home/nizhu/software/miniforge3/envs/biotools/bin/mmseqs createdb '/DATA/data2/downloads/IMP/Agave_tequilana_var_Webers_Blue_HAP1/Agave_tequilana_var_Webers_Blue_HAP1.prot.fasta' '/home/nizhu/Projects/plantsdb/emappertmp_mmseqs_xrjef68d/f42874eb63f54b41953e8ff1f2029cab' --dbtype 1[0m
[1;33m  /home/nizhu/software/miniforge3/envs/biotools/bin/mmseqs search -a true '/home/nizhu/Projects/plantsdb/emappertmp_mmseqs_xrjef68d/f42874eb63f54b41953e8ff1f2029cab' '/DATA/data2/emapperdb-5.0.2/mmseqs/mmseqs.db' '/home/nizhu/Projects/plantsdb/emappertmp_mmseqs_xrjef68d/6ea35a73b34747258832745fd32f7689' '/home/nizhu/Projects/plantsdb/emappertmp_mmseqs_xrjef68d' --start-sens 3 --sens-steps 3 -s 7 --threads 40[0m
[1;33m  /home/nizhu/software/miniforge3/envs/biotools/bin/mmseqs filterdb '/home/nizhu/Projects/plantsdb/emappertmp_mmseqs_xrjef68d/6ea35a73b34747258832745fd32f7689' '/home/nizhu/Projects/plantsdb/emappertmp_mmseqs_xrjef68d/53dfe428dd774b2792672f548d1b0e12' --threads 40 --extract-lines 1 [0m
[1;33m  /home/nizhu/software/miniforge3/envs/biotools/bin/mmseqs convertalis '/home/nizhu/Projects/plantsdb/emappertmp_mmseqs_xrjef68d/f42874eb63f54b41953e8ff1f2029cab' '/DATA/data2/emapperdb-5.0.2/mmseqs/mmseqs.db' '/home/nizhu/Projects/plantsdb/emappertmp_mmseqs_xrjef68d/53dfe428dd774b2792672f548d1b0e12' '/home/nizhu/Projects/plantsdb/emappertmp_mmseqs_xrjef68d/53dfe428dd774b2792672f548d1b0e12.m8' --threads 40 --format-output "query,target,pident,alnlen,qstart,qend,tstart,tend,evalue,bits,qcov,tcov"[0m
Loading source DB...
[31mWarning: this can take a few minutes and load up to 45GB to RAM. Using --dbmem is recommended to annotate a large number of sequences.[0m
[32mDone[0m
[1;33mResult files:[0m
   /home/nizhu/Projects/plantsdb/result/result_imp/species/Agave_tequilana_var_Webers_Blue_HAP1/eggnog_work/Agave_tequilana_var_Webers_Blue_HAP1.emapper.hits
   /home/nizhu/Projects/plantsdb/result/result_imp/species/Agave_tequilana_var_Webers_Blue_HAP1/eggnog_work/Agave_tequilana_var_Webers_Blue_HAP1.emapper.seed_orthologs
   /home/nizhu/Projects/plantsdb/result/result_imp/species/Agave_tequilana_var_Webers_Blue_HAP1/eggnog_work/Agave_tequilana_var_Webers_Blue_HAP1.emapper.annotations

================================================================================
CITATION:
If you use this software, please cite:

[1] eggNOG-mapper v2: functional annotation, orthology assignments, and domain 
      prediction at the metagenomic scale. Carlos P. Cantalapiedra, 
      Ana Hernandez-Plaza, Ivica Letunic, Peer Bork, Jaime Huerta-Cepas. 2021.
      Molecular Biology and Evolution, msab293, https://doi.org/10.1093/molbev/msab293

[2] eggNOG 5.0: a hierarchical, functionally and phylogenetically annotated
      orthology resource based on 5090 organisms and 2502 viruses. Jaime
      Huerta-Cepas, Damian Szklarczyk, Davide Heller, Ana Hernandez-Plaza,
      Sofia K Forslund, Helen Cook, Daniel R Mende, Ivica Letunic, Thomas
      Rattei, Lars J Jensen, Christian von Mering and Peer Bork. Nucleic Acids
      Research, Volume 47, Issue D1, 8 January 2019, Pages D309-D314,
      https://doi.org/10.1093/nar/gky1085 

[3] MMseqs2 enables sensitive protein sequence searching for the analysis of massive data sets.
       Steinegger M & Söding J. 2017. Nat. Biotech. 35, 1026–1028. https://doi.org/10.1038/nbt.3988

e.g. Functional annotation was performed using eggNOG-mapper (version emapper-2.1.12-8b119d7) [1]
 based on eggNOG orthology data [2]. Sequence searches were performed using [3].

================================================================================

Total hits processed: 70614
Total time: 1323 secs
FINISHED
[Ailanthus_altissimus]
#  emapper-2.1.12-8b119d7
# emapper.py  -i /DATA/data2/downloads/IMP/Ailanthus_altissimus/Ailanthus_altissimus.prot.fasta -o /home/nizhu/Projects/plantsdb/result/result_imp/species/Ailanthus_altissimus/eggnog_work/Ailanthus_altissimus --data_dir /DATA/data2/emapperdb-5.0.2 -m mmseqs --cpu 40 --dbmem --tax_scope Viridiplantae --override --no_file_comments
[1;33m  /home/nizhu/software/miniforge3/envs/biotools/bin/mmseqs createdb '/DATA/data2/downloads/IMP/Ailanthus_altissimus/Ailanthus_altissimus.prot.fasta' '/home/nizhu/Projects/plantsdb/emappertmp_mmseqs_wgkdnzwx/871e54c22aa1428d823c0bc9912f9821' --dbtype 1[0m
[1;33m  /home/nizhu/software/miniforge3/envs/biotools/bin/mmseqs search -a true '/home/nizhu/Projects/plantsdb/emappertmp_mmseqs_wgkdnzwx/871e54c22aa1428d823c0bc9912f9821' '/DATA/data2/emapperdb-5.0.2/mmseqs/mmseqs.db' '/home/nizhu/Projects/plantsdb/emappertmp_mmseqs_wgkdnzwx/f8a36a6a26af4e4e8ab453638901da72' '/home/nizhu/Projects/plantsdb/emappertmp_mmseqs_wgkdnzwx' --start-sens 3 --sens-steps 3 -s 7 --threads 40[0m
[1;33m  /home/nizhu/software/miniforge3/envs/biotools/bin/mmseqs filterdb '/home/nizhu/Projects/plantsdb/emappertmp_mmseqs_wgkdnzwx/f8a36a6a26af4e4e8ab453638901da72' '/home/nizhu/Projects/plantsdb/emappertmp_mmseqs_wgkdnzwx/7eb8f2b6f7684f7d95bbdfc7855ed8fe' --threads 40 --extract-lines 1 [0m
[1;33m  /home/nizhu/software/miniforge3/envs/biotools/bin/mmseqs convertalis '/home/nizhu/Projects/plantsdb/emappertmp_mmseqs_wgkdnzwx/871e54c22aa1428d823c0bc9912f9821' '/DATA/data2/emapperdb-5.0.2/mmseqs/mmseqs.db' '/home/nizhu/Projects/plantsdb/emappertmp_mmseqs_wgkdnzwx/7eb8f2b6f7684f7d95bbdfc7855ed8fe' '/home/nizhu/Projects/plantsdb/emappertmp_mmseqs_wgkdnzwx/7eb8f2b6f7684f7d95bbdfc7855ed8fe.m8' --threads 40 --format-output "query,target,pident,alnlen,qstart,qend,tstart,tend,evalue,bits,qcov,tcov"[0m
Loading source DB...
[31mWarning: this can take a few minutes and load up to 45GB to RAM. Using --dbmem is recommended to annotate a large number of sequences.[0m
[32mDone[0m
[1;33mResult files:[0m
   /home/nizhu/Projects/plantsdb/result/result_imp/species/Ailanthus_altissimus/eggnog_work/Ailanthus_altissimus.emapper.hits
   /home/nizhu/Projects/plantsdb/result/result_imp/species/Ailanthus_altissimus/eggnog_work/Ailanthus_altissimus.emapper.seed_orthologs
   /home/nizhu/Projects/plantsdb/result/result_imp/species/Ailanthus_altissimus/eggnog_work/Ailanthus_altissimus.emapper.annotations

================================================================================
CITATION:
If you use this software, please cite:

[1] eggNOG-mapper v2: functional annotation, orthology assignments, and domain 
      prediction at the metagenomic scale. Carlos P. Cantalapiedra, 
      Ana Hernandez-Plaza, Ivica Letunic, Peer Bork, Jaime Huerta-Cepas. 2021.
      Molecular Biology and Evolution, msab293, https://doi.org/10.1093/molbev/msab293

[2] eggNOG 5.0: a hierarchical, functionally and phylogenetically annotated
      orthology resource based on 5090 organisms and 2502 viruses. Jaime
      Huerta-Cepas, Damian Szklarczyk, Davide Heller, Ana Hernandez-Plaza,
      Sofia K Forslund, Helen Cook, Daniel R Mende, Ivica Letunic, Thomas
      Rattei, Lars J Jensen, Christian von Mering and Peer Bork. Nucleic Acids
      Research, Volume 47, Issue D1, 8 January 2019, Pages D309-D314,
      https://doi.org/10.1093/nar/gky1085 

[3] MMseqs2 enables sensitive protein sequence searching for the analysis of massive data sets.
       Steinegger M & Söding J. 2017. Nat. Biotech. 35, 1026–1028. https://doi.org/10.1038/nbt.3988

e.g. Functional annotation was performed using eggNOG-mapper (version emapper-2.1.12-8b119d7) [1]
 based on eggNOG orthology data [2]. Sequence searches were performed using [3].

================================================================================

Total hits processed: 62792
Total time: 1178 secs
FINISHED
[Ajuga_chamaepitys]
  skip (no prot)
[Ajuga_reptans]
  skip (no prot)
[Akebia_trifoliata]
#  emapper-2.1.12-8b119d7
# emapper.py  -i /DATA/data2/downloads/IMP/Akebia_trifoliata/Akebia_trifoliata.prot.fasta -o /home/nizhu/Projects/plantsdb/result/result_imp/species/Akebia_trifoliata/eggnog_work/Akebia_trifoliata --data_dir /DATA/data2/emapperdb-5.0.2 -m mmseqs --cpu 40 --dbmem --tax_scope Viridiplantae --override --no_file_comments
[1;33m  /home/nizhu/software/miniforge3/envs/biotools/bin/mmseqs createdb '/DATA/data2/downloads/IMP/Akebia_trifoliata/Akebia_trifoliata.prot.fasta' '/home/nizhu/Projects/plantsdb/emappertmp_mmseqs_1e16lyll/22abc6119cf2488c8714fdecbeed7526' --dbtype 1[0m
[1;33m  /home/nizhu/software/miniforge3/envs/biotools/bin/mmseqs search -a true '/home/nizhu/Projects/plantsdb/emappertmp_mmseqs_1e16lyll/22abc6119cf2488c8714fdecbeed7526' '/DATA/data2/emapperdb-5.0.2/mmseqs/mmseqs.db' '/home/nizhu/Projects/plantsdb/emappertmp_mmseqs_1e16lyll/10aad9b5b21b42e8bffdb6fa37aeff57' '/home/nizhu/Projects/plantsdb/emappertmp_mmseqs_1e16lyll' --start-sens 3 --sens-steps 3 -s 7 --threads 40[0m
[1;33m  /home/nizhu/software/miniforge3/envs/biotools/bin/mmseqs filterdb '/home/nizhu/Projects/plantsdb/emappertmp_mmseqs_1e16lyll/10aad9b5b21b42e8bffdb6fa37aeff57' '/home/nizhu/Projects/plantsdb/emappertmp_mmseqs_1e16lyll/52c781f4ffde4e198eed83e170183e72' --threads 40 --extract-lines 1 [0m
[1;33m  /home/nizhu/software/miniforge3/envs/biotools/bin/mmseqs convertalis '/home/nizhu/Projects/plantsdb/emappertmp_mmseqs_1e16lyll/22abc6119cf2488c8714fdecbeed7526' '/DATA/data2/emapperdb-5.0.2/mmseqs/mmseqs.db' '/home/nizhu/Projects/plantsdb/emappertmp_mmseqs_1e16lyll/52c781f4ffde4e198eed83e170183e72' '/home/nizhu/Projects/plantsdb/emappertmp_mmseqs_1e16lyll/52c781f4ffde4e198eed83e170183e72.m8' --threads 40 --format-output "query,target,pident,alnlen,qstart,qend,tstart,tend,evalue,bits,qcov,tcov"[0m
Loading source DB...
[31mWarning: this can take a few minutes and load up to 45GB to RAM. Using --dbmem is recommended to annotate a large number of sequences.[0m
[32mDone[0m
[1;33mResult files:[0m
   /home/nizhu/Projects/plantsdb/result/result_imp/species/Akebia_trifoliata/eggnog_work/Akebia_trifoliata.emapper.hits
   /home/nizhu/Projects/plantsdb/result/result_imp/species/Akebia_trifoliata/eggnog_work/Akebia_trifoliata.emapper.seed_orthologs
   /home/nizhu/Projects/plantsdb/result/result_imp/species/Akebia_trifoliata/eggnog_work/Akebia_trifoliata.emapper.annotations

================================================================================
CITATION:
If you use this software, please cite:

[1] eggNOG-mapper v2: functional annotation, orthology assignments, and domain 
      prediction at the metagenomic scale. Carlos P. Cantalapiedra, 
      Ana Hernandez-Plaza, Ivica Letunic, Peer Bork, Jaime Huerta-Cepas. 2021.
      Molecular Biology and Evolution, msab293, https://doi.org/10.1093/molbev/msab293

[2] eggNOG 5.0: a hierarchical, functionally and phylogenetically annotated
      orthology resource based on 5090 organisms and 2502 viruses. Jaime
      Huerta-Cepas, Damian Szklarczyk, Davide Heller, Ana Hernandez-Plaza,
      Sofia K Forslund, Helen Cook, Daniel R Mende, Ivica Letunic, Thomas
      Rattei, Lars J Jensen, Christian von Mering and Peer Bork. Nucleic Acids
      Research, Volume 47, Issue D1, 8 January 2019, Pages D309-D314,
      https://doi.org/10.1093/nar/gky1085 

[3] MMseqs2 enables sensitive protein sequence searching for the analysis of massive data sets.
       Steinegger M & Söding J. 2017. Nat. Biotech. 35, 1026–1028. https://doi.org/10.1038/nbt.3988

e.g. Functional annotation was performed using eggNOG-mapper (version emapper-2.1.12-8b119d7) [1]
 based on eggNOG orthology data [2]. Sequence searches were performed using [3].

================================================================================

Total hits processed: 49995
Total time: 1092 secs
FINISHED
[Albizia_julibrissin]
  skip (no prot)
[Albizia_julibrissin_2]
  skip (no prot)
[Alisma_plantago-aquatica]
#  emapper-2.1.12-8b119d7
# emapper.py  -i /DATA/data2/downloads/IMP/Alisma_plantago-aquatica/Alisma_plantago-aquatica.prot.fasta -o /home/nizhu/Projects/plantsdb/result/result_imp/species/Alisma_plantago-aquatica/eggnog_work/Alisma_plantago-aquatica --data_dir /DATA/data2/emapperdb-5.0.2 -m mmseqs --cpu 40 --dbmem --tax_scope Viridiplantae --override --no_file_comments
[1;33m  /home/nizhu/software/miniforge3/envs/biotools/bin/mmseqs createdb '/DATA/data2/downloads/IMP/Alisma_plantago-aquatica/Alisma_plantago-aquatica.prot.fasta' '/home/nizhu/Projects/plantsdb/emappertmp_mmseqs_wqikls3c/04c2146249044fbf912bf172e59b8952' --dbtype 1[0m
[1;33m  /home/nizhu/software/miniforge3/envs/biotools/bin/mmseqs search -a true '/home/nizhu/Projects/plantsdb/emappertmp_mmseqs_wqikls3c/04c2146249044fbf912bf172e59b8952' '/DATA/data2/emapperdb-5.0.2/mmseqs/mmseqs.db' '/home/nizhu/Projects/plantsdb/emappertmp_mmseqs_wqikls3c/f4d577b7209b41d5860bc12d5b7391ff' '/home/nizhu/Projects/plantsdb/emappertmp_mmseqs_wqikls3c' --start-sens 3 --sens-steps 3 -s 7 --threads 40[0m
[1;33m  /home/nizhu/software/miniforge3/envs/biotools/bin/mmseqs filterdb '/home/nizhu/Projects/plantsdb/emappertmp_mmseqs_wqikls3c/f4d577b7209b41d5860bc12d5b7391ff' '/home/nizhu/Projects/plantsdb/emappertmp_mmseqs_wqikls3c/b4cb7b80c5ba423391bfa4a4849489ad' --threads 40 --extract-lines 1 [0m
[1;33m  /home/nizhu/software/miniforge3/envs/biotools/bin/mmseqs convertalis '/home/nizhu/Projects/plantsdb/emappertmp_mmseqs_wqikls3c/04c2146249044fbf912bf172e59b8952' '/DATA/data2/emapperdb-5.0.2/mmseqs/mmseqs.db' '/home/nizhu/Projects/plantsdb/emappertmp_mmseqs_wqikls3c/b4cb7b80c5ba423391bfa4a4849489ad' '/home/nizhu/Projects/plantsdb/emappertmp_mmseqs_wqikls3c/b4cb7b80c5ba423391bfa4a4849489ad.m8' --threads 40 --format-output "query,target,pident,alnlen,qstart,qend,tstart,tend,evalue,bits,qcov,tcov"[0m
Loading source DB...
[31mWarning: this can take a few minutes and load up to 45GB to RAM. Using --dbmem is recommended to annotate a large number of sequences.[0m
[32mDone[0m
[1;33mResult files:[0m
   /home/nizhu/Projects/plantsdb/result/result_imp/species/Alisma_plantago-aquatica/eggnog_work/Alisma_plantago-aquatica.emapper.hits
   /home/nizhu/Projects/plantsdb/result/result_imp/species/Alisma_plantago-aquatica/eggnog_work/Alisma_plantago-aquatica.emapper.seed_orthologs
   /home/nizhu/Projects/plantsdb/result/result_imp/species/Alisma_plantago-aquatica/eggnog_work/Alisma_plantago-aquatica.emapper.annotations

================================================================================
CITATION:
If you use this software, please cite:

[1] eggNOG-mapper v2: functional annotation, orthology assignments, and domain 
      prediction at the metagenomic scale. Carlos P. Cantalapiedra, 
      Ana Hernandez-Plaza, Ivica Letunic, Peer Bork, Jaime Huerta-Cepas. 2021.
      Molecular Biology and Evolution, msab293, https://doi.org/10.1093/molbev/msab293

[2] eggNOG 5.0: a hierarchical, functionally and phylogenetically annotated
      orthology resource based on 5090 organisms and 2502 viruses. Jaime
      Huerta-Cepas, Damian Szklarczyk, Davide Heller, Ana Hernandez-Plaza,
      Sofia K Forslund, Helen Cook, Daniel R Mende, Ivica Letunic, Thomas
      Rattei, Lars J Jensen, Christian von Mering and Peer Bork. Nucleic Acids
      Research, Volume 47, Issue D1, 8 January 2019, Pages D309-D314,
      https://doi.org/10.1093/nar/gky1085 

[3] MMseqs2 enables sensitive protein sequence searching for the analysis of massive data sets.
       Steinegger M & Söding J. 2017. Nat. Biotech. 35, 1026–1028. https://doi.org/10.1038/nbt.3988

e.g. Functional annotation was performed using eggNOG-mapper (version emapper-2.1.12-8b119d7) [1]
 based on eggNOG orthology data [2]. Sequence searches were performed using [3].

================================================================================

Total hits processed: 137151
Total time: 3439 secs
FINISHED
[Alloteropsis_semialata]
#  emapper-2.1.12-8b119d7
# emapper.py  -i /DATA/data2/downloads/IMP/Alloteropsis_semialata/Alloteropsis_semialata.prot.fasta -o /home/nizhu/Projects/plantsdb/result/result_imp/species/Alloteropsis_semialata/eggnog_work/Alloteropsis_semialata --data_dir /DATA/data2/emapperdb-5.0.2 -m mmseqs --cpu 40 --dbmem --tax_scope Viridiplantae --override --no_file_comments
[1;33m  /home/nizhu/software/miniforge3/envs/biotools/bin/mmseqs createdb '/DATA/data2/downloads/IMP/Alloteropsis_semialata/Alloteropsis_semialata.prot.fasta' '/home/nizhu/Projects/plantsdb/emappertmp_mmseqs_5o0m8ecv/b95f65854d53485c9ad34baf3bb81e06' --dbtype 1[0m
[1;33m  /home/nizhu/software/miniforge3/envs/biotools/bin/mmseqs search -a true '/home/nizhu/Projects/plantsdb/emappertmp_mmseqs_5o0m8ecv/b95f65854d53485c9ad34baf3bb81e06' '/DATA/data2/emapperdb-5.0.2/mmseqs/mmseqs.db' '/home/nizhu/Projects/plantsdb/emappertmp_mmseqs_5o0m8ecv/32c5d0791cbc4547b1de9df67b3ee1ab' '/home/nizhu/Projects/plantsdb/emappertmp_mmseqs_5o0m8ecv' --start-sens 3 --sens-steps 3 -s 7 --threads 40[0m
[1;33m  /home/nizhu/software/miniforge3/envs/biotools/bin/mmseqs filterdb '/home/nizhu/Projects/plantsdb/emappertmp_mmseqs_5o0m8ecv/32c5d0791cbc4547b1de9df67b3ee1ab' '/home/nizhu/Projects/plantsdb/emappertmp_mmseqs_5o0m8ecv/1a6d1901265b440c8b44881461bb41dc' --threads 40 --extract-lines 1 [0m
[1;33m  /home/nizhu/software/miniforge3/envs/biotools/bin/mmseqs convertalis '/home/nizhu/Projects/plantsdb/emappertmp_mmseqs_5o0m8ecv/b95f65854d53485c9ad34baf3bb81e06' '/DATA/data2/emapperdb-5.0.2/mmseqs/mmseqs.db' '/home/nizhu/Projects/plantsdb/emappertmp_mmseqs_5o0m8ecv/1a6d1901265b440c8b44881461bb41dc' '/home/nizhu/Projects/plantsdb/emappertmp_mmseqs_5o0m8ecv/1a6d1901265b440c8b44881461bb41dc.m8' --threads 40 --format-output "query,target,pident,alnlen,qstart,qend,tstart,tend,evalue,bits,qcov,tcov"[0m
Loading source DB...
[31mWarning: this can take a few minutes and load up to 45GB to RAM. Using --dbmem is recommended to annotate a large number of sequences.[0m
[32mDone[0m
[1;33mResult files:[0m
   /home/nizhu/Projects/plantsdb/result/result_imp/species/Alloteropsis_semialata/eggnog_work/Alloteropsis_semialata.emapper.hits
   /home/nizhu/Projects/plantsdb/result/result_imp/species/Alloteropsis_semialata/eggnog_work/Alloteropsis_semialata.emapper.seed_orthologs
   /home/nizhu/Projects/plantsdb/result/result_imp/species/Alloteropsis_semialata/eggnog_work/Alloteropsis_semialata.emapper.annotations

================================================================================
CITATION:
If you use this software, please cite:

[1] eggNOG-mapper v2: functional annotation, orthology assignments, and domain 
      prediction at the metagenomic scale. Carlos P. Cantalapiedra, 
      Ana Hernandez-Plaza, Ivica Letunic, Peer Bork, Jaime Huerta-Cepas. 2021.
      Molecular Biology and Evolution, msab293, https://doi.org/10.1093/molbev/msab293

[2] eggNOG 5.0: a hierarchical, functionally and phylogenetically annotated
      orthology resource based on 5090 organisms and 2502 viruses. Jaime
      Huerta-Cepas, Damian Szklarczyk, Davide Heller, Ana Hernandez-Plaza,
      Sofia K Forslund, Helen Cook, Daniel R Mende, Ivica Letunic, Thomas
      Rattei, Lars J Jensen, Christian von Mering and Peer Bork. Nucleic Acids
      Research, Volume 47, Issue D1, 8 January 2019, Pages D309-D314,
      https://doi.org/10.1093/nar/gky1085 

[3] MMseqs2 enables sensitive protein sequence searching for the analysis of massive data sets.
       Steinegger M & Söding J. 2017. Nat. Biotech. 35, 1026–1028. https://doi.org/10.1038/nbt.3988

e.g. Functional annotation was performed using eggNOG-mapper (version emapper-2.1.12-8b119d7) [1]
 based on eggNOG orthology data [2]. Sequence searches were performed using [3].

================================================================================

Total hits processed: 63167
Total time: 1312 secs
FINISHED
[Alnus_glutinosa]
#  emapper-2.1.12-8b119d7
# emapper.py  -i /DATA/data2/downloads/IMP/Alnus_glutinosa/Alnus_glutinosa.prot.fasta -o /home/nizhu/Projects/plantsdb/result/result_imp/species/Alnus_glutinosa/eggnog_work/Alnus_glutinosa --data_dir /DATA/data2/emapperdb-5.0.2 -m mmseqs --cpu 40 --dbmem --tax_scope Viridiplantae --override --no_file_comments
[1;33m  /home/nizhu/software/miniforge3/envs/biotools/bin/mmseqs createdb '/DATA/data2/downloads/IMP/Alnus_glutinosa/Alnus_glutinosa.prot.fasta' '/home/nizhu/Projects/plantsdb/emappertmp_mmseqs_zwov1go7/dc5da241551649809ccf4a0f01c38fe6' --dbtype 1[0m
[1;33m  /home/nizhu/software/miniforge3/envs/biotools/bin/mmseqs search -a true '/home/nizhu/Projects/plantsdb/emappertmp_mmseqs_zwov1go7/dc5da241551649809ccf4a0f01c38fe6' '/DATA/data2/emapperdb-5.0.2/mmseqs/mmseqs.db' '/home/nizhu/Projects/plantsdb/emappertmp_mmseqs_zwov1go7/784dc1ec862f40759ffa8571fb70fde4' '/home/nizhu/Projects/plantsdb/emappertmp_mmseqs_zwov1go7' --start-sens 3 --sens-steps 3 -s 7 --threads 40[0m
[1;33m  /home/nizhu/software/miniforge3/envs/biotools/bin/mmseqs filterdb '/home/nizhu/Projects/plantsdb/emappertmp_mmseqs_zwov1go7/784dc1ec862f40759ffa8571fb70fde4' '/home/nizhu/Projects/plantsdb/emappertmp_mmseqs_zwov1go7/0d4db33bc7124944810892a1310f3f36' --threads 40 --extract-lines 1 [0m
[1;33m  /home/nizhu/software/miniforge3/envs/biotools/bin/mmseqs convertalis '/home/nizhu/Projects/plantsdb/emappertmp_mmseqs_zwov1go7/dc5da241551649809ccf4a0f01c38fe6' '/DATA/data2/emapperdb-5.0.2/mmseqs/mmseqs.db' '/home/nizhu/Projects/plantsdb/emappertmp_mmseqs_zwov1go7/0d4db33bc7124944810892a1310f3f36' '/home/nizhu/Projects/plantsdb/emappertmp_mmseqs_zwov1go7/0d4db33bc7124944810892a1310f3f36.m8' --threads 40 --format-output "query,target,pident,alnlen,qstart,qend,tstart,tend,evalue,bits,qcov,tcov"[0m
Loading source DB...
[31mWarning: this can take a few minutes and load up to 45GB to RAM. Using --dbmem is recommended to annotate a large number of sequences.[0m
[32mDone[0m
[1;33mResult files:[0m
   /home/nizhu/Projects/plantsdb/result/result_imp/species/Alnus_glutinosa/eggnog_work/Alnus_glutinosa.emapper.hits
   /home/nizhu/Projects/plantsdb/result/result_imp/species/Alnus_glutinosa/eggnog_work/Alnus_glutinosa.emapper.seed_orthologs
   /home/nizhu/Projects/plantsdb/result/result_imp/species/Alnus_glutinosa/eggnog_work/Alnus_glutinosa.emapper.annotations

================================================================================
CITATION:
If you use this software, please cite:

[1] eggNOG-mapper v2: functional annotation, orthology assignments, and domain 
      prediction at the metagenomic scale. Carlos P. Cantalapiedra, 
      Ana Hernandez-Plaza, Ivica Letunic, Peer Bork, Jaime Huerta-Cepas. 2021.
      Molecular Biology and Evolution, msab293, https://doi.org/10.1093/molbev/msab293

[2] eggNOG 5.0: a hierarchical, functionally and phylogenetically annotated
      orthology resource based on 5090 organisms and 2502 viruses. Jaime
      Huerta-Cepas, Damian Szklarczyk, Davide Heller, Ana Hernandez-Plaza,
      Sofia K Forslund, Helen Cook, Daniel R Mende, Ivica Letunic, Thomas
      Rattei, Lars J Jensen, Christian von Mering and Peer Bork. Nucleic Acids
      Research, Volume 47, Issue D1, 8 January 2019, Pages D309-D314,
      https://doi.org/10.1093/nar/gky1085 

[3] MMseqs2 enables sensitive protein sequence searching for the analysis of massive data sets.
       Steinegger M & Söding J. 2017. Nat. Biotech. 35, 1026–1028. https://doi.org/10.1038/nbt.3988

e.g. Functional annotation was performed using eggNOG-mapper (version emapper-2.1.12-8b119d7) [1]
 based on eggNOG orthology data [2]. Sequence searches were performed using [3].

================================================================================

Total hits processed: 51451
Total time: 1264 secs
FINISHED
[Alopecurus_myosuroides]
#  emapper-2.1.12-8b119d7
# emapper.py  -i /DATA/data2/downloads/IMP/Alopecurus_myosuroides/Alopecurus_myosuroides.prot.fasta -o /home/nizhu/Projects/plantsdb/result/result_imp/species/Alopecurus_myosuroides/eggnog_work/Alopecurus_myosuroides --data_dir /DATA/data2/emapperdb-5.0.2 -m mmseqs --cpu 40 --dbmem --tax_scope Viridiplantae --override --no_file_comments
[1;33m  /home/nizhu/software/miniforge3/envs/biotools/bin/mmseqs createdb '/DATA/data2/downloads/IMP/Alopecurus_myosuroides/Alopecurus_myosuroides.prot.fasta' '/home/nizhu/Projects/plantsdb/emappertmp_mmseqs_2utkfffj/97f79775112d480ebb3f7c37babc656b' --dbtype 1[0m
[1;33m  /home/nizhu/software/miniforge3/envs/biotools/bin/mmseqs search -a true '/home/nizhu/Projects/plantsdb/emappertmp_mmseqs_2utkfffj/97f79775112d480ebb3f7c37babc656b' '/DATA/data2/emapperdb-5.0.2/mmseqs/mmseqs.db' '/home/nizhu/Projects/plantsdb/emappertmp_mmseqs_2utkfffj/2ac5449cd6b148369629299f22c8d187' '/home/nizhu/Projects/plantsdb/emappertmp_mmseqs_2utkfffj' --start-sens 3 --sens-steps 3 -s 7 --threads 40[0m
[1;33m  /home/nizhu/software/miniforge3/envs/biotools/bin/mmseqs filterdb '/home/nizhu/Projects/plantsdb/emappertmp_mmseqs_2utkfffj/2ac5449cd6b148369629299f22c8d187' '/home/nizhu/Projects/plantsdb/emappertmp_mmseqs_2utkfffj/efed4f27c04d4c5fa4bd899140fd0f29' --threads 40 --extract-lines 1 [0m
[1;33m  /home/nizhu/software/miniforge3/envs/biotools/bin/mmseqs convertalis '/home/nizhu/Projects/plantsdb/emappertmp_mmseqs_2utkfffj/97f79775112d480ebb3f7c37babc656b' '/DATA/data2/emapperdb-5.0.2/mmseqs/mmseqs.db' '/home/nizhu/Projects/plantsdb/emappertmp_mmseqs_2utkfffj/efed4f27c04d4c5fa4bd899140fd0f29' '/home/nizhu/Projects/plantsdb/emappertmp_mmseqs_2utkfffj/efed4f27c04d4c5fa4bd899140fd0f29.m8' --threads 40 --format-output "query,target,pident,alnlen,qstart,qend,tstart,tend,evalue,bits,qcov,tcov"[0m
Loading source DB...
[31mWarning: this can take a few minutes and load up to 45GB to RAM. Using --dbmem is recommended to annotate a large number of sequences.[0m
[32mDone[0m
[1;33mResult files:[0m
   /home/nizhu/Projects/plantsdb/result/result_imp/species/Alopecurus_myosuroides/eggnog_work/Alopecurus_myosuroides.emapper.hits
   /home/nizhu/Projects/plantsdb/result/result_imp/species/Alopecurus_myosuroides/eggnog_work/Alopecurus_myosuroides.emapper.seed_orthologs
   /home/nizhu/Projects/plantsdb/result/result_imp/species/Alopecurus_myosuroides/eggnog_work/Alopecurus_myosuroides.emapper.annotations

================================================================================
CITATION:
If you use this software, please cite:

[1] eggNOG-mapper v2: functional annotation, orthology assignments, and domain 
      prediction at the metagenomic scale. Carlos P. Cantalapiedra, 
      Ana Hernandez-Plaza, Ivica Letunic, Peer Bork, Jaime Huerta-Cepas. 2021.
      Molecular Biology and Evolution, msab293, https://doi.org/10.1093/molbev/msab293

[2] eggNOG 5.0: a hierarchical, functionally and phylogenetically annotated
      orthology resource based on 5090 organisms and 2502 viruses. Jaime
      Huerta-Cepas, Damian Szklarczyk, Davide Heller, Ana Hernandez-Plaza,
      Sofia K Forslund, Helen Cook, Daniel R Mende, Ivica Letunic, Thomas
      Rattei, Lars J Jensen, Christian von Mering and Peer Bork. Nucleic Acids
      Research, Volume 47, Issue D1, 8 January 2019, Pages D309-D314,
      https://doi.org/10.1093/nar/gky1085 

[3] MMseqs2 enables sensitive protein sequence searching for the analysis of massive data sets.
       Steinegger M & Söding J. 2017. Nat. Biotech. 35, 1026–1028. https://doi.org/10.1038/nbt.3988

e.g. Functional annotation was performed using eggNOG-mapper (version emapper-2.1.12-8b119d7) [1]
 based on eggNOG orthology data [2]. Sequence searches were performed using [3].

================================================================================

Total hits processed: 128295
Total time: 2899 secs
FINISHED
[Alsophila_spinulosa]
#  emapper-2.1.12-8b119d7
# emapper.py  -i /DATA/data2/downloads/IMP/Alsophila_spinulosa/Alsophila_spinulosa.prot.fasta -o /home/nizhu/Projects/plantsdb/result/result_imp/species/Alsophila_spinulosa/eggnog_work/Alsophila_spinulosa --data_dir /DATA/data2/emapperdb-5.0.2 -m mmseqs --cpu 40 --dbmem --tax_scope Viridiplantae --override --no_file_comments
[1;33m  /home/nizhu/software/miniforge3/envs/biotools/bin/mmseqs createdb '/DATA/data2/downloads/IMP/Alsophila_spinulosa/Alsophila_spinulosa.prot.fasta' '/home/nizhu/Projects/plantsdb/emappertmp_mmseqs_brfcy9sg/c60dbbc3880e4ce4910d47e31d9ffd13' --dbtype 1[0m
[1;33m  /home/nizhu/software/miniforge3/envs/biotools/bin/mmseqs search -a true '/home/nizhu/Projects/plantsdb/emappertmp_mmseqs_brfcy9sg/c60dbbc3880e4ce4910d47e31d9ffd13' '/DATA/data2/emapperdb-5.0.2/mmseqs/mmseqs.db' '/home/nizhu/Projects/plantsdb/emappertmp_mmseqs_brfcy9sg/615758638a914185b8ddf5a23fe755e8' '/home/nizhu/Projects/plantsdb/emappertmp_mmseqs_brfcy9sg' --start-sens 3 --sens-steps 3 -s 7 --threads 40[0m
[1;33m  /home/nizhu/software/miniforge3/envs/biotools/bin/mmseqs filterdb '/home/nizhu/Projects/plantsdb/emappertmp_mmseqs_brfcy9sg/615758638a914185b8ddf5a23fe755e8' '/home/nizhu/Projects/plantsdb/emappertmp_mmseqs_brfcy9sg/74823e5fffcc44a7958aad7e390df2e9' --threads 40 --extract-lines 1 [0m
[1;33m  /home/nizhu/software/miniforge3/envs/biotools/bin/mmseqs convertalis '/home/nizhu/Projects/plantsdb/emappertmp_mmseqs_brfcy9sg/c60dbbc3880e4ce4910d47e31d9ffd13' '/DATA/data2/emapperdb-5.0.2/mmseqs/mmseqs.db' '/home/nizhu/Projects/plantsdb/emappertmp_mmseqs_brfcy9sg/74823e5fffcc44a7958aad7e390df2e9' '/home/nizhu/Projects/plantsdb/emappertmp_mmseqs_brfcy9sg/74823e5fffcc44a7958aad7e390df2e9.m8' --threads 40 --format-output "query,target,pident,alnlen,qstart,qend,tstart,tend,evalue,bits,qcov,tcov"[0m
Loading source DB...
[31mWarning: this can take a few minutes and load up to 45GB to RAM. Using --dbmem is recommended to annotate a large number of sequences.[0m
[32mDone[0m
[1;33mResult files:[0m
   /home/nizhu/Projects/plantsdb/result/result_imp/species/Alsophila_spinulosa/eggnog_work/Alsophila_spinulosa.emapper.hits
   /home/nizhu/Projects/plantsdb/result/result_imp/species/Alsophila_spinulosa/eggnog_work/Alsophila_spinulosa.emapper.seed_orthologs
   /home/nizhu/Projects/plantsdb/result/result_imp/species/Alsophila_spinulosa/eggnog_work/Alsophila_spinulosa.emapper.annotations

================================================================================
CITATION:
If you use this software, please cite:

[1] eggNOG-mapper v2: functional annotation, orthology assignments, and domain 
      prediction at the metagenomic scale. Carlos P. Cantalapiedra, 
      Ana Hernandez-Plaza, Ivica Letunic, Peer Bork, Jaime Huerta-Cepas. 2021.
      Molecular Biology and Evolution, msab293, https://doi.org/10.1093/molbev/msab293

[2] eggNOG 5.0: a hierarchical, functionally and phylogenetically annotated
      orthology resource based on 5090 organisms and 2502 viruses. Jaime
      Huerta-Cepas, Damian Szklarczyk, Davide Heller, Ana Hernandez-Plaza,
      Sofia K Forslund, Helen Cook, Daniel R Mende, Ivica Letunic, Thomas
      Rattei, Lars J Jensen, Christian von Mering and Peer Bork. Nucleic Acids
      Research, Volume 47, Issue D1, 8 January 2019, Pages D309-D314,
      https://doi.org/10.1093/nar/gky1085 

[3] MMseqs2 enables sensitive protein sequence searching for the analysis of massive data sets.
       Steinegger M & Söding J. 2017. Nat. Biotech. 35, 1026–1028. https://doi.org/10.1038/nbt.3988

e.g. Functional annotation was performed using eggNOG-mapper (version emapper-2.1.12-8b119d7) [1]
 based on eggNOG orthology data [2]. Sequence searches were performed using [3].

================================================================================

Total hits processed: 66033
Total time: 1091 secs
FINISHED
[Alyssum_linifolium]
#  emapper-2.1.12-8b119d7
# emapper.py  -i /DATA/data2/downloads/IMP/Alyssum_linifolium/Alyssum_linifolium.prot.fasta -o /home/nizhu/Projects/plantsdb/result/result_imp/species/Alyssum_linifolium/eggnog_work/Alyssum_linifolium --data_dir /DATA/data2/emapperdb-5.0.2 -m mmseqs --cpu 40 --dbmem --tax_scope Viridiplantae --override --no_file_comments
[1;33m  /home/nizhu/software/miniforge3/envs/biotools/bin/mmseqs createdb '/DATA/data2/downloads/IMP/Alyssum_linifolium/Alyssum_linifolium.prot.fasta' '/home/nizhu/Projects/plantsdb/emappertmp_mmseqs_j1b112qp/cf9b814bd8874cff974b292989bcd0f1' --dbtype 1[0m
[1;33m  /home/nizhu/software/miniforge3/envs/biotools/bin/mmseqs search -a true '/home/nizhu/Projects/plantsdb/emappertmp_mmseqs_j1b112qp/cf9b814bd8874cff974b292989bcd0f1' '/DATA/data2/emapperdb-5.0.2/mmseqs/mmseqs.db' '/home/nizhu/Projects/plantsdb/emappertmp_mmseqs_j1b112qp/054461ab56624390b8af5cba6d7628b6' '/home/nizhu/Projects/plantsdb/emappertmp_mmseqs_j1b112qp' --start-sens 3 --sens-steps 3 -s 7 --threads 40[0m
[1;33m  /home/nizhu/software/miniforge3/envs/biotools/bin/mmseqs filterdb '/home/nizhu/Projects/plantsdb/emappertmp_mmseqs_j1b112qp/054461ab56624390b8af5cba6d7628b6' '/home/nizhu/Projects/plantsdb/emappertmp_mmseqs_j1b112qp/c07703bafa3c4f269872959b3c2064c8' --threads 40 --extract-lines 1 [0m
[1;33m  /home/nizhu/software/miniforge3/envs/biotools/bin/mmseqs convertalis '/home/nizhu/Projects/plantsdb/emappertmp_mmseqs_j1b112qp/cf9b814bd8874cff974b292989bcd0f1' '/DATA/data2/emapperdb-5.0.2/mmseqs/mmseqs.db' '/home/nizhu/Projects/plantsdb/emappertmp_mmseqs_j1b112qp/c07703bafa3c4f269872959b3c2064c8' '/home/nizhu/Projects/plantsdb/emappertmp_mmseqs_j1b112qp/c07703bafa3c4f269872959b3c2064c8.m8' --threads 40 --format-output "query,target,pident,alnlen,qstart,qend,tstart,tend,evalue,bits,qcov,tcov"[0m
Loading source DB...
[31mWarning: this can take a few minutes and load up to 45GB to RAM. Using --dbmem is recommended to annotate a large number of sequences.[0m
[32mDone[0m
[1;33mResult files:[0m
   /home/nizhu/Projects/plantsdb/result/result_imp/species/Alyssum_linifolium/eggnog_work/Alyssum_linifolium.emapper.hits
   /home/nizhu/Projects/plantsdb/result/result_imp/species/Alyssum_linifolium/eggnog_work/Alyssum_linifolium.emapper.seed_orthologs
   /home/nizhu/Projects/plantsdb/result/result_imp/species/Alyssum_linifolium/eggnog_work/Alyssum_linifolium.emapper.annotations

================================================================================
CITATION:
If you use this software, please cite:

[1] eggNOG-mapper v2: functional annotation, orthology assignments, and domain 
      prediction at the metagenomic scale. Carlos P. Cantalapiedra, 
      Ana Hernandez-Plaza, Ivica Letunic, Peer Bork, Jaime Huerta-Cepas. 2021.
      Molecular Biology and Evolution, msab293, https://doi.org/10.1093/molbev/msab293

[2] eggNOG 5.0: a hierarchical, functionally and phylogenetically annotated
      orthology resource based on 5090 organisms and 2502 viruses. Jaime
      Huerta-Cepas, Damian Szklarczyk, Davide Heller, Ana Hernandez-Plaza,
      Sofia K Forslund, Helen Cook, Daniel R Mende, Ivica Letunic, Thomas
      Rattei, Lars J Jensen, Christian von Mering and Peer Bork. Nucleic Acids
      Research, Volume 47, Issue D1, 8 January 2019, Pages D309-D314,
      https://doi.org/10.1093/nar/gky1085 

[3] MMseqs2 enables sensitive protein sequence searching for the analysis of massive data sets.
       Steinegger M & Söding J. 2017. Nat. Biotech. 35, 1026–1028. https://doi.org/10.1038/nbt.3988

e.g. Functional annotation was performed using eggNOG-mapper (version emapper-2.1.12-8b119d7) [1]
 based on eggNOG orthology data [2]. Sequence searches were performed using [3].

================================================================================

Total hits processed: 54351
Total time: 1031 secs
FINISHED
[Amaranthus_cruentus]
  skip (no prot)
[Amaranthus_hypochondriacus]
  skip (no prot)
[Amaranthus_tricolor]
  skip (no prot)
[Amborella_trichopoda]
  skip (no prot)
[Amborella_trichopoda_var._SantaCruz_75_HAP1]
  skip (no prot)
[Amborella_trichopoda_var._SantaCruz_75_HAP2]
  skip (no prot)
[Ammopiptanthus_mongolicus]
#  emapper-2.1.12-8b119d7
# emapper.py  -i /DATA/data2/downloads/IMP/Ammopiptanthus_mongolicus/Ammopiptanthus_mongolicus.prot.fasta -o /home/nizhu/Projects/plantsdb/result/result_imp/species/Ammopiptanthus_mongolicus/eggnog_work/Ammopiptanthus_mongolicus --data_dir /DATA/data2/emapperdb-5.0.2 -m mmseqs --cpu 40 --dbmem --tax_scope Viridiplantae --override --no_file_comments
[1;33m  /home/nizhu/software/miniforge3/envs/biotools/bin/mmseqs createdb '/DATA/data2/downloads/IMP/Ammopiptanthus_mongolicus/Ammopiptanthus_mongolicus.prot.fasta' '/home/nizhu/Projects/plantsdb/emappertmp_mmseqs_oljfqwpd/f82c000d14474f26baad3bdddf0d935b' --dbtype 1[0m
[1;33m  /home/nizhu/software/miniforge3/envs/biotools/bin/mmseqs search -a true '/home/nizhu/Projects/plantsdb/emappertmp_mmseqs_oljfqwpd/f82c000d14474f26baad3bdddf0d935b' '/DATA/data2/emapperdb-5.0.2/mmseqs/mmseqs.db' '/home/nizhu/Projects/plantsdb/emappertmp_mmseqs_oljfqwpd/ffa0a3c22aae4584b80247a2e28085ac' '/home/nizhu/Projects/plantsdb/emappertmp_mmseqs_oljfqwpd' --start-sens 3 --sens-steps 3 -s 7 --threads 40[0m
[1;33m  /home/nizhu/software/miniforge3/envs/biotools/bin/mmseqs filterdb '/home/nizhu/Projects/plantsdb/emappertmp_mmseqs_oljfqwpd/ffa0a3c22aae4584b80247a2e28085ac' '/home/nizhu/Projects/plantsdb/emappertmp_mmseqs_oljfqwpd/fbee95f3de034cd88ffa9771111655d8' --threads 40 --extract-lines 1 [0m
[1;33m  /home/nizhu/software/miniforge3/envs/biotools/bin/mmseqs convertalis '/home/nizhu/Projects/plantsdb/emappertmp_mmseqs_oljfqwpd/f82c000d14474f26baad3bdddf0d935b' '/DATA/data2/emapperdb-5.0.2/mmseqs/mmseqs.db' '/home/nizhu/Projects/plantsdb/emappertmp_mmseqs_oljfqwpd/fbee95f3de034cd88ffa9771111655d8' '/home/nizhu/Projects/plantsdb/emappertmp_mmseqs_oljfqwpd/fbee95f3de034cd88ffa9771111655d8.m8' --threads 40 --format-output "query,target,pident,alnlen,qstart,qend,tstart,tend,evalue,bits,qcov,tcov"[0m
Loading source DB...
[31mWarning: this can take a few minutes and load up to 45GB to RAM. Using --dbmem is recommended to annotate a large number of sequences.[0m
[32mDone[0m
[1;33mResult files:[0m
   /home/nizhu/Projects/plantsdb/result/result_imp/species/Ammopiptanthus_mongolicus/eggnog_work/Ammopiptanthus_mongolicus.emapper.hits
   /home/nizhu/Projects/plantsdb/result/result_imp/species/Ammopiptanthus_mongolicus/eggnog_work/Ammopiptanthus_mongolicus.emapper.seed_orthologs
   /home/nizhu/Projects/plantsdb/result/result_imp/species/Ammopiptanthus_mongolicus/eggnog_work/Ammopiptanthus_mongolicus.emapper.annotations

================================================================================
CITATION:
If you use this software, please cite:

[1] eggNOG-mapper v2: functional annotation, orthology assignments, and domain 
      prediction at the metagenomic scale. Carlos P. Cantalapiedra, 
      Ana Hernandez-Plaza, Ivica Letunic, Peer Bork, Jaime Huerta-Cepas. 2021.
      Molecular Biology and Evolution, msab293, https://doi.org/10.1093/molbev/msab293

[2] eggNOG 5.0: a hierarchical, functionally and phylogenetically annotated
      orthology resource based on 5090 organisms and 2502 viruses. Jaime
      Huerta-Cepas, Damian Szklarczyk, Davide Heller, Ana Hernandez-Plaza,
      Sofia K Forslund, Helen Cook, Daniel R Mende, Ivica Letunic, Thomas
      Rattei, Lars J Jensen, Christian von Mering and Peer Bork. Nucleic Acids
      Research, Volume 47, Issue D1, 8 January 2019, Pages D309-D314,
      https://doi.org/10.1093/nar/gky1085 

[3] MMseqs2 enables sensitive protein sequence searching for the analysis of massive data sets.
       Steinegger M & Söding J. 2017. Nat. Biotech. 35, 1026–1028. https://doi.org/10.1038/nbt.3988

e.g. Functional annotation was performed using eggNOG-mapper (version emapper-2.1.12-8b119d7) [1]
 based on eggNOG orthology data [2]. Sequence searches were performed using [3].

================================================================================

Total hits processed: 145664
Total time: 1857 secs
FINISHED
[Amorphophallus_konjac]
#  emapper-2.1.12-8b119d7
# emapper.py  -i /DATA/data2/downloads/IMP/Amorphophallus_konjac/Amorphophallus_konjac.prot.fasta -o /home/nizhu/Projects/plantsdb/result/result_imp/species/Amorphophallus_konjac/eggnog_work/Amorphophallus_konjac --data_dir /DATA/data2/emapperdb-5.0.2 -m mmseqs --cpu 40 --dbmem --tax_scope Viridiplantae --override --no_file_comments
[1;33m  /home/nizhu/software/miniforge3/envs/biotools/bin/mmseqs createdb '/DATA/data2/downloads/IMP/Amorphophallus_konjac/Amorphophallus_konjac.prot.fasta' '/home/nizhu/Projects/plantsdb/emappertmp_mmseqs_ppjn4xxc/dd12c61db0b747e9bfc7a6ea5928fb2d' --dbtype 1[0m
[1;33m  /home/nizhu/software/miniforge3/envs/biotools/bin/mmseqs search -a true '/home/nizhu/Projects/plantsdb/emappertmp_mmseqs_ppjn4xxc/dd12c61db0b747e9bfc7a6ea5928fb2d' '/DATA/data2/emapperdb-5.0.2/mmseqs/mmseqs.db' '/home/nizhu/Projects/plantsdb/emappertmp_mmseqs_ppjn4xxc/a85e1415e35a4584a8c7a104a1e09670' '/home/nizhu/Projects/plantsdb/emappertmp_mmseqs_ppjn4xxc' --start-sens 3 --sens-steps 3 -s 7 --threads 40[0m
[1;33m  /home/nizhu/software/miniforge3/envs/biotools/bin/mmseqs filterdb '/home/nizhu/Projects/plantsdb/emappertmp_mmseqs_ppjn4xxc/a85e1415e35a4584a8c7a104a1e09670' '/home/nizhu/Projects/plantsdb/emappertmp_mmseqs_ppjn4xxc/647d9c34677f40eab87d2b0901c99c0a' --threads 40 --extract-lines 1 [0m
[1;33m  /home/nizhu/software/miniforge3/envs/biotools/bin/mmseqs convertalis '/home/nizhu/Projects/plantsdb/emappertmp_mmseqs_ppjn4xxc/dd12c61db0b747e9bfc7a6ea5928fb2d' '/DATA/data2/emapperdb-5.0.2/mmseqs/mmseqs.db' '/home/nizhu/Projects/plantsdb/emappertmp_mmseqs_ppjn4xxc/647d9c34677f40eab87d2b0901c99c0a' '/home/nizhu/Projects/plantsdb/emappertmp_mmseqs_ppjn4xxc/647d9c34677f40eab87d2b0901c99c0a.m8' --threads 40 --format-output "query,target,pident,alnlen,qstart,qend,tstart,tend,evalue,bits,qcov,tcov"[0m
Loading source DB...
[31mWarning: this can take a few minutes and load up to 45GB to RAM. Using --dbmem is recommended to annotate a large number of sequences.[0m
[32mDone[0m
[1;33mResult files:[0m
   /home/nizhu/Projects/plantsdb/result/result_imp/species/Amorphophallus_konjac/eggnog_work/Amorphophallus_konjac.emapper.hits
   /home/nizhu/Projects/plantsdb/result/result_imp/species/Amorphophallus_konjac/eggnog_work/Amorphophallus_konjac.emapper.seed_orthologs
   /home/nizhu/Projects/plantsdb/result/result_imp/species/Amorphophallus_konjac/eggnog_work/Amorphophallus_konjac.emapper.annotations

================================================================================
CITATION:
If you use this software, please cite:

[1] eggNOG-mapper v2: functional annotation, orthology assignments, and domain 
      prediction at the metagenomic scale. Carlos P. Cantalapiedra, 
      Ana Hernandez-Plaza, Ivica Letunic, Peer Bork, Jaime Huerta-Cepas. 2021.
      Molecular Biology and Evolution, msab293, https://doi.org/10.1093/molbev/msab293

[2] eggNOG 5.0: a hierarchical, functionally and phylogenetically annotated
      orthology resource based on 5090 organisms and 2502 viruses. Jaime
      Huerta-Cepas, Damian Szklarczyk, Davide Heller, Ana Hernandez-Plaza,
      Sofia K Forslund, Helen Cook, Daniel R Mende, Ivica Letunic, Thomas
      Rattei, Lars J Jensen, Christian von Mering and Peer Bork. Nucleic Acids
      Research, Volume 47, Issue D1, 8 January 2019, Pages D309-D314,
      https://doi.org/10.1093/nar/gky1085 

[3] MMseqs2 enables sensitive protein sequence searching for the analysis of massive data sets.
       Steinegger M & Söding J. 2017. Nat. Biotech. 35, 1026–1028. https://doi.org/10.1038/nbt.3988

e.g. Functional annotation was performed using eggNOG-mapper (version emapper-2.1.12-8b119d7) [1]
 based on eggNOG orthology data [2]. Sequence searches were performed using [3].

================================================================================

Total hits processed: 103558
Total time: 2512 secs
FINISHED
[Ampelocalamus_luodianensis]
#  emapper-2.1.12-8b119d7
# emapper.py  -i /DATA/data2/downloads/IMP/Ampelocalamus_luodianensis/Ampelocalamus_luodianensis.prot.fasta -o /home/nizhu/Projects/plantsdb/result/result_imp/species/Ampelocalamus_luodianensis/eggnog_work/Ampelocalamus_luodianensis --data_dir /DATA/data2/emapperdb-5.0.2 -m mmseqs --cpu 40 --dbmem --tax_scope Viridiplantae --override --no_file_comments
[1;33m  /home/nizhu/software/miniforge3/envs/biotools/bin/mmseqs createdb '/DATA/data2/downloads/IMP/Ampelocalamus_luodianensis/Ampelocalamus_luodianensis.prot.fasta' '/home/nizhu/Projects/plantsdb/emappertmp_mmseqs_kfwzt7ag/0feb4d2e3b7f4e3d87c940c8fe4c297d' --dbtype 1[0m
[1;33m  /home/nizhu/software/miniforge3/envs/biotools/bin/mmseqs search -a true '/home/nizhu/Projects/plantsdb/emappertmp_mmseqs_kfwzt7ag/0feb4d2e3b7f4e3d87c940c8fe4c297d' '/DATA/data2/emapperdb-5.0.2/mmseqs/mmseqs.db' '/home/nizhu/Projects/plantsdb/emappertmp_mmseqs_kfwzt7ag/6d015fab0e0a4e90892bb4ec680304e6' '/home/nizhu/Projects/plantsdb/emappertmp_mmseqs_kfwzt7ag' --start-sens 3 --sens-steps 3 -s 7 --threads 40[0m
[1;33m  /home/nizhu/software/miniforge3/envs/biotools/bin/mmseqs filterdb '/home/nizhu/Projects/plantsdb/emappertmp_mmseqs_kfwzt7ag/6d015fab0e0a4e90892bb4ec680304e6' '/home/nizhu/Projects/plantsdb/emappertmp_mmseqs_kfwzt7ag/eac291f39dec4f9798266b821af09865' --threads 40 --extract-lines 1 [0m
[1;33m  /home/nizhu/software/miniforge3/envs/biotools/bin/mmseqs convertalis '/home/nizhu/Projects/plantsdb/emappertmp_mmseqs_kfwzt7ag/0feb4d2e3b7f4e3d87c940c8fe4c297d' '/DATA/data2/emapperdb-5.0.2/mmseqs/mmseqs.db' '/home/nizhu/Projects/plantsdb/emappertmp_mmseqs_kfwzt7ag/eac291f39dec4f9798266b821af09865' '/home/nizhu/Projects/plantsdb/emappertmp_mmseqs_kfwzt7ag/eac291f39dec4f9798266b821af09865.m8' --threads 40 --format-output "query,target,pident,alnlen,qstart,qend,tstart,tend,evalue,bits,qcov,tcov"[0m
Loading source DB...
[31mWarning: this can take a few minutes and load up to 45GB to RAM. Using --dbmem is recommended to annotate a large number of sequences.[0m
[32mDone[0m
[1;33mResult files:[0m
   /home/nizhu/Projects/plantsdb/result/result_imp/species/Ampelocalamus_luodianensis/eggnog_work/Ampelocalamus_luodianensis.emapper.hits
   /home/nizhu/Projects/plantsdb/result/result_imp/species/Ampelocalamus_luodianensis/eggnog_work/Ampelocalamus_luodianensis.emapper.seed_orthologs
   /home/nizhu/Projects/plantsdb/result/result_imp/species/Ampelocalamus_luodianensis/eggnog_work/Ampelocalamus_luodianensis.emapper.annotations

================================================================================
CITATION:
If you use this software, please cite:

[1] eggNOG-mapper v2: functional annotation, orthology assignments, and domain 
      prediction at the metagenomic scale. Carlos P. Cantalapiedra, 
      Ana Hernandez-Plaza, Ivica Letunic, Peer Bork, Jaime Huerta-Cepas. 2021.
      Molecular Biology and Evolution, msab293, https://doi.org/10.1093/molbev/msab293

[2] eggNOG 5.0: a hierarchical, functionally and phylogenetically annotated
      orthology resource based on 5090 organisms and 2502 viruses. Jaime
      Huerta-Cepas, Damian Szklarczyk, Davide Heller, Ana Hernandez-Plaza,
      Sofia K Forslund, Helen Cook, Daniel R Mende, Ivica Letunic, Thomas
      Rattei, Lars J Jensen, Christian von Mering and Peer Bork. Nucleic Acids
      Research, Volume 47, Issue D1, 8 January 2019, Pages D309-D314,
      https://doi.org/10.1093/nar/gky1085 

[3] MMseqs2 enables sensitive protein sequence searching for the analysis of massive data sets.
       Steinegger M & Söding J. 2017. Nat. Biotech. 35, 1026–1028. https://doi.org/10.1038/nbt.3988

e.g. Functional annotation was performed using eggNOG-mapper (version emapper-2.1.12-8b119d7) [1]
 based on eggNOG orthology data [2]. Sequence searches were performed using [3].

================================================================================

Total hits processed: 47461
Total time: 1010 secs
FINISHED
[Amphibalanus_amphitrite]
#  emapper-2.1.12-8b119d7
# emapper.py  -i /DATA/data2/downloads/IMP/Amphibalanus_amphitrite/Amphibalanus_amphitrite.prot.fasta -o /home/nizhu/Projects/plantsdb/result/result_imp/species/Amphibalanus_amphitrite/eggnog_work/Amphibalanus_amphitrite --data_dir /DATA/data2/emapperdb-5.0.2 -m mmseqs --cpu 40 --dbmem --tax_scope Viridiplantae --override --no_file_comments
[1;33m  /home/nizhu/software/miniforge3/envs/biotools/bin/mmseqs createdb '/DATA/data2/downloads/IMP/Amphibalanus_amphitrite/Amphibalanus_amphitrite.prot.fasta' '/home/nizhu/Projects/plantsdb/emappertmp_mmseqs_pts79050/87063621a04e41a7b389aeb42a8d5d39' --dbtype 1[0m
[1;33m  /home/nizhu/software/miniforge3/envs/biotools/bin/mmseqs search -a true '/home/nizhu/Projects/plantsdb/emappertmp_mmseqs_pts79050/87063621a04e41a7b389aeb42a8d5d39' '/DATA/data2/emapperdb-5.0.2/mmseqs/mmseqs.db' '/home/nizhu/Projects/plantsdb/emappertmp_mmseqs_pts79050/1004d0c5a7f04177a151d982033743d7' '/home/nizhu/Projects/plantsdb/emappertmp_mmseqs_pts79050' --start-sens 3 --sens-steps 3 -s 7 --threads 40[0m
[1;33m  /home/nizhu/software/miniforge3/envs/biotools/bin/mmseqs filterdb '/home/nizhu/Projects/plantsdb/emappertmp_mmseqs_pts79050/1004d0c5a7f04177a151d982033743d7' '/home/nizhu/Projects/plantsdb/emappertmp_mmseqs_pts79050/ec2591578b7948cab10ffe4b1ee33de3' --threads 40 --extract-lines 1 [0m
[1;33m  /home/nizhu/software/miniforge3/envs/biotools/bin/mmseqs convertalis '/home/nizhu/Projects/plantsdb/emappertmp_mmseqs_pts79050/87063621a04e41a7b389aeb42a8d5d39' '/DATA/data2/emapperdb-5.0.2/mmseqs/mmseqs.db' '/home/nizhu/Projects/plantsdb/emappertmp_mmseqs_pts79050/ec2591578b7948cab10ffe4b1ee33de3' '/home/nizhu/Projects/plantsdb/emappertmp_mmseqs_pts79050/ec2591578b7948cab10ffe4b1ee33de3.m8' --threads 40 --format-output "query,target,pident,alnlen,qstart,qend,tstart,tend,evalue,bits,qcov,tcov"[0m
Loading source DB...
[31mWarning: this can take a few minutes and load up to 45GB to RAM. Using --dbmem is recommended to annotate a large number of sequences.[0m
[32mDone[0m
[1;33mResult files:[0m
   /home/nizhu/Projects/plantsdb/result/result_imp/species/Amphibalanus_amphitrite/eggnog_work/Amphibalanus_amphitrite.emapper.hits
   /home/nizhu/Projects/plantsdb/result/result_imp/species/Amphibalanus_amphitrite/eggnog_work/Amphibalanus_amphitrite.emapper.seed_orthologs
   /home/nizhu/Projects/plantsdb/result/result_imp/species/Amphibalanus_amphitrite/eggnog_work/Amphibalanus_amphitrite.emapper.annotations

================================================================================
CITATION:
If you use this software, please cite:

[1] eggNOG-mapper v2: functional annotation, orthology assignments, and domain 
      prediction at the metagenomic scale. Carlos P. Cantalapiedra, 
      Ana Hernandez-Plaza, Ivica Letunic, Peer Bork, Jaime Huerta-Cepas. 2021.
      Molecular Biology and Evolution, msab293, https://doi.org/10.1093/molbev/msab293

[2] eggNOG 5.0: a hierarchical, functionally and phylogenetically annotated
      orthology resource based on 5090 organisms and 2502 viruses. Jaime
      Huerta-Cepas, Damian Szklarczyk, Davide Heller, Ana Hernandez-Plaza,
      Sofia K Forslund, Helen Cook, Daniel R Mende, Ivica Letunic, Thomas
      Rattei, Lars J Jensen, Christian von Mering and Peer Bork. Nucleic Acids
      Research, Volume 47, Issue D1, 8 January 2019, Pages D309-D314,
      https://doi.org/10.1093/nar/gky1085 

[3] MMseqs2 enables sensitive protein sequence searching for the analysis of massive data sets.
       Steinegger M & Söding J. 2017. Nat. Biotech. 35, 1026–1028. https://doi.org/10.1038/nbt.3988

e.g. Functional annotation was performed using eggNOG-mapper (version emapper-2.1.12-8b119d7) [1]
 based on eggNOG orthology data [2]. Sequence searches were performed using [3].

================================================================================

Total hits processed: 12572
Total time: 771 secs
FINISHED
[Amphicarpaea_edgeworthii]
#  emapper-2.1.12-8b119d7
# emapper.py  -i /DATA/data2/downloads/IMP/Amphicarpaea_edgeworthii/Amphicarpaea_edgeworthii.prot.fasta -o /home/nizhu/Projects/plantsdb/result/result_imp/species/Amphicarpaea_edgeworthii/eggnog_work/Amphicarpaea_edgeworthii --data_dir /DATA/data2/emapperdb-5.0.2 -m mmseqs --cpu 40 --dbmem --tax_scope Viridiplantae --override --no_file_comments
[1;33m  /home/nizhu/software/miniforge3/envs/biotools/bin/mmseqs createdb '/DATA/data2/downloads/IMP/Amphicarpaea_edgeworthii/Amphicarpaea_edgeworthii.prot.fasta' '/home/nizhu/Projects/plantsdb/emappertmp_mmseqs_0x8kts_6/d84f2686053f4c809579ea5a4b961249' --dbtype 1[0m
[1;33m  /home/nizhu/software/miniforge3/envs/biotools/bin/mmseqs search -a true '/home/nizhu/Projects/plantsdb/emappertmp_mmseqs_0x8kts_6/d84f2686053f4c809579ea5a4b961249' '/DATA/data2/emapperdb-5.0.2/mmseqs/mmseqs.db' '/home/nizhu/Projects/plantsdb/emappertmp_mmseqs_0x8kts_6/881eef0e4761427baa4bd59b219e6dd7' '/home/nizhu/Projects/plantsdb/emappertmp_mmseqs_0x8kts_6' --start-sens 3 --sens-steps 3 -s 7 --threads 40[0m
[1;33m  /home/nizhu/software/miniforge3/envs/biotools/bin/mmseqs filterdb '/home/nizhu/Projects/plantsdb/emappertmp_mmseqs_0x8kts_6/881eef0e4761427baa4bd59b219e6dd7' '/home/nizhu/Projects/plantsdb/emappertmp_mmseqs_0x8kts_6/9e835ecc27704b2982d44d8daf0994af' --threads 40 --extract-lines 1 [0m
[1;33m  /home/nizhu/software/miniforge3/envs/biotools/bin/mmseqs convertalis '/home/nizhu/Projects/plantsdb/emappertmp_mmseqs_0x8kts_6/d84f2686053f4c809579ea5a4b961249' '/DATA/data2/emapperdb-5.0.2/mmseqs/mmseqs.db' '/home/nizhu/Projects/plantsdb/emappertmp_mmseqs_0x8kts_6/9e835ecc27704b2982d44d8daf0994af' '/home/nizhu/Projects/plantsdb/emappertmp_mmseqs_0x8kts_6/9e835ecc27704b2982d44d8daf0994af.m8' --threads 40 --format-output "query,target,pident,alnlen,qstart,qend,tstart,tend,evalue,bits,qcov,tcov"[0m
Loading source DB...
[31mWarning: this can take a few minutes and load up to 45GB to RAM. Using --dbmem is recommended to annotate a large number of sequences.[0m
[32mDone[0m
[1;33mResult files:[0m
   /home/nizhu/Projects/plantsdb/result/result_imp/species/Amphicarpaea_edgeworthii/eggnog_work/Amphicarpaea_edgeworthii.emapper.hits
   /home/nizhu/Projects/plantsdb/result/result_imp/species/Amphicarpaea_edgeworthii/eggnog_work/Amphicarpaea_edgeworthii.emapper.seed_orthologs
   /home/nizhu/Projects/plantsdb/result/result_imp/species/Amphicarpaea_edgeworthii/eggnog_work/Amphicarpaea_edgeworthii.emapper.annotations

================================================================================
CITATION:
If you use this software, please cite:

[1] eggNOG-mapper v2: functional annotation, orthology assignments, and domain 
      prediction at the metagenomic scale. Carlos P. Cantalapiedra, 
      Ana Hernandez-Plaza, Ivica Letunic, Peer Bork, Jaime Huerta-Cepas. 2021.
      Molecular Biology and Evolution, msab293, https://doi.org/10.1093/molbev/msab293

[2] eggNOG 5.0: a hierarchical, functionally and phylogenetically annotated
      orthology resource based on 5090 organisms and 2502 viruses. Jaime
      Huerta-Cepas, Damian Szklarczyk, Davide Heller, Ana Hernandez-Plaza,
      Sofia K Forslund, Helen Cook, Daniel R Mende, Ivica Letunic, Thomas
      Rattei, Lars J Jensen, Christian von Mering and Peer Bork. Nucleic Acids
      Research, Volume 47, Issue D1, 8 January 2019, Pages D309-D314,
      https://doi.org/10.1093/nar/gky1085 

[3] MMseqs2 enables sensitive protein sequence searching for the analysis of massive data sets.
       Steinegger M & Söding J. 2017. Nat. Biotech. 35, 1026–1028. https://doi.org/10.1038/nbt.3988

e.g. Functional annotation was performed using eggNOG-mapper (version emapper-2.1.12-8b119d7) [1]
 based on eggNOG orthology data [2]. Sequence searches were performed using [3].

================================================================================

Total hits processed: 43578
Total time: 958 secs
FINISHED
[Anacardium_occidentale]
#  emapper-2.1.12-8b119d7
# emapper.py  -i /DATA/data2/downloads/IMP/Anacardium_occidentale/Anacardium_occidentale.prot.fasta -o /home/nizhu/Projects/plantsdb/result/result_imp/species/Anacardium_occidentale/eggnog_work/Anacardium_occidentale --data_dir /DATA/data2/emapperdb-5.0.2 -m mmseqs --cpu 40 --dbmem --tax_scope Viridiplantae --override --no_file_comments
[1;33m  /home/nizhu/software/miniforge3/envs/biotools/bin/mmseqs createdb '/DATA/data2/downloads/IMP/Anacardium_occidentale/Anacardium_occidentale.prot.fasta' '/home/nizhu/Projects/plantsdb/emappertmp_mmseqs_7j8133u6/86f6ff5ba92e4c0fbb4a2d36f7fc0906' --dbtype 1[0m
[1;33m  /home/nizhu/software/miniforge3/envs/biotools/bin/mmseqs search -a true '/home/nizhu/Projects/plantsdb/emappertmp_mmseqs_7j8133u6/86f6ff5ba92e4c0fbb4a2d36f7fc0906' '/DATA/data2/emapperdb-5.0.2/mmseqs/mmseqs.db' '/home/nizhu/Projects/plantsdb/emappertmp_mmseqs_7j8133u6/55d75780287b4537b387820b0454912f' '/home/nizhu/Projects/plantsdb/emappertmp_mmseqs_7j8133u6' --start-sens 3 --sens-steps 3 -s 7 --threads 40[0m
[1;33m  /home/nizhu/software/miniforge3/envs/biotools/bin/mmseqs filterdb '/home/nizhu/Projects/plantsdb/emappertmp_mmseqs_7j8133u6/55d75780287b4537b387820b0454912f' '/home/nizhu/Projects/plantsdb/emappertmp_mmseqs_7j8133u6/798b1fed1ed3498c880ac894152a7ed2' --threads 40 --extract-lines 1 [0m
[1;33m  /home/nizhu/software/miniforge3/envs/biotools/bin/mmseqs convertalis '/home/nizhu/Projects/plantsdb/emappertmp_mmseqs_7j8133u6/86f6ff5ba92e4c0fbb4a2d36f7fc0906' '/DATA/data2/emapperdb-5.0.2/mmseqs/mmseqs.db' '/home/nizhu/Projects/plantsdb/emappertmp_mmseqs_7j8133u6/798b1fed1ed3498c880ac894152a7ed2' '/home/nizhu/Projects/plantsdb/emappertmp_mmseqs_7j8133u6/798b1fed1ed3498c880ac894152a7ed2.m8' --threads 40 --format-output "query,target,pident,alnlen,qstart,qend,tstart,tend,evalue,bits,qcov,tcov"[0m
Loading source DB...
[31mWarning: this can take a few minutes and load up to 45GB to RAM. Using --dbmem is recommended to annotate a large number of sequences.[0m
[32mDone[0m
[1;33mResult files:[0m
   /home/nizhu/Projects/plantsdb/result/result_imp/species/Anacardium_occidentale/eggnog_work/Anacardium_occidentale.emapper.hits
   /home/nizhu/Projects/plantsdb/result/result_imp/species/Anacardium_occidentale/eggnog_work/Anacardium_occidentale.emapper.seed_orthologs
   /home/nizhu/Projects/plantsdb/result/result_imp/species/Anacardium_occidentale/eggnog_work/Anacardium_occidentale.emapper.annotations

================================================================================
CITATION:
If you use this software, please cite:

[1] eggNOG-mapper v2: functional annotation, orthology assignments, and domain 
      prediction at the metagenomic scale. Carlos P. Cantalapiedra, 
      Ana Hernandez-Plaza, Ivica Letunic, Peer Bork, Jaime Huerta-Cepas. 2021.
      Molecular Biology and Evolution, msab293, https://doi.org/10.1093/molbev/msab293

[2] eggNOG 5.0: a hierarchical, functionally and phylogenetically annotated
      orthology resource based on 5090 organisms and 2502 viruses. Jaime
      Huerta-Cepas, Damian Szklarczyk, Davide Heller, Ana Hernandez-Plaza,
      Sofia K Forslund, Helen Cook, Daniel R Mende, Ivica Letunic, Thomas
      Rattei, Lars J Jensen, Christian von Mering and Peer Bork. Nucleic Acids
      Research, Volume 47, Issue D1, 8 January 2019, Pages D309-D314,
      https://doi.org/10.1093/nar/gky1085 

[3] MMseqs2 enables sensitive protein sequence searching for the analysis of massive data sets.
       Steinegger M & Söding J. 2017. Nat. Biotech. 35, 1026–1028. https://doi.org/10.1038/nbt.3988

e.g. Functional annotation was performed using eggNOG-mapper (version emapper-2.1.12-8b119d7) [1]
 based on eggNOG orthology data [2]. Sequence searches were performed using [3].

================================================================================

Total hits processed: 79619
Total time: 1298 secs
FINISHED
[Ananas_comosus]
#  emapper-2.1.12-8b119d7
# emapper.py  -i /DATA/data2/downloads/IMP/Ananas_comosus/Ananas_comosus.prot.fasta -o /home/nizhu/Projects/plantsdb/result/result_imp/species/Ananas_comosus/eggnog_work/Ananas_comosus --data_dir /DATA/data2/emapperdb-5.0.2 -m mmseqs --cpu 40 --dbmem --tax_scope Viridiplantae --override --no_file_comments
[1;33m  /home/nizhu/software/miniforge3/envs/biotools/bin/mmseqs createdb '/DATA/data2/downloads/IMP/Ananas_comosus/Ananas_comosus.prot.fasta' '/home/nizhu/Projects/plantsdb/emappertmp_mmseqs_dw8jsd19/436bc2c6fab44eefbc8810f4d280aaf7' --dbtype 1[0m
[1;33m  /home/nizhu/software/miniforge3/envs/biotools/bin/mmseqs search -a true '/home/nizhu/Projects/plantsdb/emappertmp_mmseqs_dw8jsd19/436bc2c6fab44eefbc8810f4d280aaf7' '/DATA/data2/emapperdb-5.0.2/mmseqs/mmseqs.db' '/home/nizhu/Projects/plantsdb/emappertmp_mmseqs_dw8jsd19/0d8ff23106a545d38ea683c647307392' '/home/nizhu/Projects/plantsdb/emappertmp_mmseqs_dw8jsd19' --start-sens 3 --sens-steps 3 -s 7 --threads 40[0m
[1;33m  /home/nizhu/software/miniforge3/envs/biotools/bin/mmseqs filterdb '/home/nizhu/Projects/plantsdb/emappertmp_mmseqs_dw8jsd19/0d8ff23106a545d38ea683c647307392' '/home/nizhu/Projects/plantsdb/emappertmp_mmseqs_dw8jsd19/710e86fd9bdb482eb8674378f24d6c73' --threads 40 --extract-lines 1 [0m
[1;33m  /home/nizhu/software/miniforge3/envs/biotools/bin/mmseqs convertalis '/home/nizhu/Projects/plantsdb/emappertmp_mmseqs_dw8jsd19/436bc2c6fab44eefbc8810f4d280aaf7' '/DATA/data2/emapperdb-5.0.2/mmseqs/mmseqs.db' '/home/nizhu/Projects/plantsdb/emappertmp_mmseqs_dw8jsd19/710e86fd9bdb482eb8674378f24d6c73' '/home/nizhu/Projects/plantsdb/emappertmp_mmseqs_dw8jsd19/710e86fd9bdb482eb8674378f24d6c73.m8' --threads 40 --format-output "query,target,pident,alnlen,qstart,qend,tstart,tend,evalue,bits,qcov,tcov"[0m
Loading source DB...
[31mWarning: this can take a few minutes and load up to 45GB to RAM. Using --dbmem is recommended to annotate a large number of sequences.[0m
[32mDone[0m
[1;33mResult files:[0m
   /home/nizhu/Projects/plantsdb/result/result_imp/species/Ananas_comosus/eggnog_work/Ananas_comosus.emapper.hits
   /home/nizhu/Projects/plantsdb/result/result_imp/species/Ananas_comosus/eggnog_work/Ananas_comosus.emapper.seed_orthologs
   /home/nizhu/Projects/plantsdb/result/result_imp/species/Ananas_comosus/eggnog_work/Ananas_comosus.emapper.annotations

================================================================================
CITATION:
If you use this software, please cite:

[1] eggNOG-mapper v2: functional annotation, orthology assignments, and domain 
      prediction at the metagenomic scale. Carlos P. Cantalapiedra, 
      Ana Hernandez-Plaza, Ivica Letunic, Peer Bork, Jaime Huerta-Cepas. 2021.
      Molecular Biology and Evolution, msab293, https://doi.org/10.1093/molbev/msab293

[2] eggNOG 5.0: a hierarchical, functionally and phylogenetically annotated
      orthology resource based on 5090 organisms and 2502 viruses. Jaime
      Huerta-Cepas, Damian Szklarczyk, Davide Heller, Ana Hernandez-Plaza,
      Sofia K Forslund, Helen Cook, Daniel R Mende, Ivica Letunic, Thomas
      Rattei, Lars J Jensen, Christian von Mering and Peer Bork. Nucleic Acids
      Research, Volume 47, Issue D1, 8 January 2019, Pages D309-D314,
      https://doi.org/10.1093/nar/gky1085 

[3] MMseqs2 enables sensitive protein sequence searching for the analysis of massive data sets.
       Steinegger M & Söding J. 2017. Nat. Biotech. 35, 1026–1028. https://doi.org/10.1038/nbt.3988

e.g. Functional annotation was performed using eggNOG-mapper (version emapper-2.1.12-8b119d7) [1]
 based on eggNOG orthology data [2]. Sequence searches were performed using [3].

================================================================================

Total hits processed: 21947
Total time: 885 secs
FINISHED
[Andrographis_paniculata]
#  emapper-2.1.12-8b119d7
# emapper.py  -i /DATA/data2/downloads/IMP/Andrographis_paniculata/Andrographis_paniculata.prot.fasta -o /home/nizhu/Projects/plantsdb/result/result_imp/species/Andrographis_paniculata/eggnog_work/Andrographis_paniculata --data_dir /DATA/data2/emapperdb-5.0.2 -m mmseqs --cpu 40 --dbmem --tax_scope Viridiplantae --override --no_file_comments
[1;33m  /home/nizhu/software/miniforge3/envs/biotools/bin/mmseqs createdb '/DATA/data2/downloads/IMP/Andrographis_paniculata/Andrographis_paniculata.prot.fasta' '/home/nizhu/Projects/plantsdb/emappertmp_mmseqs_mfabzah3/816c4a9fb1b64276907655bdff991bb6' --dbtype 1[0m
[1;33m  /home/nizhu/software/miniforge3/envs/biotools/bin/mmseqs search -a true '/home/nizhu/Projects/plantsdb/emappertmp_mmseqs_mfabzah3/816c4a9fb1b64276907655bdff991bb6' '/DATA/data2/emapperdb-5.0.2/mmseqs/mmseqs.db' '/home/nizhu/Projects/plantsdb/emappertmp_mmseqs_mfabzah3/24b2292bae8c4de9b8d596dc022f0150' '/home/nizhu/Projects/plantsdb/emappertmp_mmseqs_mfabzah3' --start-sens 3 --sens-steps 3 -s 7 --threads 40[0m
[1;33m  /home/nizhu/software/miniforge3/envs/biotools/bin/mmseqs filterdb '/home/nizhu/Projects/plantsdb/emappertmp_mmseqs_mfabzah3/24b2292bae8c4de9b8d596dc022f0150' '/home/nizhu/Projects/plantsdb/emappertmp_mmseqs_mfabzah3/be8216f7f1814edba28c253e38924349' --threads 40 --extract-lines 1 [0m
[1;33m  /home/nizhu/software/miniforge3/envs/biotools/bin/mmseqs convertalis '/home/nizhu/Projects/plantsdb/emappertmp_mmseqs_mfabzah3/816c4a9fb1b64276907655bdff991bb6' '/DATA/data2/emapperdb-5.0.2/mmseqs/mmseqs.db' '/home/nizhu/Projects/plantsdb/emappertmp_mmseqs_mfabzah3/be8216f7f1814edba28c253e38924349' '/home/nizhu/Projects/plantsdb/emappertmp_mmseqs_mfabzah3/be8216f7f1814edba28c253e38924349.m8' --threads 40 --format-output "query,target,pident,alnlen,qstart,qend,tstart,tend,evalue,bits,qcov,tcov"[0m
Loading source DB...
[31mWarning: this can take a few minutes and load up to 45GB to RAM. Using --dbmem is recommended to annotate a large number of sequences.[0m
[32mDone[0m
[1;33mResult files:[0m
   /home/nizhu/Projects/plantsdb/result/result_imp/species/Andrographis_paniculata/eggnog_work/Andrographis_paniculata.emapper.hits
   /home/nizhu/Projects/plantsdb/result/result_imp/species/Andrographis_paniculata/eggnog_work/Andrographis_paniculata.emapper.seed_orthologs
   /home/nizhu/Projects/plantsdb/result/result_imp/species/Andrographis_paniculata/eggnog_work/Andrographis_paniculata.emapper.annotations

================================================================================
CITATION:
If you use this software, please cite:

[1] eggNOG-mapper v2: functional annotation, orthology assignments, and domain 
      prediction at the metagenomic scale. Carlos P. Cantalapiedra, 
      Ana Hernandez-Plaza, Ivica Letunic, Peer Bork, Jaime Huerta-Cepas. 2021.
      Molecular Biology and Evolution, msab293, https://doi.org/10.1093/molbev/msab293

[2] eggNOG 5.0: a hierarchical, functionally and phylogenetically annotated
      orthology resource based on 5090 organisms and 2502 viruses. Jaime
      Huerta-Cepas, Damian Szklarczyk, Davide Heller, Ana Hernandez-Plaza,
      Sofia K Forslund, Helen Cook, Daniel R Mende, Ivica Letunic, Thomas
      Rattei, Lars J Jensen, Christian von Mering and Peer Bork. Nucleic Acids
      Research, Volume 47, Issue D1, 8 January 2019, Pages D309-D314,
      https://doi.org/10.1093/nar/gky1085 

[3] MMseqs2 enables sensitive protein sequence searching for the analysis of massive data sets.
       Steinegger M & Söding J. 2017. Nat. Biotech. 35, 1026–1028. https://doi.org/10.1038/nbt.3988

e.g. Functional annotation was performed using eggNOG-mapper (version emapper-2.1.12-8b119d7) [1]
 based on eggNOG orthology data [2]. Sequence searches were performed using [3].

================================================================================

Total hits processed: 42255
Total time: 1030 secs
FINISHED
[Andropogon_gerardi_hap1]
  skip (no prot)
[Andropogon_gerardi_hap2]
  skip (no prot)
[Anethum_foeniculum]
#  emapper-2.1.12-8b119d7
# emapper.py  -i /DATA/data2/downloads/IMP/Anethum_foeniculum/Anethum_foeniculum.prot.fasta -o /home/nizhu/Projects/plantsdb/result/result_imp/species/Anethum_foeniculum/eggnog_work/Anethum_foeniculum --data_dir /DATA/data2/emapperdb-5.0.2 -m mmseqs --cpu 40 --dbmem --tax_scope Viridiplantae --override --no_file_comments
[1;33m  /home/nizhu/software/miniforge3/envs/biotools/bin/mmseqs createdb '/DATA/data2/downloads/IMP/Anethum_foeniculum/Anethum_foeniculum.prot.fasta' '/home/nizhu/Projects/plantsdb/emappertmp_mmseqs_bwipkntt/561045ab25934102b5ea3422bb48033b' --dbtype 1[0m
[1;33m  /home/nizhu/software/miniforge3/envs/biotools/bin/mmseqs search -a true '/home/nizhu/Projects/plantsdb/emappertmp_mmseqs_bwipkntt/561045ab25934102b5ea3422bb48033b' '/DATA/data2/emapperdb-5.0.2/mmseqs/mmseqs.db' '/home/nizhu/Projects/plantsdb/emappertmp_mmseqs_bwipkntt/17513cf9d4ed47ea9fd1323b1edf5bb5' '/home/nizhu/Projects/plantsdb/emappertmp_mmseqs_bwipkntt' --start-sens 3 --sens-steps 3 -s 7 --threads 40[0m
[1;33m  /home/nizhu/software/miniforge3/envs/biotools/bin/mmseqs filterdb '/home/nizhu/Projects/plantsdb/emappertmp_mmseqs_bwipkntt/17513cf9d4ed47ea9fd1323b1edf5bb5' '/home/nizhu/Projects/plantsdb/emappertmp_mmseqs_bwipkntt/1ff978d2f7a7457c9eed091d1d8b8b74' --threads 40 --extract-lines 1 [0m
[1;33m  /home/nizhu/software/miniforge3/envs/biotools/bin/mmseqs convertalis '/home/nizhu/Projects/plantsdb/emappertmp_mmseqs_bwipkntt/561045ab25934102b5ea3422bb48033b' '/DATA/data2/emapperdb-5.0.2/mmseqs/mmseqs.db' '/home/nizhu/Projects/plantsdb/emappertmp_mmseqs_bwipkntt/1ff978d2f7a7457c9eed091d1d8b8b74' '/home/nizhu/Projects/plantsdb/emappertmp_mmseqs_bwipkntt/1ff978d2f7a7457c9eed091d1d8b8b74.m8' --threads 40 --format-output "query,target,pident,alnlen,qstart,qend,tstart,tend,evalue,bits,qcov,tcov"[0m
Loading source DB...
[31mWarning: this can take a few minutes and load up to 45GB to RAM. Using --dbmem is recommended to annotate a large number of sequences.[0m
[32mDone[0m
[1;33mResult files:[0m
   /home/nizhu/Projects/plantsdb/result/result_imp/species/Anethum_foeniculum/eggnog_work/Anethum_foeniculum.emapper.hits
   /home/nizhu/Projects/plantsdb/result/result_imp/species/Anethum_foeniculum/eggnog_work/Anethum_foeniculum.emapper.seed_orthologs
   /home/nizhu/Projects/plantsdb/result/result_imp/species/Anethum_foeniculum/eggnog_work/Anethum_foeniculum.emapper.annotations

================================================================================
CITATION:
If you use this software, please cite:

[1] eggNOG-mapper v2: functional annotation, orthology assignments, and domain 
      prediction at the metagenomic scale. Carlos P. Cantalapiedra, 
      Ana Hernandez-Plaza, Ivica Letunic, Peer Bork, Jaime Huerta-Cepas. 2021.
      Molecular Biology and Evolution, msab293, https://doi.org/10.1093/molbev/msab293

[2] eggNOG 5.0: a hierarchical, functionally and phylogenetically annotated
      orthology resource based on 5090 organisms and 2502 viruses. Jaime
      Huerta-Cepas, Damian Szklarczyk, Davide Heller, Ana Hernandez-Plaza,
      Sofia K Forslund, Helen Cook, Daniel R Mende, Ivica Letunic, Thomas
      Rattei, Lars J Jensen, Christian von Mering and Peer Bork. Nucleic Acids
      Research, Volume 47, Issue D1, 8 January 2019, Pages D309-D314,
      https://doi.org/10.1093/nar/gky1085 

[3] MMseqs2 enables sensitive protein sequence searching for the analysis of massive data sets.
       Steinegger M & Söding J. 2017. Nat. Biotech. 35, 1026–1028. https://doi.org/10.1038/nbt.3988

e.g. Functional annotation was performed using eggNOG-mapper (version emapper-2.1.12-8b119d7) [1]
 based on eggNOG orthology data [2]. Sequence searches were performed using [3].

================================================================================

Total hits processed: 100346
Total time: 1585 secs
FINISHED
[Anisodus_acutangulus]
#  emapper-2.1.12-8b119d7
# emapper.py  -i /DATA/data2/downloads/IMP/Anisodus_acutangulus/Anisodus_acutangulus.prot.fasta -o /home/nizhu/Projects/plantsdb/result/result_imp/species/Anisodus_acutangulus/eggnog_work/Anisodus_acutangulus --data_dir /DATA/data2/emapperdb-5.0.2 -m mmseqs --cpu 40 --dbmem --tax_scope Viridiplantae --override --no_file_comments
[1;33m  /home/nizhu/software/miniforge3/envs/biotools/bin/mmseqs createdb '/DATA/data2/downloads/IMP/Anisodus_acutangulus/Anisodus_acutangulus.prot.fasta' '/home/nizhu/Projects/plantsdb/emappertmp_mmseqs_aub8i2am/6f6edca8e9054f49bb92d4ec02d02ea3' --dbtype 1[0m
[1;33m  /home/nizhu/software/miniforge3/envs/biotools/bin/mmseqs search -a true '/home/nizhu/Projects/plantsdb/emappertmp_mmseqs_aub8i2am/6f6edca8e9054f49bb92d4ec02d02ea3' '/DATA/data2/emapperdb-5.0.2/mmseqs/mmseqs.db' '/home/nizhu/Projects/plantsdb/emappertmp_mmseqs_aub8i2am/b8e701a3fe294c2b9b62fa42e7dfdfb0' '/home/nizhu/Projects/plantsdb/emappertmp_mmseqs_aub8i2am' --start-sens 3 --sens-steps 3 -s 7 --threads 40[0m
[1;33m  /home/nizhu/software/miniforge3/envs/biotools/bin/mmseqs filterdb '/home/nizhu/Projects/plantsdb/emappertmp_mmseqs_aub8i2am/b8e701a3fe294c2b9b62fa42e7dfdfb0' '/home/nizhu/Projects/plantsdb/emappertmp_mmseqs_aub8i2am/707109ba208d44ab852004bf80f6f51e' --threads 40 --extract-lines 1 [0m
[1;33m  /home/nizhu/software/miniforge3/envs/biotools/bin/mmseqs convertalis '/home/nizhu/Projects/plantsdb/emappertmp_mmseqs_aub8i2am/6f6edca8e9054f49bb92d4ec02d02ea3' '/DATA/data2/emapperdb-5.0.2/mmseqs/mmseqs.db' '/home/nizhu/Projects/plantsdb/emappertmp_mmseqs_aub8i2am/707109ba208d44ab852004bf80f6f51e' '/home/nizhu/Projects/plantsdb/emappertmp_mmseqs_aub8i2am/707109ba208d44ab852004bf80f6f51e.m8' --threads 40 --format-output "query,target,pident,alnlen,qstart,qend,tstart,tend,evalue,bits,qcov,tcov"[0m
Loading source DB...
[31mWarning: this can take a few minutes and load up to 45GB to RAM. Using --dbmem is recommended to annotate a large number of sequences.[0m
[32mDone[0m
[1;33mResult files:[0m
   /home/nizhu/Projects/plantsdb/result/result_imp/species/Anisodus_acutangulus/eggnog_work/Anisodus_acutangulus.emapper.hits
   /home/nizhu/Projects/plantsdb/result/result_imp/species/Anisodus_acutangulus/eggnog_work/Anisodus_acutangulus.emapper.seed_orthologs
   /home/nizhu/Projects/plantsdb/result/result_imp/species/Anisodus_acutangulus/eggnog_work/Anisodus_acutangulus.emapper.annotations

================================================================================
CITATION:
If you use this software, please cite:

[1] eggNOG-mapper v2: functional annotation, orthology assignments, and domain 
      prediction at the metagenomic scale. Carlos P. Cantalapiedra, 
      Ana Hernandez-Plaza, Ivica Letunic, Peer Bork, Jaime Huerta-Cepas. 2021.
      Molecular Biology and Evolution, msab293, https://doi.org/10.1093/molbev/msab293

[2] eggNOG 5.0: a hierarchical, functionally and phylogenetically annotated
      orthology resource based on 5090 organisms and 2502 viruses. Jaime
      Huerta-Cepas, Damian Szklarczyk, Davide Heller, Ana Hernandez-Plaza,
      Sofia K Forslund, Helen Cook, Daniel R Mende, Ivica Letunic, Thomas
      Rattei, Lars J Jensen, Christian von Mering and Peer Bork. Nucleic Acids
      Research, Volume 47, Issue D1, 8 January 2019, Pages D309-D314,
      https://doi.org/10.1093/nar/gky1085 

[3] MMseqs2 enables sensitive protein sequence searching for the analysis of massive data sets.
       Steinegger M & Söding J. 2017. Nat. Biotech. 35, 1026–1028. https://doi.org/10.1038/nbt.3988

e.g. Functional annotation was performed using eggNOG-mapper (version emapper-2.1.12-8b119d7) [1]
 based on eggNOG orthology data [2]. Sequence searches were performed using [3].

================================================================================

Total hits processed: 36358
Total time: 956 secs
FINISHED
[Annona_cherimola_Booth]
  skip (no prot)
[Annona_cherimola_Fino_de_Jete]
  skip (no prot)
[Anthoceros_angustus]
#  emapper-2.1.12-8b119d7
# emapper.py  -i /DATA/data2/downloads/IMP/Anthoceros_angustus/Anthoceros_angustus.prot.fasta -o /home/nizhu/Projects/plantsdb/result/result_imp/species/Anthoceros_angustus/eggnog_work/Anthoceros_angustus --data_dir /DATA/data2/emapperdb-5.0.2 -m mmseqs --cpu 40 --dbmem --tax_scope Viridiplantae --override --no_file_comments
[1;33m  /home/nizhu/software/miniforge3/envs/biotools/bin/mmseqs createdb '/DATA/data2/downloads/IMP/Anthoceros_angustus/Anthoceros_angustus.prot.fasta' '/home/nizhu/Projects/plantsdb/emappertmp_mmseqs_8wq9yplh/d1a9f45039184d19a89f06d0e5f444b1' --dbtype 1[0m
[1;33m  /home/nizhu/software/miniforge3/envs/biotools/bin/mmseqs search -a true '/home/nizhu/Projects/plantsdb/emappertmp_mmseqs_8wq9yplh/d1a9f45039184d19a89f06d0e5f444b1' '/DATA/data2/emapperdb-5.0.2/mmseqs/mmseqs.db' '/home/nizhu/Projects/plantsdb/emappertmp_mmseqs_8wq9yplh/95f892241bbf48b1bcb43b97fbb31305' '/home/nizhu/Projects/plantsdb/emappertmp_mmseqs_8wq9yplh' --start-sens 3 --sens-steps 3 -s 7 --threads 40[0m
[1;33m  /home/nizhu/software/miniforge3/envs/biotools/bin/mmseqs filterdb '/home/nizhu/Projects/plantsdb/emappertmp_mmseqs_8wq9yplh/95f892241bbf48b1bcb43b97fbb31305' '/home/nizhu/Projects/plantsdb/emappertmp_mmseqs_8wq9yplh/7a58e53d94234a54980d49444599ad60' --threads 40 --extract-lines 1 [0m
[1;33m  /home/nizhu/software/miniforge3/envs/biotools/bin/mmseqs convertalis '/home/nizhu/Projects/plantsdb/emappertmp_mmseqs_8wq9yplh/d1a9f45039184d19a89f06d0e5f444b1' '/DATA/data2/emapperdb-5.0.2/mmseqs/mmseqs.db' '/home/nizhu/Projects/plantsdb/emappertmp_mmseqs_8wq9yplh/7a58e53d94234a54980d49444599ad60' '/home/nizhu/Projects/plantsdb/emappertmp_mmseqs_8wq9yplh/7a58e53d94234a54980d49444599ad60.m8' --threads 40 --format-output "query,target,pident,alnlen,qstart,qend,tstart,tend,evalue,bits,qcov,tcov"[0m
Loading source DB...
[31mWarning: this can take a few minutes and load up to 45GB to RAM. Using --dbmem is recommended to annotate a large number of sequences.[0m
[32mDone[0m
[1;33mResult files:[0m
   /home/nizhu/Projects/plantsdb/result/result_imp/species/Anthoceros_angustus/eggnog_work/Anthoceros_angustus.emapper.hits
   /home/nizhu/Projects/plantsdb/result/result_imp/species/Anthoceros_angustus/eggnog_work/Anthoceros_angustus.emapper.seed_orthologs
   /home/nizhu/Projects/plantsdb/result/result_imp/species/Anthoceros_angustus/eggnog_work/Anthoceros_angustus.emapper.annotations

================================================================================
CITATION:
If you use this software, please cite:

[1] eggNOG-mapper v2: functional annotation, orthology assignments, and domain 
      prediction at the metagenomic scale. Carlos P. Cantalapiedra, 
      Ana Hernandez-Plaza, Ivica Letunic, Peer Bork, Jaime Huerta-Cepas. 2021.
      Molecular Biology and Evolution, msab293, https://doi.org/10.1093/molbev/msab293

[2] eggNOG 5.0: a hierarchical, functionally and phylogenetically annotated
      orthology resource based on 5090 organisms and 2502 viruses. Jaime
      Huerta-Cepas, Damian Szklarczyk, Davide Heller, Ana Hernandez-Plaza,
      Sofia K Forslund, Helen Cook, Daniel R Mende, Ivica Letunic, Thomas
      Rattei, Lars J Jensen, Christian von Mering and Peer Bork. Nucleic Acids
      Research, Volume 47, Issue D1, 8 January 2019, Pages D309-D314,
      https://doi.org/10.1093/nar/gky1085 

[3] MMseqs2 enables sensitive protein sequence searching for the analysis of massive data sets.
       Steinegger M & Söding J. 2017. Nat. Biotech. 35, 1026–1028. https://doi.org/10.1038/nbt.3988

e.g. Functional annotation was performed using eggNOG-mapper (version emapper-2.1.12-8b119d7) [1]
 based on eggNOG orthology data [2]. Sequence searches were performed using [3].

================================================================================

Total hits processed: 12769
Total time: 837 secs
FINISHED
[Antitrichia_curtipendula]
#  emapper-2.1.12-8b119d7
# emapper.py  -i /DATA/data2/downloads/IMP/Antitrichia_curtipendula/Antitrichia_curtipendula.prot.fasta -o /home/nizhu/Projects/plantsdb/result/result_imp/species/Antitrichia_curtipendula/eggnog_work/Antitrichia_curtipendula --data_dir /DATA/data2/emapperdb-5.0.2 -m mmseqs --cpu 40 --dbmem --tax_scope Viridiplantae --override --no_file_comments
[1;33m  /home/nizhu/software/miniforge3/envs/biotools/bin/mmseqs createdb '/DATA/data2/downloads/IMP/Antitrichia_curtipendula/Antitrichia_curtipendula.prot.fasta' '/home/nizhu/Projects/plantsdb/emappertmp_mmseqs_b6inix3q/4724e1092491424e9466a68ce60685fd' --dbtype 1[0m
[1;33m  /home/nizhu/software/miniforge3/envs/biotools/bin/mmseqs search -a true '/home/nizhu/Projects/plantsdb/emappertmp_mmseqs_b6inix3q/4724e1092491424e9466a68ce60685fd' '/DATA/data2/emapperdb-5.0.2/mmseqs/mmseqs.db' '/home/nizhu/Projects/plantsdb/emappertmp_mmseqs_b6inix3q/fe39e585611644078436221cc19f5748' '/home/nizhu/Projects/plantsdb/emappertmp_mmseqs_b6inix3q' --start-sens 3 --sens-steps 3 -s 7 --threads 40[0m
[1;33m  /home/nizhu/software/miniforge3/envs/biotools/bin/mmseqs filterdb '/home/nizhu/Projects/plantsdb/emappertmp_mmseqs_b6inix3q/fe39e585611644078436221cc19f5748' '/home/nizhu/Projects/plantsdb/emappertmp_mmseqs_b6inix3q/469dd0f413754d659a6492f6fdeaeb5a' --threads 40 --extract-lines 1 [0m
[1;33m  /home/nizhu/software/miniforge3/envs/biotools/bin/mmseqs convertalis '/home/nizhu/Projects/plantsdb/emappertmp_mmseqs_b6inix3q/4724e1092491424e9466a68ce60685fd' '/DATA/data2/emapperdb-5.0.2/mmseqs/mmseqs.db' '/home/nizhu/Projects/plantsdb/emappertmp_mmseqs_b6inix3q/469dd0f413754d659a6492f6fdeaeb5a' '/home/nizhu/Projects/plantsdb/emappertmp_mmseqs_b6inix3q/469dd0f413754d659a6492f6fdeaeb5a.m8' --threads 40 --format-output "query,target,pident,alnlen,qstart,qend,tstart,tend,evalue,bits,qcov,tcov"[0m
Loading source DB...
[31mWarning: this can take a few minutes and load up to 45GB to RAM. Using --dbmem is recommended to annotate a large number of sequences.[0m
[32mDone[0m
[1;33mResult files:[0m
   /home/nizhu/Projects/plantsdb/result/result_imp/species/Antitrichia_curtipendula/eggnog_work/Antitrichia_curtipendula.emapper.hits
   /home/nizhu/Projects/plantsdb/result/result_imp/species/Antitrichia_curtipendula/eggnog_work/Antitrichia_curtipendula.emapper.seed_orthologs
   /home/nizhu/Projects/plantsdb/result/result_imp/species/Antitrichia_curtipendula/eggnog_work/Antitrichia_curtipendula.emapper.annotations

================================================================================
CITATION:
If you use this software, please cite:

[1] eggNOG-mapper v2: functional annotation, orthology assignments, and domain 
      prediction at the metagenomic scale. Carlos P. Cantalapiedra, 
      Ana Hernandez-Plaza, Ivica Letunic, Peer Bork, Jaime Huerta-Cepas. 2021.
      Molecular Biology and Evolution, msab293, https://doi.org/10.1093/molbev/msab293

[2] eggNOG 5.0: a hierarchical, functionally and phylogenetically annotated
      orthology resource based on 5090 organisms and 2502 viruses. Jaime
      Huerta-Cepas, Damian Szklarczyk, Davide Heller, Ana Hernandez-Plaza,
      Sofia K Forslund, Helen Cook, Daniel R Mende, Ivica Letunic, Thomas
      Rattei, Lars J Jensen, Christian von Mering and Peer Bork. Nucleic Acids
      Research, Volume 47, Issue D1, 8 January 2019, Pages D309-D314,
      https://doi.org/10.1093/nar/gky1085 

[3] MMseqs2 enables sensitive protein sequence searching for the analysis of massive data sets.
       Steinegger M & Söding J. 2017. Nat. Biotech. 35, 1026–1028. https://doi.org/10.1038/nbt.3988

e.g. Functional annotation was performed using eggNOG-mapper (version emapper-2.1.12-8b119d7) [1]
 based on eggNOG orthology data [2]. Sequence searches were performed using [3].

================================================================================

Total hits processed: 24823
Total time: 1277 secs
FINISHED
[Apium_graveolens]
#  emapper-2.1.12-8b119d7
# emapper.py  -i /DATA/data2/downloads/IMP/Apium_graveolens/Apium_graveolens.prot.fasta -o /home/nizhu/Projects/plantsdb/result/result_imp/species/Apium_graveolens/eggnog_work/Apium_graveolens --data_dir /DATA/data2/emapperdb-5.0.2 -m mmseqs --cpu 40 --dbmem --tax_scope Viridiplantae --override --no_file_comments
[1;33m  /home/nizhu/software/miniforge3/envs/biotools/bin/mmseqs createdb '/DATA/data2/downloads/IMP/Apium_graveolens/Apium_graveolens.prot.fasta' '/home/nizhu/Projects/plantsdb/emappertmp_mmseqs_ar9gkvz1/33a351a5d24c4145a110b322a13b61b2' --dbtype 1[0m
[1;33m  /home/nizhu/software/miniforge3/envs/biotools/bin/mmseqs search -a true '/home/nizhu/Projects/plantsdb/emappertmp_mmseqs_ar9gkvz1/33a351a5d24c4145a110b322a13b61b2' '/DATA/data2/emapperdb-5.0.2/mmseqs/mmseqs.db' '/home/nizhu/Projects/plantsdb/emappertmp_mmseqs_ar9gkvz1/851d04d040f8422eb4f7f8ac39a48c33' '/home/nizhu/Projects/plantsdb/emappertmp_mmseqs_ar9gkvz1' --start-sens 3 --sens-steps 3 -s 7 --threads 40[0m
[1;33m  /home/nizhu/software/miniforge3/envs/biotools/bin/mmseqs filterdb '/home/nizhu/Projects/plantsdb/emappertmp_mmseqs_ar9gkvz1/851d04d040f8422eb4f7f8ac39a48c33' '/home/nizhu/Projects/plantsdb/emappertmp_mmseqs_ar9gkvz1/88b34b46f1184d3fb2b7c11f4217873a' --threads 40 --extract-lines 1 [0m
[1;33m  /home/nizhu/software/miniforge3/envs/biotools/bin/mmseqs convertalis '/home/nizhu/Projects/plantsdb/emappertmp_mmseqs_ar9gkvz1/33a351a5d24c4145a110b322a13b61b2' '/DATA/data2/emapperdb-5.0.2/mmseqs/mmseqs.db' '/home/nizhu/Projects/plantsdb/emappertmp_mmseqs_ar9gkvz1/88b34b46f1184d3fb2b7c11f4217873a' '/home/nizhu/Projects/plantsdb/emappertmp_mmseqs_ar9gkvz1/88b34b46f1184d3fb2b7c11f4217873a.m8' --threads 40 --format-output "query,target,pident,alnlen,qstart,qend,tstart,tend,evalue,bits,qcov,tcov"[0m
Loading source DB...
[31mWarning: this can take a few minutes and load up to 45GB to RAM. Using --dbmem is recommended to annotate a large number of sequences.[0m
[32mDone[0m
[1;33mResult files:[0m
   /home/nizhu/Projects/plantsdb/result/result_imp/species/Apium_graveolens/eggnog_work/Apium_graveolens.emapper.hits
   /home/nizhu/Projects/plantsdb/result/result_imp/species/Apium_graveolens/eggnog_work/Apium_graveolens.emapper.seed_orthologs
   /home/nizhu/Projects/plantsdb/result/result_imp/species/Apium_graveolens/eggnog_work/Apium_graveolens.emapper.annotations

================================================================================
CITATION:
If you use this software, please cite:

[1] eggNOG-mapper v2: functional annotation, orthology assignments, and domain 
      prediction at the metagenomic scale. Carlos P. Cantalapiedra, 
      Ana Hernandez-Plaza, Ivica Letunic, Peer Bork, Jaime Huerta-Cepas. 2021.
      Molecular Biology and Evolution, msab293, https://doi.org/10.1093/molbev/msab293

[2] eggNOG 5.0: a hierarchical, functionally and phylogenetically annotated
      orthology resource based on 5090 organisms and 2502 viruses. Jaime
      Huerta-Cepas, Damian Szklarczyk, Davide Heller, Ana Hernandez-Plaza,
      Sofia K Forslund, Helen Cook, Daniel R Mende, Ivica Letunic, Thomas
      Rattei, Lars J Jensen, Christian von Mering and Peer Bork. Nucleic Acids
      Research, Volume 47, Issue D1, 8 January 2019, Pages D309-D314,
      https://doi.org/10.1093/nar/gky1085 

[3] MMseqs2 enables sensitive protein sequence searching for the analysis of massive data sets.
       Steinegger M & Söding J. 2017. Nat. Biotech. 35, 1026–1028. https://doi.org/10.1038/nbt.3988

e.g. Functional annotation was performed using eggNOG-mapper (version emapper-2.1.12-8b119d7) [1]
 based on eggNOG orthology data [2]. Sequence searches were performed using [3].

================================================================================

Total hits processed: 176701
Total time: 2685 secs
FINISHED
[Apocynum_venetum]
#  emapper-2.1.12-8b119d7
# emapper.py  -i /DATA/data2/downloads/IMP/Apocynum_venetum/Apocynum_venetum.prot.fasta -o /home/nizhu/Projects/plantsdb/result/result_imp/species/Apocynum_venetum/eggnog_work/Apocynum_venetum --data_dir /DATA/data2/emapperdb-5.0.2 -m mmseqs --cpu 40 --dbmem --tax_scope Viridiplantae --override --no_file_comments
[1;33m  /home/nizhu/software/miniforge3/envs/biotools/bin/mmseqs createdb '/DATA/data2/downloads/IMP/Apocynum_venetum/Apocynum_venetum.prot.fasta' '/home/nizhu/Projects/plantsdb/emappertmp_mmseqs_65l676jx/1d89f6e83f9b43cd8dbd229f57178f50' --dbtype 1[0m
[1;33m  /home/nizhu/software/miniforge3/envs/biotools/bin/mmseqs search -a true '/home/nizhu/Projects/plantsdb/emappertmp_mmseqs_65l676jx/1d89f6e83f9b43cd8dbd229f57178f50' '/DATA/data2/emapperdb-5.0.2/mmseqs/mmseqs.db' '/home/nizhu/Projects/plantsdb/emappertmp_mmseqs_65l676jx/153bfcba80224778b7def62c432131a1' '/home/nizhu/Projects/plantsdb/emappertmp_mmseqs_65l676jx' --start-sens 3 --sens-steps 3 -s 7 --threads 40[0m
[1;33m  /home/nizhu/software/miniforge3/envs/biotools/bin/mmseqs filterdb '/home/nizhu/Projects/plantsdb/emappertmp_mmseqs_65l676jx/153bfcba80224778b7def62c432131a1' '/home/nizhu/Projects/plantsdb/emappertmp_mmseqs_65l676jx/96e49a4c88e84a7fa248c48b9e957c8d' --threads 40 --extract-lines 1 [0m
[1;33m  /home/nizhu/software/miniforge3/envs/biotools/bin/mmseqs convertalis '/home/nizhu/Projects/plantsdb/emappertmp_mmseqs_65l676jx/1d89f6e83f9b43cd8dbd229f57178f50' '/DATA/data2/emapperdb-5.0.2/mmseqs/mmseqs.db' '/home/nizhu/Projects/plantsdb/emappertmp_mmseqs_65l676jx/96e49a4c88e84a7fa248c48b9e957c8d' '/home/nizhu/Projects/plantsdb/emappertmp_mmseqs_65l676jx/96e49a4c88e84a7fa248c48b9e957c8d.m8' --threads 40 --format-output "query,target,pident,alnlen,qstart,qend,tstart,tend,evalue,bits,qcov,tcov"[0m
Loading source DB...
[31mWarning: this can take a few minutes and load up to 45GB to RAM. Using --dbmem is recommended to annotate a large number of sequences.[0m
[32mDone[0m
[1;33mResult files:[0m
   /home/nizhu/Projects/plantsdb/result/result_imp/species/Apocynum_venetum/eggnog_work/Apocynum_venetum.emapper.hits
   /home/nizhu/Projects/plantsdb/result/result_imp/species/Apocynum_venetum/eggnog_work/Apocynum_venetum.emapper.seed_orthologs
   /home/nizhu/Projects/plantsdb/result/result_imp/species/Apocynum_venetum/eggnog_work/Apocynum_venetum.emapper.annotations

================================================================================
CITATION:
If you use this software, please cite:

[1] eggNOG-mapper v2: functional annotation, orthology assignments, and domain 
      prediction at the metagenomic scale. Carlos P. Cantalapiedra, 
      Ana Hernandez-Plaza, Ivica Letunic, Peer Bork, Jaime Huerta-Cepas. 2021.
      Molecular Biology and Evolution, msab293, https://doi.org/10.1093/molbev/msab293

[2] eggNOG 5.0: a hierarchical, functionally and phylogenetically annotated
      orthology resource based on 5090 organisms and 2502 viruses. Jaime
      Huerta-Cepas, Damian Szklarczyk, Davide Heller, Ana Hernandez-Plaza,
      Sofia K Forslund, Helen Cook, Daniel R Mende, Ivica Letunic, Thomas
      Rattei, Lars J Jensen, Christian von Mering and Peer Bork. Nucleic Acids
      Research, Volume 47, Issue D1, 8 January 2019, Pages D309-D314,
      https://doi.org/10.1093/nar/gky1085 

[3] MMseqs2 enables sensitive protein sequence searching for the analysis of massive data sets.
       Steinegger M & Söding J. 2017. Nat. Biotech. 35, 1026–1028. https://doi.org/10.1038/nbt.3988

e.g. Functional annotation was performed using eggNOG-mapper (version emapper-2.1.12-8b119d7) [1]
 based on eggNOG orthology data [2]. Sequence searches were performed using [3].

================================================================================

Total hits processed: 32061
Total time: 904 secs
FINISHED
[Aquilaria_sinensis]
#  emapper-2.1.12-8b119d7
# emapper.py  -i /DATA/data2/downloads/IMP/Aquilaria_sinensis/Aquilaria_sinensis.prot.fasta -o /home/nizhu/Projects/plantsdb/result/result_imp/species/Aquilaria_sinensis/eggnog_work/Aquilaria_sinensis --data_dir /DATA/data2/emapperdb-5.0.2 -m mmseqs --cpu 40 --dbmem --tax_scope Viridiplantae --override --no_file_comments
[1;33m  /home/nizhu/software/miniforge3/envs/biotools/bin/mmseqs createdb '/DATA/data2/downloads/IMP/Aquilaria_sinensis/Aquilaria_sinensis.prot.fasta' '/home/nizhu/Projects/plantsdb/emappertmp_mmseqs_2tr4e60_/e385d39721fc4f9ca198475cac513667' --dbtype 1[0m
[1;33m  /home/nizhu/software/miniforge3/envs/biotools/bin/mmseqs search -a true '/home/nizhu/Projects/plantsdb/emappertmp_mmseqs_2tr4e60_/e385d39721fc4f9ca198475cac513667' '/DATA/data2/emapperdb-5.0.2/mmseqs/mmseqs.db' '/home/nizhu/Projects/plantsdb/emappertmp_mmseqs_2tr4e60_/8e98a8fa0b52404682a8c78272343512' '/home/nizhu/Projects/plantsdb/emappertmp_mmseqs_2tr4e60_' --start-sens 3 --sens-steps 3 -s 7 --threads 40[0m
[1;33m  /home/nizhu/software/miniforge3/envs/biotools/bin/mmseqs filterdb '/home/nizhu/Projects/plantsdb/emappertmp_mmseqs_2tr4e60_/8e98a8fa0b52404682a8c78272343512' '/home/nizhu/Projects/plantsdb/emappertmp_mmseqs_2tr4e60_/927e7bc6daa34139a8cbb521638f071e' --threads 40 --extract-lines 1 [0m
[1;33m  /home/nizhu/software/miniforge3/envs/biotools/bin/mmseqs convertalis '/home/nizhu/Projects/plantsdb/emappertmp_mmseqs_2tr4e60_/e385d39721fc4f9ca198475cac513667' '/DATA/data2/emapperdb-5.0.2/mmseqs/mmseqs.db' '/home/nizhu/Projects/plantsdb/emappertmp_mmseqs_2tr4e60_/927e7bc6daa34139a8cbb521638f071e' '/home/nizhu/Projects/plantsdb/emappertmp_mmseqs_2tr4e60_/927e7bc6daa34139a8cbb521638f071e.m8' --threads 40 --format-output "query,target,pident,alnlen,qstart,qend,tstart,tend,evalue,bits,qcov,tcov"[0m
Loading source DB...
[31mWarning: this can take a few minutes and load up to 45GB to RAM. Using --dbmem is recommended to annotate a large number of sequences.[0m
[32mDone[0m
[1;33mResult files:[0m
   /home/nizhu/Projects/plantsdb/result/result_imp/species/Aquilaria_sinensis/eggnog_work/Aquilaria_sinensis.emapper.hits
   /home/nizhu/Projects/plantsdb/result/result_imp/species/Aquilaria_sinensis/eggnog_work/Aquilaria_sinensis.emapper.seed_orthologs
   /home/nizhu/Projects/plantsdb/result/result_imp/species/Aquilaria_sinensis/eggnog_work/Aquilaria_sinensis.emapper.annotations

================================================================================
CITATION:
If you use this software, please cite:

[1] eggNOG-mapper v2: functional annotation, orthology assignments, and domain 
      prediction at the metagenomic scale. Carlos P. Cantalapiedra, 
      Ana Hernandez-Plaza, Ivica Letunic, Peer Bork, Jaime Huerta-Cepas. 2021.
      Molecular Biology and Evolution, msab293, https://doi.org/10.1093/molbev/msab293

[2] eggNOG 5.0: a hierarchical, functionally and phylogenetically annotated
      orthology resource based on 5090 organisms and 2502 viruses. Jaime
      Huerta-Cepas, Damian Szklarczyk, Davide Heller, Ana Hernandez-Plaza,
      Sofia K Forslund, Helen Cook, Daniel R Mende, Ivica Letunic, Thomas
      Rattei, Lars J Jensen, Christian von Mering and Peer Bork. Nucleic Acids
      Research, Volume 47, Issue D1, 8 January 2019, Pages D309-D314,
      https://doi.org/10.1093/nar/gky1085 

[3] MMseqs2 enables sensitive protein sequence searching for the analysis of massive data sets.
       Steinegger M & Söding J. 2017. Nat. Biotech. 35, 1026–1028. https://doi.org/10.1038/nbt.3988

e.g. Functional annotation was performed using eggNOG-mapper (version emapper-2.1.12-8b119d7) [1]
 based on eggNOG orthology data [2]. Sequence searches were performed using [3].

================================================================================

Total hits processed: 42897
Total time: 1160 secs
FINISHED
[Aquilegia_coerulea]
  skip (no prot)
[Aquilegia_kansuensis]
  skip (no prot)
[Arabidopsis_arenosa]
  skip (no prot)
[Arabidopsis_halleri]
  skip (no prot)
[Arabidopsis_halleri_cv._Tada_Mine]
  skip (no prot)
[Arabidopsis_lyrata]
  skip (no prot)
[Arabidopsis_lyrata_cv._MN47]
  skip (no prot)
[Arabidopsis_suecica]
  skip (no prot)
[Arabidopsis_thaliana]
  skip (no prot)
[Arabis_alpina]
  skip (no prot)
[Arabis_montbretiana]
  skip (no prot)
[Arachis_cardenasii]
  skip (no prot)
[Arachis_duranensis]
  skip (no prot)
[Arachis_hypogaea]
  skip (no prot)
[Arachis_ipaensis]
  skip (no prot)
[Arachis_monticola]
  skip (no prot)
[Arachis_monticola_PI_263393]
  skip (no prot)
[Arachis_stenosperma]
  skip (no prot)
[Arctium_minus]
#  emapper-2.1.12-8b119d7
# emapper.py  -i /DATA/data2/downloads/IMP/Arctium_minus/Arctium_minus.prot.fasta -o /home/nizhu/Projects/plantsdb/result/result_imp/species/Arctium_minus/eggnog_work/Arctium_minus --data_dir /DATA/data2/emapperdb-5.0.2 -m mmseqs --cpu 40 --dbmem --tax_scope Viridiplantae --override --no_file_comments
[1;33m  /home/nizhu/software/miniforge3/envs/biotools/bin/mmseqs createdb '/DATA/data2/downloads/IMP/Arctium_minus/Arctium_minus.prot.fasta' '/home/nizhu/Projects/plantsdb/emappertmp_mmseqs_07ctwtiv/7dd016ce7a664060b18cd918a5784348' --dbtype 1[0m
[1;33m  /home/nizhu/software/miniforge3/envs/biotools/bin/mmseqs search -a true '/home/nizhu/Projects/plantsdb/emappertmp_mmseqs_07ctwtiv/7dd016ce7a664060b18cd918a5784348' '/DATA/data2/emapperdb-5.0.2/mmseqs/mmseqs.db' '/home/nizhu/Projects/plantsdb/emappertmp_mmseqs_07ctwtiv/b3839b60bed241158df52697232f30ee' '/home/nizhu/Projects/plantsdb/emappertmp_mmseqs_07ctwtiv' --start-sens 3 --sens-steps 3 -s 7 --threads 40[0m
[1;33m  /home/nizhu/software/miniforge3/envs/biotools/bin/mmseqs filterdb '/home/nizhu/Projects/plantsdb/emappertmp_mmseqs_07ctwtiv/b3839b60bed241158df52697232f30ee' '/home/nizhu/Projects/plantsdb/emappertmp_mmseqs_07ctwtiv/b23202c4cc5749bf9f9c552999fe080e' --threads 40 --extract-lines 1 [0m
[1;33m  /home/nizhu/software/miniforge3/envs/biotools/bin/mmseqs convertalis '/home/nizhu/Projects/plantsdb/emappertmp_mmseqs_07ctwtiv/7dd016ce7a664060b18cd918a5784348' '/DATA/data2/emapperdb-5.0.2/mmseqs/mmseqs.db' '/home/nizhu/Projects/plantsdb/emappertmp_mmseqs_07ctwtiv/b23202c4cc5749bf9f9c552999fe080e' '/home/nizhu/Projects/plantsdb/emappertmp_mmseqs_07ctwtiv/b23202c4cc5749bf9f9c552999fe080e.m8' --threads 40 --format-output "query,target,pident,alnlen,qstart,qend,tstart,tend,evalue,bits,qcov,tcov"[0m
Loading source DB...
[31mWarning: this can take a few minutes and load up to 45GB to RAM. Using --dbmem is recommended to annotate a large number of sequences.[0m
[32mDone[0m
[1;33mResult files:[0m
   /home/nizhu/Projects/plantsdb/result/result_imp/species/Arctium_minus/eggnog_work/Arctium_minus.emapper.hits
   /home/nizhu/Projects/plantsdb/result/result_imp/species/Arctium_minus/eggnog_work/Arctium_minus.emapper.seed_orthologs
   /home/nizhu/Projects/plantsdb/result/result_imp/species/Arctium_minus/eggnog_work/Arctium_minus.emapper.annotations

================================================================================
CITATION:
If you use this software, please cite:

[1] eggNOG-mapper v2: functional annotation, orthology assignments, and domain 
      prediction at the metagenomic scale. Carlos P. Cantalapiedra, 
      Ana Hernandez-Plaza, Ivica Letunic, Peer Bork, Jaime Huerta-Cepas. 2021.
      Molecular Biology and Evolution, msab293, https://doi.org/10.1093/molbev/msab293

[2] eggNOG 5.0: a hierarchical, functionally and phylogenetically annotated
      orthology resource based on 5090 organisms and 2502 viruses. Jaime
      Huerta-Cepas, Damian Szklarczyk, Davide Heller, Ana Hernandez-Plaza,
      Sofia K Forslund, Helen Cook, Daniel R Mende, Ivica Letunic, Thomas
      Rattei, Lars J Jensen, Christian von Mering and Peer Bork. Nucleic Acids
      Research, Volume 47, Issue D1, 8 January 2019, Pages D309-D314,
      https://doi.org/10.1093/nar/gky1085 

[3] MMseqs2 enables sensitive protein sequence searching for the analysis of massive data sets.
       Steinegger M & Söding J. 2017. Nat. Biotech. 35, 1026–1028. https://doi.org/10.1038/nbt.3988

e.g. Functional annotation was performed using eggNOG-mapper (version emapper-2.1.12-8b119d7) [1]
 based on eggNOG orthology data [2]. Sequence searches were performed using [3].

================================================================================

Total hits processed: 131232
Total time: 2048 secs
FINISHED
[Areca_catechu]
#  emapper-2.1.12-8b119d7
# emapper.py  -i /DATA/data2/downloads/IMP/Areca_catechu/Areca_catechu.prot.fasta -o /home/nizhu/Projects/plantsdb/result/result_imp/species/Areca_catechu/eggnog_work/Areca_catechu --data_dir /DATA/data2/emapperdb-5.0.2 -m mmseqs --cpu 40 --dbmem --tax_scope Viridiplantae --override --no_file_comments
[1;33m  /home/nizhu/software/miniforge3/envs/biotools/bin/mmseqs createdb '/DATA/data2/downloads/IMP/Areca_catechu/Areca_catechu.prot.fasta' '/home/nizhu/Projects/plantsdb/emappertmp_mmseqs_oaazz3nt/ff9479aa894941f5bf487b6500ab1a66' --dbtype 1[0m
[1;33m  /home/nizhu/software/miniforge3/envs/biotools/bin/mmseqs search -a true '/home/nizhu/Projects/plantsdb/emappertmp_mmseqs_oaazz3nt/ff9479aa894941f5bf487b6500ab1a66' '/DATA/data2/emapperdb-5.0.2/mmseqs/mmseqs.db' '/home/nizhu/Projects/plantsdb/emappertmp_mmseqs_oaazz3nt/2e0f679a62c7488fb6664c3e48152b11' '/home/nizhu/Projects/plantsdb/emappertmp_mmseqs_oaazz3nt' --start-sens 3 --sens-steps 3 -s 7 --threads 40[0m
[1;33m  /home/nizhu/software/miniforge3/envs/biotools/bin/mmseqs filterdb '/home/nizhu/Projects/plantsdb/emappertmp_mmseqs_oaazz3nt/2e0f679a62c7488fb6664c3e48152b11' '/home/nizhu/Projects/plantsdb/emappertmp_mmseqs_oaazz3nt/6a1a6da5dafc44b5821e018372cd496f' --threads 40 --extract-lines 1 [0m
[1;33m  /home/nizhu/software/miniforge3/envs/biotools/bin/mmseqs convertalis '/home/nizhu/Projects/plantsdb/emappertmp_mmseqs_oaazz3nt/ff9479aa894941f5bf487b6500ab1a66' '/DATA/data2/emapperdb-5.0.2/mmseqs/mmseqs.db' '/home/nizhu/Projects/plantsdb/emappertmp_mmseqs_oaazz3nt/6a1a6da5dafc44b5821e018372cd496f' '/home/nizhu/Projects/plantsdb/emappertmp_mmseqs_oaazz3nt/6a1a6da5dafc44b5821e018372cd496f.m8' --threads 40 --format-output "query,target,pident,alnlen,qstart,qend,tstart,tend,evalue,bits,qcov,tcov"[0m
Loading source DB...
[31mWarning: this can take a few minutes and load up to 45GB to RAM. Using --dbmem is recommended to annotate a large number of sequences.[0m
[32mDone[0m
[1;33mResult files:[0m
   /home/nizhu/Projects/plantsdb/result/result_imp/species/Areca_catechu/eggnog_work/Areca_catechu.emapper.hits
   /home/nizhu/Projects/plantsdb/result/result_imp/species/Areca_catechu/eggnog_work/Areca_catechu.emapper.seed_orthologs
   /home/nizhu/Projects/plantsdb/result/result_imp/species/Areca_catechu/eggnog_work/Areca_catechu.emapper.annotations

================================================================================
CITATION:
If you use this software, please cite:

[1] eggNOG-mapper v2: functional annotation, orthology assignments, and domain 
      prediction at the metagenomic scale. Carlos P. Cantalapiedra, 
      Ana Hernandez-Plaza, Ivica Letunic, Peer Bork, Jaime Huerta-Cepas. 2021.
      Molecular Biology and Evolution, msab293, https://doi.org/10.1093/molbev/msab293

[2] eggNOG 5.0: a hierarchical, functionally and phylogenetically annotated
      orthology resource based on 5090 organisms and 2502 viruses. Jaime
      Huerta-Cepas, Damian Szklarczyk, Davide Heller, Ana Hernandez-Plaza,
      Sofia K Forslund, Helen Cook, Daniel R Mende, Ivica Letunic, Thomas
      Rattei, Lars J Jensen, Christian von Mering and Peer Bork. Nucleic Acids
      Research, Volume 47, Issue D1, 8 January 2019, Pages D309-D314,
      https://doi.org/10.1093/nar/gky1085 

[3] MMseqs2 enables sensitive protein sequence searching for the analysis of massive data sets.
       Steinegger M & Söding J. 2017. Nat. Biotech. 35, 1026–1028. https://doi.org/10.1038/nbt.3988

e.g. Functional annotation was performed using eggNOG-mapper (version emapper-2.1.12-8b119d7) [1]
 based on eggNOG orthology data [2]. Sequence searches were performed using [3].

================================================================================

Total hits processed: 87244
Total time: 2373 secs
FINISHED
[Aristolochia_contorta]
  skip (no prot)
[Aristolochia_fimbriata]
  skip (no prot)
[Artemisia_annua]
  skip (no prot)
[Artemisia_argyi]
  skip (no prot)
[Artemisia_tridentata_subsp._tridentata]
  skip (no prot)
[Artocarpus_heterophyllus]
#  emapper-2.1.12-8b119d7
# emapper.py  -i /DATA/data2/downloads/IMP/Artocarpus_heterophyllus/Artocarpus_heterophyllus.prot.fasta -o /home/nizhu/Projects/plantsdb/result/result_imp/species/Artocarpus_heterophyllus/eggnog_work/Artocarpus_heterophyllus --data_dir /DATA/data2/emapperdb-5.0.2 -m mmseqs --cpu 40 --dbmem --tax_scope Viridiplantae --override --no_file_comments
[1;33m  /home/nizhu/software/miniforge3/envs/biotools/bin/mmseqs createdb '/DATA/data2/downloads/IMP/Artocarpus_heterophyllus/Artocarpus_heterophyllus.prot.fasta' '/home/nizhu/Projects/plantsdb/emappertmp_mmseqs_2vv4pchy/6ffd1985169d42e1944a895573bfc650' --dbtype 1[0m
[1;33m  /home/nizhu/software/miniforge3/envs/biotools/bin/mmseqs search -a true '/home/nizhu/Projects/plantsdb/emappertmp_mmseqs_2vv4pchy/6ffd1985169d42e1944a895573bfc650' '/DATA/data2/emapperdb-5.0.2/mmseqs/mmseqs.db' '/home/nizhu/Projects/plantsdb/emappertmp_mmseqs_2vv4pchy/80f54023fddc406582047a79cc2ea7c5' '/home/nizhu/Projects/plantsdb/emappertmp_mmseqs_2vv4pchy' --start-sens 3 --sens-steps 3 -s 7 --threads 40[0m
[1;33m  /home/nizhu/software/miniforge3/envs/biotools/bin/mmseqs filterdb '/home/nizhu/Projects/plantsdb/emappertmp_mmseqs_2vv4pchy/80f54023fddc406582047a79cc2ea7c5' '/home/nizhu/Projects/plantsdb/emappertmp_mmseqs_2vv4pchy/cfbdd76588c64f898bc687844e5334e3' --threads 40 --extract-lines 1 [0m
[1;33m  /home/nizhu/software/miniforge3/envs/biotools/bin/mmseqs convertalis '/home/nizhu/Projects/plantsdb/emappertmp_mmseqs_2vv4pchy/6ffd1985169d42e1944a895573bfc650' '/DATA/data2/emapperdb-5.0.2/mmseqs/mmseqs.db' '/home/nizhu/Projects/plantsdb/emappertmp_mmseqs_2vv4pchy/cfbdd76588c64f898bc687844e5334e3' '/home/nizhu/Projects/plantsdb/emappertmp_mmseqs_2vv4pchy/cfbdd76588c64f898bc687844e5334e3.m8' --threads 40 --format-output "query,target,pident,alnlen,qstart,qend,tstart,tend,evalue,bits,qcov,tcov"[0m
Loading source DB...
[31mWarning: this can take a few minutes and load up to 45GB to RAM. Using --dbmem is recommended to annotate a large number of sequences.[0m
[32mDone[0m
[1;33mResult files:[0m
   /home/nizhu/Projects/plantsdb/result/result_imp/species/Artocarpus_heterophyllus/eggnog_work/Artocarpus_heterophyllus.emapper.hits
   /home/nizhu/Projects/plantsdb/result/result_imp/species/Artocarpus_heterophyllus/eggnog_work/Artocarpus_heterophyllus.emapper.seed_orthologs
   /home/nizhu/Projects/plantsdb/result/result_imp/species/Artocarpus_heterophyllus/eggnog_work/Artocarpus_heterophyllus.emapper.annotations

================================================================================
CITATION:
If you use this software, please cite:

[1] eggNOG-mapper v2: functional annotation, orthology assignments, and domain 
      prediction at the metagenomic scale. Carlos P. Cantalapiedra, 
      Ana Hernandez-Plaza, Ivica Letunic, Peer Bork, Jaime Huerta-Cepas. 2021.
      Molecular Biology and Evolution, msab293, https://doi.org/10.1093/molbev/msab293

[2] eggNOG 5.0: a hierarchical, functionally and phylogenetically annotated
      orthology resource based on 5090 organisms and 2502 viruses. Jaime
      Huerta-Cepas, Damian Szklarczyk, Davide Heller, Ana Hernandez-Plaza,
      Sofia K Forslund, Helen Cook, Daniel R Mende, Ivica Letunic, Thomas
      Rattei, Lars J Jensen, Christian von Mering and Peer Bork. Nucleic Acids
      Research, Volume 47, Issue D1, 8 January 2019, Pages D309-D314,
      https://doi.org/10.1093/nar/gky1085 

[3] MMseqs2 enables sensitive protein sequence searching for the analysis of massive data sets.
       Steinegger M & Söding J. 2017. Nat. Biotech. 35, 1026–1028. https://doi.org/10.1038/nbt.3988

e.g. Functional annotation was performed using eggNOG-mapper (version emapper-2.1.12-8b119d7) [1]
 based on eggNOG orthology data [2]. Sequence searches were performed using [3].

================================================================================

Total hits processed: 82237
Total time: 1277 secs
FINISHED
[Asclepias_syriaca]
#  emapper-2.1.12-8b119d7
# emapper.py  -i /DATA/data2/downloads/IMP/Asclepias_syriaca/Asclepias_syriaca.prot.fasta -o /home/nizhu/Projects/plantsdb/result/result_imp/species/Asclepias_syriaca/eggnog_work/Asclepias_syriaca --data_dir /DATA/data2/emapperdb-5.0.2 -m mmseqs --cpu 40 --dbmem --tax_scope Viridiplantae --override --no_file_comments
[1;33m  /home/nizhu/software/miniforge3/envs/biotools/bin/mmseqs createdb '/DATA/data2/downloads/IMP/Asclepias_syriaca/Asclepias_syriaca.prot.fasta' '/home/nizhu/Projects/plantsdb/emappertmp_mmseqs_7ny03fhd/a3e00f9217fb4820ad7538f53d3b031e' --dbtype 1[0m
[1;33m  /home/nizhu/software/miniforge3/envs/biotools/bin/mmseqs search -a true '/home/nizhu/Projects/plantsdb/emappertmp_mmseqs_7ny03fhd/a3e00f9217fb4820ad7538f53d3b031e' '/DATA/data2/emapperdb-5.0.2/mmseqs/mmseqs.db' '/home/nizhu/Projects/plantsdb/emappertmp_mmseqs_7ny03fhd/3ac805f3b45344b59a3ca1e926ab60aa' '/home/nizhu/Projects/plantsdb/emappertmp_mmseqs_7ny03fhd' --start-sens 3 --sens-steps 3 -s 7 --threads 40[0m
[1;33m  /home/nizhu/software/miniforge3/envs/biotools/bin/mmseqs filterdb '/home/nizhu/Projects/plantsdb/emappertmp_mmseqs_7ny03fhd/3ac805f3b45344b59a3ca1e926ab60aa' '/home/nizhu/Projects/plantsdb/emappertmp_mmseqs_7ny03fhd/51b0ed3a1ea74f2d9e4b344261042c96' --threads 40 --extract-lines 1 [0m
[1;33m  /home/nizhu/software/miniforge3/envs/biotools/bin/mmseqs convertalis '/home/nizhu/Projects/plantsdb/emappertmp_mmseqs_7ny03fhd/a3e00f9217fb4820ad7538f53d3b031e' '/DATA/data2/emapperdb-5.0.2/mmseqs/mmseqs.db' '/home/nizhu/Projects/plantsdb/emappertmp_mmseqs_7ny03fhd/51b0ed3a1ea74f2d9e4b344261042c96' '/home/nizhu/Projects/plantsdb/emappertmp_mmseqs_7ny03fhd/51b0ed3a1ea74f2d9e4b344261042c96.m8' --threads 40 --format-output "query,target,pident,alnlen,qstart,qend,tstart,tend,evalue,bits,qcov,tcov"[0m
Loading source DB...
[31mWarning: this can take a few minutes and load up to 45GB to RAM. Using --dbmem is recommended to annotate a large number of sequences.[0m
[32mDone[0m
[1;33mResult files:[0m
   /home/nizhu/Projects/plantsdb/result/result_imp/species/Asclepias_syriaca/eggnog_work/Asclepias_syriaca.emapper.hits
   /home/nizhu/Projects/plantsdb/result/result_imp/species/Asclepias_syriaca/eggnog_work/Asclepias_syriaca.emapper.seed_orthologs
   /home/nizhu/Projects/plantsdb/result/result_imp/species/Asclepias_syriaca/eggnog_work/Asclepias_syriaca.emapper.annotations

================================================================================
CITATION:
If you use this software, please cite:

[1] eggNOG-mapper v2: functional annotation, orthology assignments, and domain 
      prediction at the metagenomic scale. Carlos P. Cantalapiedra, 
      Ana Hernandez-Plaza, Ivica Letunic, Peer Bork, Jaime Huerta-Cepas. 2021.
      Molecular Biology and Evolution, msab293, https://doi.org/10.1093/molbev/msab293

[2] eggNOG 5.0: a hierarchical, functionally and phylogenetically annotated
      orthology resource based on 5090 organisms and 2502 viruses. Jaime
      Huerta-Cepas, Damian Szklarczyk, Davide Heller, Ana Hernandez-Plaza,
      Sofia K Forslund, Helen Cook, Daniel R Mende, Ivica Letunic, Thomas
      Rattei, Lars J Jensen, Christian von Mering and Peer Bork. Nucleic Acids
      Research, Volume 47, Issue D1, 8 January 2019, Pages D309-D314,
      https://doi.org/10.1093/nar/gky1085 

[3] MMseqs2 enables sensitive protein sequence searching for the analysis of massive data sets.
       Steinegger M & Söding J. 2017. Nat. Biotech. 35, 1026–1028. https://doi.org/10.1038/nbt.3988

e.g. Functional annotation was performed using eggNOG-mapper (version emapper-2.1.12-8b119d7) [1]
 based on eggNOG orthology data [2]. Sequence searches were performed using [3].

================================================================================

Total hits processed: 50172
Total time: 1134 secs
FINISHED
[Asparagus_officinalis]
#  emapper-2.1.12-8b119d7
# emapper.py  -i /DATA/data2/downloads/IMP/Asparagus_officinalis/Asparagus_officinalis.prot.fasta -o /home/nizhu/Projects/plantsdb/result/result_imp/species/Asparagus_officinalis/eggnog_work/Asparagus_officinalis --data_dir /DATA/data2/emapperdb-5.0.2 -m mmseqs --cpu 40 --dbmem --tax_scope Viridiplantae --override --no_file_comments
[1;33m  /home/nizhu/software/miniforge3/envs/biotools/bin/mmseqs createdb '/DATA/data2/downloads/IMP/Asparagus_officinalis/Asparagus_officinalis.prot.fasta' '/home/nizhu/Projects/plantsdb/emappertmp_mmseqs_5wvue51b/e7cb038da5f74fa5ba015d684a9e8d66' --dbtype 1[0m
[1;33m  /home/nizhu/software/miniforge3/envs/biotools/bin/mmseqs search -a true '/home/nizhu/Projects/plantsdb/emappertmp_mmseqs_5wvue51b/e7cb038da5f74fa5ba015d684a9e8d66' '/DATA/data2/emapperdb-5.0.2/mmseqs/mmseqs.db' '/home/nizhu/Projects/plantsdb/emappertmp_mmseqs_5wvue51b/48cb21e70ba84cb5b6fdae2ab30802ed' '/home/nizhu/Projects/plantsdb/emappertmp_mmseqs_5wvue51b' --start-sens 3 --sens-steps 3 -s 7 --threads 40[0m
[1;33m  /home/nizhu/software/miniforge3/envs/biotools/bin/mmseqs filterdb '/home/nizhu/Projects/plantsdb/emappertmp_mmseqs_5wvue51b/48cb21e70ba84cb5b6fdae2ab30802ed' '/home/nizhu/Projects/plantsdb/emappertmp_mmseqs_5wvue51b/da36a13135a14558b1a8036c921dc37f' --threads 40 --extract-lines 1 [0m
[1;33m  /home/nizhu/software/miniforge3/envs/biotools/bin/mmseqs convertalis '/home/nizhu/Projects/plantsdb/emappertmp_mmseqs_5wvue51b/e7cb038da5f74fa5ba015d684a9e8d66' '/DATA/data2/emapperdb-5.0.2/mmseqs/mmseqs.db' '/home/nizhu/Projects/plantsdb/emappertmp_mmseqs_5wvue51b/da36a13135a14558b1a8036c921dc37f' '/home/nizhu/Projects/plantsdb/emappertmp_mmseqs_5wvue51b/da36a13135a14558b1a8036c921dc37f.m8' --threads 40 --format-output "query,target,pident,alnlen,qstart,qend,tstart,tend,evalue,bits,qcov,tcov"[0m
Loading source DB...
[31mWarning: this can take a few minutes and load up to 45GB to RAM. Using --dbmem is recommended to annotate a large number of sequences.[0m
[32mDone[0m
[1;33mResult files:[0m
   /home/nizhu/Projects/plantsdb/result/result_imp/species/Asparagus_officinalis/eggnog_work/Asparagus_officinalis.emapper.hits
   /home/nizhu/Projects/plantsdb/result/result_imp/species/Asparagus_officinalis/eggnog_work/Asparagus_officinalis.emapper.seed_orthologs
   /home/nizhu/Projects/plantsdb/result/result_imp/species/Asparagus_officinalis/eggnog_work/Asparagus_officinalis.emapper.annotations

================================================================================
CITATION:
If you use this software, please cite:

[1] eggNOG-mapper v2: functional annotation, orthology assignments, and domain 
      prediction at the metagenomic scale. Carlos P. Cantalapiedra, 
      Ana Hernandez-Plaza, Ivica Letunic, Peer Bork, Jaime Huerta-Cepas. 2021.
      Molecular Biology and Evolution, msab293, https://doi.org/10.1093/molbev/msab293

[2] eggNOG 5.0: a hierarchical, functionally and phylogenetically annotated
      orthology resource based on 5090 organisms and 2502 viruses. Jaime
      Huerta-Cepas, Damian Szklarczyk, Davide Heller, Ana Hernandez-Plaza,
      Sofia K Forslund, Helen Cook, Daniel R Mende, Ivica Letunic, Thomas
      Rattei, Lars J Jensen, Christian von Mering and Peer Bork. Nucleic Acids
      Research, Volume 47, Issue D1, 8 January 2019, Pages D309-D314,
      https://doi.org/10.1093/nar/gky1085 

[3] MMseqs2 enables sensitive protein sequence searching for the analysis of massive data sets.
       Steinegger M & Söding J. 2017. Nat. Biotech. 35, 1026–1028. https://doi.org/10.1038/nbt.3988

e.g. Functional annotation was performed using eggNOG-mapper (version emapper-2.1.12-8b119d7) [1]
 based on eggNOG orthology data [2]. Sequence searches were performed using [3].

================================================================================

Total hits processed: 19685
Total time: 855 secs
FINISHED
[Astragalus_membranaceus]
#  emapper-2.1.12-8b119d7
# emapper.py  -i /DATA/data2/downloads/IMP/Astragalus_membranaceus/Astragalus_membranaceus.prot.fasta -o /home/nizhu/Projects/plantsdb/result/result_imp/species/Astragalus_membranaceus/eggnog_work/Astragalus_membranaceus --data_dir /DATA/data2/emapperdb-5.0.2 -m mmseqs --cpu 40 --dbmem --tax_scope Viridiplantae --override --no_file_comments
[1;33m  /home/nizhu/software/miniforge3/envs/biotools/bin/mmseqs createdb '/DATA/data2/downloads/IMP/Astragalus_membranaceus/Astragalus_membranaceus.prot.fasta' '/home/nizhu/Projects/plantsdb/emappertmp_mmseqs_ro3ah3hz/94451c4ba92b451f8cf2b4bd41a23c03' --dbtype 1[0m
[1;33m  /home/nizhu/software/miniforge3/envs/biotools/bin/mmseqs search -a true '/home/nizhu/Projects/plantsdb/emappertmp_mmseqs_ro3ah3hz/94451c4ba92b451f8cf2b4bd41a23c03' '/DATA/data2/emapperdb-5.0.2/mmseqs/mmseqs.db' '/home/nizhu/Projects/plantsdb/emappertmp_mmseqs_ro3ah3hz/7dd7e40a524d40f9a497517e5eee5664' '/home/nizhu/Projects/plantsdb/emappertmp_mmseqs_ro3ah3hz' --start-sens 3 --sens-steps 3 -s 7 --threads 40[0m
[1;33m  /home/nizhu/software/miniforge3/envs/biotools/bin/mmseqs filterdb '/home/nizhu/Projects/plantsdb/emappertmp_mmseqs_ro3ah3hz/7dd7e40a524d40f9a497517e5eee5664' '/home/nizhu/Projects/plantsdb/emappertmp_mmseqs_ro3ah3hz/b73b90fb775e4776b9c2edc3dcc3f134' --threads 40 --extract-lines 1 [0m
[1;33m  /home/nizhu/software/miniforge3/envs/biotools/bin/mmseqs convertalis '/home/nizhu/Projects/plantsdb/emappertmp_mmseqs_ro3ah3hz/94451c4ba92b451f8cf2b4bd41a23c03' '/DATA/data2/emapperdb-5.0.2/mmseqs/mmseqs.db' '/home/nizhu/Projects/plantsdb/emappertmp_mmseqs_ro3ah3hz/b73b90fb775e4776b9c2edc3dcc3f134' '/home/nizhu/Projects/plantsdb/emappertmp_mmseqs_ro3ah3hz/b73b90fb775e4776b9c2edc3dcc3f134.m8' --threads 40 --format-output "query,target,pident,alnlen,qstart,qend,tstart,tend,evalue,bits,qcov,tcov"[0m
Loading source DB...
[31mWarning: this can take a few minutes and load up to 45GB to RAM. Using --dbmem is recommended to annotate a large number of sequences.[0m
[32mDone[0m
[1;33mResult files:[0m
   /home/nizhu/Projects/plantsdb/result/result_imp/species/Astragalus_membranaceus/eggnog_work/Astragalus_membranaceus.emapper.hits
   /home/nizhu/Projects/plantsdb/result/result_imp/species/Astragalus_membranaceus/eggnog_work/Astragalus_membranaceus.emapper.seed_orthologs
   /home/nizhu/Projects/plantsdb/result/result_imp/species/Astragalus_membranaceus/eggnog_work/Astragalus_membranaceus.emapper.annotations

================================================================================
CITATION:
If you use this software, please cite:

[1] eggNOG-mapper v2: functional annotation, orthology assignments, and domain 
      prediction at the metagenomic scale. Carlos P. Cantalapiedra, 
      Ana Hernandez-Plaza, Ivica Letunic, Peer Bork, Jaime Huerta-Cepas. 2021.
      Molecular Biology and Evolution, msab293, https://doi.org/10.1093/molbev/msab293

[2] eggNOG 5.0: a hierarchical, functionally and phylogenetically annotated
      orthology resource based on 5090 organisms and 2502 viruses. Jaime
      Huerta-Cepas, Damian Szklarczyk, Davide Heller, Ana Hernandez-Plaza,
      Sofia K Forslund, Helen Cook, Daniel R Mende, Ivica Letunic, Thomas
      Rattei, Lars J Jensen, Christian von Mering and Peer Bork. Nucleic Acids
      Research, Volume 47, Issue D1, 8 January 2019, Pages D309-D314,
      https://doi.org/10.1093/nar/gky1085 

[3] MMseqs2 enables sensitive protein sequence searching for the analysis of massive data sets.
       Steinegger M & Söding J. 2017. Nat. Biotech. 35, 1026–1028. https://doi.org/10.1038/nbt.3988

e.g. Functional annotation was performed using eggNOG-mapper (version emapper-2.1.12-8b119d7) [1]
 based on eggNOG orthology data [2]. Sequence searches were performed using [3].

================================================================================

Total hits processed: 284459
Total time: 2881 secs
FINISHED
[Atalantia_buxifolia]
#  emapper-2.1.12-8b119d7
# emapper.py  -i /DATA/data2/downloads/IMP/Atalantia_buxifolia/Atalantia_buxifolia.prot.fasta -o /home/nizhu/Projects/plantsdb/result/result_imp/species/Atalantia_buxifolia/eggnog_work/Atalantia_buxifolia --data_dir /DATA/data2/emapperdb-5.0.2 -m mmseqs --cpu 40 --dbmem --tax_scope Viridiplantae --override --no_file_comments
[1;33m  /home/nizhu/software/miniforge3/envs/biotools/bin/mmseqs createdb '/DATA/data2/downloads/IMP/Atalantia_buxifolia/Atalantia_buxifolia.prot.fasta' '/home/nizhu/Projects/plantsdb/emappertmp_mmseqs_sl2q10fq/69ddab64781747c7a060647a4630c877' --dbtype 1[0m
[1;33m  /home/nizhu/software/miniforge3/envs/biotools/bin/mmseqs search -a true '/home/nizhu/Projects/plantsdb/emappertmp_mmseqs_sl2q10fq/69ddab64781747c7a060647a4630c877' '/DATA/data2/emapperdb-5.0.2/mmseqs/mmseqs.db' '/home/nizhu/Projects/plantsdb/emappertmp_mmseqs_sl2q10fq/f1e3b330d8e8449eaa0f109c7855f049' '/home/nizhu/Projects/plantsdb/emappertmp_mmseqs_sl2q10fq' --start-sens 3 --sens-steps 3 -s 7 --threads 40[0m
[1;33m  /home/nizhu/software/miniforge3/envs/biotools/bin/mmseqs filterdb '/home/nizhu/Projects/plantsdb/emappertmp_mmseqs_sl2q10fq/f1e3b330d8e8449eaa0f109c7855f049' '/home/nizhu/Projects/plantsdb/emappertmp_mmseqs_sl2q10fq/ceb2cef923734a608142be03b8b40258' --threads 40 --extract-lines 1 [0m
[1;33m  /home/nizhu/software/miniforge3/envs/biotools/bin/mmseqs convertalis '/home/nizhu/Projects/plantsdb/emappertmp_mmseqs_sl2q10fq/69ddab64781747c7a060647a4630c877' '/DATA/data2/emapperdb-5.0.2/mmseqs/mmseqs.db' '/home/nizhu/Projects/plantsdb/emappertmp_mmseqs_sl2q10fq/ceb2cef923734a608142be03b8b40258' '/home/nizhu/Projects/plantsdb/emappertmp_mmseqs_sl2q10fq/ceb2cef923734a608142be03b8b40258.m8' --threads 40 --format-output "query,target,pident,alnlen,qstart,qend,tstart,tend,evalue,bits,qcov,tcov"[0m
Loading source DB...
[31mWarning: this can take a few minutes and load up to 45GB to RAM. Using --dbmem is recommended to annotate a large number of sequences.[0m
[32mDone[0m
[1;33mResult files:[0m
   /home/nizhu/Projects/plantsdb/result/result_imp/species/Atalantia_buxifolia/eggnog_work/Atalantia_buxifolia.emapper.hits
   /home/nizhu/Projects/plantsdb/result/result_imp/species/Atalantia_buxifolia/eggnog_work/Atalantia_buxifolia.emapper.seed_orthologs
   /home/nizhu/Projects/plantsdb/result/result_imp/species/Atalantia_buxifolia/eggnog_work/Atalantia_buxifolia.emapper.annotations

================================================================================
CITATION:
If you use this software, please cite:

[1] eggNOG-mapper v2: functional annotation, orthology assignments, and domain 
      prediction at the metagenomic scale. Carlos P. Cantalapiedra, 
      Ana Hernandez-Plaza, Ivica Letunic, Peer Bork, Jaime Huerta-Cepas. 2021.
      Molecular Biology and Evolution, msab293, https://doi.org/10.1093/molbev/msab293

[2] eggNOG 5.0: a hierarchical, functionally and phylogenetically annotated
      orthology resource based on 5090 organisms and 2502 viruses. Jaime
      Huerta-Cepas, Damian Szklarczyk, Davide Heller, Ana Hernandez-Plaza,
      Sofia K Forslund, Helen Cook, Daniel R Mende, Ivica Letunic, Thomas
      Rattei, Lars J Jensen, Christian von Mering and Peer Bork. Nucleic Acids
      Research, Volume 47, Issue D1, 8 January 2019, Pages D309-D314,
      https://doi.org/10.1093/nar/gky1085 

[3] MMseqs2 enables sensitive protein sequence searching for the analysis of massive data sets.
       Steinegger M & Söding J. 2017. Nat. Biotech. 35, 1026–1028. https://doi.org/10.1038/nbt.3988

e.g. Functional annotation was performed using eggNOG-mapper (version emapper-2.1.12-8b119d7) [1]
 based on eggNOG orthology data [2]. Sequence searches were performed using [3].

================================================================================

Total hits processed: 42748
Total time: 921 secs
FINISHED
[Atractylodes_lancea_2]
#  emapper-2.1.12-8b119d7
# emapper.py  -i /DATA/data2/downloads/IMP/Atractylodes_lancea_2/Atractylodes_lancea_2.prot.fasta -o /home/nizhu/Projects/plantsdb/result/result_imp/species/Atractylodes_lancea_2/eggnog_work/Atractylodes_lancea_2 --data_dir /DATA/data2/emapperdb-5.0.2 -m mmseqs --cpu 40 --dbmem --tax_scope Viridiplantae --override --no_file_comments
[1;33m  /home/nizhu/software/miniforge3/envs/biotools/bin/mmseqs createdb '/DATA/data2/downloads/IMP/Atractylodes_lancea_2/Atractylodes_lancea_2.prot.fasta' '/home/nizhu/Projects/plantsdb/emappertmp_mmseqs_cgf0_e0c/a8bf2aa3ec3e40c78ccedb2f256c5577' --dbtype 1[0m
[1;33m  /home/nizhu/software/miniforge3/envs/biotools/bin/mmseqs search -a true '/home/nizhu/Projects/plantsdb/emappertmp_mmseqs_cgf0_e0c/a8bf2aa3ec3e40c78ccedb2f256c5577' '/DATA/data2/emapperdb-5.0.2/mmseqs/mmseqs.db' '/home/nizhu/Projects/plantsdb/emappertmp_mmseqs_cgf0_e0c/a9994a281fed4e1eab814b43b02fdeca' '/home/nizhu/Projects/plantsdb/emappertmp_mmseqs_cgf0_e0c' --start-sens 3 --sens-steps 3 -s 7 --threads 40[0m
[1;33m  /home/nizhu/software/miniforge3/envs/biotools/bin/mmseqs filterdb '/home/nizhu/Projects/plantsdb/emappertmp_mmseqs_cgf0_e0c/a9994a281fed4e1eab814b43b02fdeca' '/home/nizhu/Projects/plantsdb/emappertmp_mmseqs_cgf0_e0c/be5476251d674b0595bd70bd2785c5ab' --threads 40 --extract-lines 1 [0m
[1;33m  /home/nizhu/software/miniforge3/envs/biotools/bin/mmseqs convertalis '/home/nizhu/Projects/plantsdb/emappertmp_mmseqs_cgf0_e0c/a8bf2aa3ec3e40c78ccedb2f256c5577' '/DATA/data2/emapperdb-5.0.2/mmseqs/mmseqs.db' '/home/nizhu/Projects/plantsdb/emappertmp_mmseqs_cgf0_e0c/be5476251d674b0595bd70bd2785c5ab' '/home/nizhu/Projects/plantsdb/emappertmp_mmseqs_cgf0_e0c/be5476251d674b0595bd70bd2785c5ab.m8' --threads 40 --format-output "query,target,pident,alnlen,qstart,qend,tstart,tend,evalue,bits,qcov,tcov"[0m
Loading source DB...
[31mWarning: this can take a few minutes and load up to 45GB to RAM. Using --dbmem is recommended to annotate a large number of sequences.[0m
[32mDone[0m
[1;33mResult files:[0m
   /home/nizhu/Projects/plantsdb/result/result_imp/species/Atractylodes_lancea_2/eggnog_work/Atractylodes_lancea_2.emapper.hits
   /home/nizhu/Projects/plantsdb/result/result_imp/species/Atractylodes_lancea_2/eggnog_work/Atractylodes_lancea_2.emapper.seed_orthologs
   /home/nizhu/Projects/plantsdb/result/result_imp/species/Atractylodes_lancea_2/eggnog_work/Atractylodes_lancea_2.emapper.annotations

================================================================================
CITATION:
If you use this software, please cite:

[1] eggNOG-mapper v2: functional annotation, orthology assignments, and domain 
      prediction at the metagenomic scale. Carlos P. Cantalapiedra, 
      Ana Hernandez-Plaza, Ivica Letunic, Peer Bork, Jaime Huerta-Cepas. 2021.
      Molecular Biology and Evolution, msab293, https://doi.org/10.1093/molbev/msab293

[2] eggNOG 5.0: a hierarchical, functionally and phylogenetically annotated
      orthology resource based on 5090 organisms and 2502 viruses. Jaime
      Huerta-Cepas, Damian Szklarczyk, Davide Heller, Ana Hernandez-Plaza,
      Sofia K Forslund, Helen Cook, Daniel R Mende, Ivica Letunic, Thomas
      Rattei, Lars J Jensen, Christian von Mering and Peer Bork. Nucleic Acids
      Research, Volume 47, Issue D1, 8 January 2019, Pages D309-D314,
      https://doi.org/10.1093/nar/gky1085 

[3] MMseqs2 enables sensitive protein sequence searching for the analysis of massive data sets.
       Steinegger M & Söding J. 2017. Nat. Biotech. 35, 1026–1028. https://doi.org/10.1038/nbt.3988

e.g. Functional annotation was performed using eggNOG-mapper (version emapper-2.1.12-8b119d7) [1]
 based on eggNOG orthology data [2]. Sequence searches were performed using [3].

================================================================================

Total hits processed: 43552
Total time: 994 secs
FINISHED
[Atriplex_canescens]
#  emapper-2.1.12-8b119d7
# emapper.py  -i /DATA/data2/downloads/IMP/Atriplex_canescens/Atriplex_canescens.prot.fasta -o /home/nizhu/Projects/plantsdb/result/result_imp/species/Atriplex_canescens/eggnog_work/Atriplex_canescens --data_dir /DATA/data2/emapperdb-5.0.2 -m mmseqs --cpu 40 --dbmem --tax_scope Viridiplantae --override --no_file_comments
[1;33m  /home/nizhu/software/miniforge3/envs/biotools/bin/mmseqs createdb '/DATA/data2/downloads/IMP/Atriplex_canescens/Atriplex_canescens.prot.fasta' '/home/nizhu/Projects/plantsdb/emappertmp_mmseqs_h_70ynzf/7e1055b0aa24498fb0b02e52b67e00da' --dbtype 1[0m
[1;33m  /home/nizhu/software/miniforge3/envs/biotools/bin/mmseqs search -a true '/home/nizhu/Projects/plantsdb/emappertmp_mmseqs_h_70ynzf/7e1055b0aa24498fb0b02e52b67e00da' '/DATA/data2/emapperdb-5.0.2/mmseqs/mmseqs.db' '/home/nizhu/Projects/plantsdb/emappertmp_mmseqs_h_70ynzf/9e912b78fa7044c3b2ecbd886de4feb4' '/home/nizhu/Projects/plantsdb/emappertmp_mmseqs_h_70ynzf' --start-sens 3 --sens-steps 3 -s 7 --threads 40[0m
[1;33m  /home/nizhu/software/miniforge3/envs/biotools/bin/mmseqs filterdb '/home/nizhu/Projects/plantsdb/emappertmp_mmseqs_h_70ynzf/9e912b78fa7044c3b2ecbd886de4feb4' '/home/nizhu/Projects/plantsdb/emappertmp_mmseqs_h_70ynzf/0b861615aca64d5a922423a92a2c39b6' --threads 40 --extract-lines 1 [0m
[1;33m  /home/nizhu/software/miniforge3/envs/biotools/bin/mmseqs convertalis '/home/nizhu/Projects/plantsdb/emappertmp_mmseqs_h_70ynzf/7e1055b0aa24498fb0b02e52b67e00da' '/DATA/data2/emapperdb-5.0.2/mmseqs/mmseqs.db' '/home/nizhu/Projects/plantsdb/emappertmp_mmseqs_h_70ynzf/0b861615aca64d5a922423a92a2c39b6' '/home/nizhu/Projects/plantsdb/emappertmp_mmseqs_h_70ynzf/0b861615aca64d5a922423a92a2c39b6.m8' --threads 40 --format-output "query,target,pident,alnlen,qstart,qend,tstart,tend,evalue,bits,qcov,tcov"[0m
Loading source DB...
[31mWarning: this can take a few minutes and load up to 45GB to RAM. Using --dbmem is recommended to annotate a large number of sequences.[0m
[32mDone[0m
[1;33mResult files:[0m
   /home/nizhu/Projects/plantsdb/result/result_imp/species/Atriplex_canescens/eggnog_work/Atriplex_canescens.emapper.hits
   /home/nizhu/Projects/plantsdb/result/result_imp/species/Atriplex_canescens/eggnog_work/Atriplex_canescens.emapper.seed_orthologs
   /home/nizhu/Projects/plantsdb/result/result_imp/species/Atriplex_canescens/eggnog_work/Atriplex_canescens.emapper.annotations

================================================================================
CITATION:
If you use this software, please cite:

[1] eggNOG-mapper v2: functional annotation, orthology assignments, and domain 
      prediction at the metagenomic scale. Carlos P. Cantalapiedra, 
      Ana Hernandez-Plaza, Ivica Letunic, Peer Bork, Jaime Huerta-Cepas. 2021.
      Molecular Biology and Evolution, msab293, https://doi.org/10.1093/molbev/msab293

[2] eggNOG 5.0: a hierarchical, functionally and phylogenetically annotated
      orthology resource based on 5090 organisms and 2502 viruses. Jaime
      Huerta-Cepas, Damian Szklarczyk, Davide Heller, Ana Hernandez-Plaza,
      Sofia K Forslund, Helen Cook, Daniel R Mende, Ivica Letunic, Thomas
      Rattei, Lars J Jensen, Christian von Mering and Peer Bork. Nucleic Acids
      Research, Volume 47, Issue D1, 8 January 2019, Pages D309-D314,
      https://doi.org/10.1093/nar/gky1085 

[3] MMseqs2 enables sensitive protein sequence searching for the analysis of massive data sets.
       Steinegger M & Söding J. 2017. Nat. Biotech. 35, 1026–1028. https://doi.org/10.1038/nbt.3988

e.g. Functional annotation was performed using eggNOG-mapper (version emapper-2.1.12-8b119d7) [1]
 based on eggNOG orthology data [2]. Sequence searches were performed using [3].

================================================================================

Total hits processed: 28563
Total time: 865 secs
FINISHED
[Avena_atlantica]
  skip (no prot)
[Avena_eriantha]
  skip (no prot)
[Avena_longiglumis]
  skip (no prot)
[Avena_sativa_ot3098]
  skip (no prot)
[Avena_sativa_sang]
  skip (no prot)
[Avicennia_marina]
#  emapper-2.1.12-8b119d7
# emapper.py  -i /DATA/data2/downloads/IMP/Avicennia_marina/Avicennia_marina.prot.fasta -o /home/nizhu/Projects/plantsdb/result/result_imp/species/Avicennia_marina/eggnog_work/Avicennia_marina --data_dir /DATA/data2/emapperdb-5.0.2 -m mmseqs --cpu 40 --dbmem --tax_scope Viridiplantae --override --no_file_comments
[1;33m  /home/nizhu/software/miniforge3/envs/biotools/bin/mmseqs createdb '/DATA/data2/downloads/IMP/Avicennia_marina/Avicennia_marina.prot.fasta' '/home/nizhu/Projects/plantsdb/emappertmp_mmseqs_nj0hmh8w/b4011d3e96f246ba9ba93321706ffd71' --dbtype 1[0m
[1;33m  /home/nizhu/software/miniforge3/envs/biotools/bin/mmseqs search -a true '/home/nizhu/Projects/plantsdb/emappertmp_mmseqs_nj0hmh8w/b4011d3e96f246ba9ba93321706ffd71' '/DATA/data2/emapperdb-5.0.2/mmseqs/mmseqs.db' '/home/nizhu/Projects/plantsdb/emappertmp_mmseqs_nj0hmh8w/612044b08f724b75953f72cad94627af' '/home/nizhu/Projects/plantsdb/emappertmp_mmseqs_nj0hmh8w' --start-sens 3 --sens-steps 3 -s 7 --threads 40[0m
[1;33m  /home/nizhu/software/miniforge3/envs/biotools/bin/mmseqs filterdb '/home/nizhu/Projects/plantsdb/emappertmp_mmseqs_nj0hmh8w/612044b08f724b75953f72cad94627af' '/home/nizhu/Projects/plantsdb/emappertmp_mmseqs_nj0hmh8w/d3b03b8e64f24dac892f081f542c8535' --threads 40 --extract-lines 1 [0m
[1;33m  /home/nizhu/software/miniforge3/envs/biotools/bin/mmseqs convertalis '/home/nizhu/Projects/plantsdb/emappertmp_mmseqs_nj0hmh8w/b4011d3e96f246ba9ba93321706ffd71' '/DATA/data2/emapperdb-5.0.2/mmseqs/mmseqs.db' '/home/nizhu/Projects/plantsdb/emappertmp_mmseqs_nj0hmh8w/d3b03b8e64f24dac892f081f542c8535' '/home/nizhu/Projects/plantsdb/emappertmp_mmseqs_nj0hmh8w/d3b03b8e64f24dac892f081f542c8535.m8' --threads 40 --format-output "query,target,pident,alnlen,qstart,qend,tstart,tend,evalue,bits,qcov,tcov"[0m
Loading source DB...
[31mWarning: this can take a few minutes and load up to 45GB to RAM. Using --dbmem is recommended to annotate a large number of sequences.[0m
[32mDone[0m
[1;33mResult files:[0m
   /home/nizhu/Projects/plantsdb/result/result_imp/species/Avicennia_marina/eggnog_work/Avicennia_marina.emapper.hits
   /home/nizhu/Projects/plantsdb/result/result_imp/species/Avicennia_marina/eggnog_work/Avicennia_marina.emapper.seed_orthologs
   /home/nizhu/Projects/plantsdb/result/result_imp/species/Avicennia_marina/eggnog_work/Avicennia_marina.emapper.annotations

================================================================================
CITATION:
If you use this software, please cite:

[1] eggNOG-mapper v2: functional annotation, orthology assignments, and domain 
      prediction at the metagenomic scale. Carlos P. Cantalapiedra, 
      Ana Hernandez-Plaza, Ivica Letunic, Peer Bork, Jaime Huerta-Cepas. 2021.
      Molecular Biology and Evolution, msab293, https://doi.org/10.1093/molbev/msab293

[2] eggNOG 5.0: a hierarchical, functionally and phylogenetically annotated
      orthology resource based on 5090 organisms and 2502 viruses. Jaime
      Huerta-Cepas, Damian Szklarczyk, Davide Heller, Ana Hernandez-Plaza,
      Sofia K Forslund, Helen Cook, Daniel R Mende, Ivica Letunic, Thomas
      Rattei, Lars J Jensen, Christian von Mering and Peer Bork. Nucleic Acids
      Research, Volume 47, Issue D1, 8 January 2019, Pages D309-D314,
      https://doi.org/10.1093/nar/gky1085 

[3] MMseqs2 enables sensitive protein sequence searching for the analysis of massive data sets.
       Steinegger M & Söding J. 2017. Nat. Biotech. 35, 1026–1028. https://doi.org/10.1038/nbt.3988

e.g. Functional annotation was performed using eggNOG-mapper (version emapper-2.1.12-8b119d7) [1]
 based on eggNOG orthology data [2]. Sequence searches were performed using [3].

================================================================================

Total hits processed: 38564
Total time: 974 secs
FINISHED
[Azadirachta_indica]
#  emapper-2.1.12-8b119d7
# emapper.py  -i /DATA/data2/downloads/IMP/Azadirachta_indica/Azadirachta_indica.prot.fasta -o /home/nizhu/Projects/plantsdb/result/result_imp/species/Azadirachta_indica/eggnog_work/Azadirachta_indica --data_dir /DATA/data2/emapperdb-5.0.2 -m mmseqs --cpu 40 --dbmem --tax_scope Viridiplantae --override --no_file_comments
[1;33m  /home/nizhu/software/miniforge3/envs/biotools/bin/mmseqs createdb '/DATA/data2/downloads/IMP/Azadirachta_indica/Azadirachta_indica.prot.fasta' '/home/nizhu/Projects/plantsdb/emappertmp_mmseqs_hxyi1z_g/1913dcfff3024bcf9259dd33ccaf640e' --dbtype 1[0m
[1;33m  /home/nizhu/software/miniforge3/envs/biotools/bin/mmseqs search -a true '/home/nizhu/Projects/plantsdb/emappertmp_mmseqs_hxyi1z_g/1913dcfff3024bcf9259dd33ccaf640e' '/DATA/data2/emapperdb-5.0.2/mmseqs/mmseqs.db' '/home/nizhu/Projects/plantsdb/emappertmp_mmseqs_hxyi1z_g/f6cb8601c07040dd86aa61d3c3b239bb' '/home/nizhu/Projects/plantsdb/emappertmp_mmseqs_hxyi1z_g' --start-sens 3 --sens-steps 3 -s 7 --threads 40[0m
[1;33m  /home/nizhu/software/miniforge3/envs/biotools/bin/mmseqs filterdb '/home/nizhu/Projects/plantsdb/emappertmp_mmseqs_hxyi1z_g/f6cb8601c07040dd86aa61d3c3b239bb' '/home/nizhu/Projects/plantsdb/emappertmp_mmseqs_hxyi1z_g/0a48612ddeac4b669613332a0cbc6c17' --threads 40 --extract-lines 1 [0m
[1;33m  /home/nizhu/software/miniforge3/envs/biotools/bin/mmseqs convertalis '/home/nizhu/Projects/plantsdb/emappertmp_mmseqs_hxyi1z_g/1913dcfff3024bcf9259dd33ccaf640e' '/DATA/data2/emapperdb-5.0.2/mmseqs/mmseqs.db' '/home/nizhu/Projects/plantsdb/emappertmp_mmseqs_hxyi1z_g/0a48612ddeac4b669613332a0cbc6c17' '/home/nizhu/Projects/plantsdb/emappertmp_mmseqs_hxyi1z_g/0a48612ddeac4b669613332a0cbc6c17.m8' --threads 40 --format-output "query,target,pident,alnlen,qstart,qend,tstart,tend,evalue,bits,qcov,tcov"[0m
Loading source DB...
[31mWarning: this can take a few minutes and load up to 45GB to RAM. Using --dbmem is recommended to annotate a large number of sequences.[0m
[32mDone[0m
[1;33mResult files:[0m
   /home/nizhu/Projects/plantsdb/result/result_imp/species/Azadirachta_indica/eggnog_work/Azadirachta_indica.emapper.hits
   /home/nizhu/Projects/plantsdb/result/result_imp/species/Azadirachta_indica/eggnog_work/Azadirachta_indica.emapper.seed_orthologs
   /home/nizhu/Projects/plantsdb/result/result_imp/species/Azadirachta_indica/eggnog_work/Azadirachta_indica.emapper.annotations

================================================================================
CITATION:
If you use this software, please cite:

[1] eggNOG-mapper v2: functional annotation, orthology assignments, and domain 
      prediction at the metagenomic scale. Carlos P. Cantalapiedra, 
      Ana Hernandez-Plaza, Ivica Letunic, Peer Bork, Jaime Huerta-Cepas. 2021.
      Molecular Biology and Evolution, msab293, https://doi.org/10.1093/molbev/msab293

[2] eggNOG 5.0: a hierarchical, functionally and phylogenetically annotated
      orthology resource based on 5090 organisms and 2502 viruses. Jaime
      Huerta-Cepas, Damian Szklarczyk, Davide Heller, Ana Hernandez-Plaza,
      Sofia K Forslund, Helen Cook, Daniel R Mende, Ivica Letunic, Thomas
      Rattei, Lars J Jensen, Christian von Mering and Peer Bork. Nucleic Acids
      Research, Volume 47, Issue D1, 8 January 2019, Pages D309-D314,
      https://doi.org/10.1093/nar/gky1085 

[3] MMseqs2 enables sensitive protein sequence searching for the analysis of massive data sets.
       Steinegger M & Söding J. 2017. Nat. Biotech. 35, 1026–1028. https://doi.org/10.1038/nbt.3988

e.g. Functional annotation was performed using eggNOG-mapper (version emapper-2.1.12-8b119d7) [1]
 based on eggNOG orthology data [2]. Sequence searches were performed using [3].

================================================================================

Total hits processed: 39810
Total time: 886 secs
FINISHED

========================================
Done in 71853s
Species: /home/nizhu/Projects/plantsdb/result/result_imp/species
Homolog: /home/nizhu/Projects/plantsdb/result/result_imp/homolog
========================================
