[01:05:07] eggnog: Acer_campestre
========================================
Input:       /DATA/data2/downloads/IMP
Species out: /home/nizhu/Projects/plantsdb/result/result_imp/species
Homolog out: /home/nizhu/Projects/plantsdb/result/result_imp/homolog
Mode:        eggnog
Species:     Acer_campestre
========================================
Found 1 species

[Acer_campestre]
#  emapper-2.1.12-8b119d7
# emapper.py  -i /DATA/data2/downloads/IMP/Acer_campestre/Acer_campestre.prot.fasta -o /home/nizhu/Projects/plantsdb/result/result_imp/species/Acer_campestre/eggnog_work/Acer_campestre --data_dir /DATA/data2/emapperdb-5.0.2 -m mmseqs --cpu 40 --dbmem --tax_scope Viridiplantae --override --no_file_comments
[1;33m  /home/nizhu/software/miniforge3/envs/biotools/bin/mmseqs createdb '/DATA/data2/downloads/IMP/Acer_campestre/Acer_campestre.prot.fasta' '/home/nizhu/Projects/plantsdb/emappertmp_mmseqs_00ukzz3e/a80e855e8c324fd2b9f23f6b6b60d8b6' --dbtype 1[0m
[1;33m  /home/nizhu/software/miniforge3/envs/biotools/bin/mmseqs search -a true '/home/nizhu/Projects/plantsdb/emappertmp_mmseqs_00ukzz3e/a80e855e8c324fd2b9f23f6b6b60d8b6' '/DATA/data2/emapperdb-5.0.2/mmseqs/mmseqs.db' '/home/nizhu/Projects/plantsdb/emappertmp_mmseqs_00ukzz3e/5b7cd6746ada4624aba29fad16f4a5f0' '/home/nizhu/Projects/plantsdb/emappertmp_mmseqs_00ukzz3e' --start-sens 3 --sens-steps 3 -s 7 --threads 40[0m
[1;33m  /home/nizhu/software/miniforge3/envs/biotools/bin/mmseqs filterdb '/home/nizhu/Projects/plantsdb/emappertmp_mmseqs_00ukzz3e/5b7cd6746ada4624aba29fad16f4a5f0' '/home/nizhu/Projects/plantsdb/emappertmp_mmseqs_00ukzz3e/9ec299850f45489db413bf242139e688' --threads 40 --extract-lines 1 [0m
[1;33m  /home/nizhu/software/miniforge3/envs/biotools/bin/mmseqs convertalis '/home/nizhu/Projects/plantsdb/emappertmp_mmseqs_00ukzz3e/a80e855e8c324fd2b9f23f6b6b60d8b6' '/DATA/data2/emapperdb-5.0.2/mmseqs/mmseqs.db' '/home/nizhu/Projects/plantsdb/emappertmp_mmseqs_00ukzz3e/9ec299850f45489db413bf242139e688' '/home/nizhu/Projects/plantsdb/emappertmp_mmseqs_00ukzz3e/9ec299850f45489db413bf242139e688.m8' --threads 40 --format-output "query,target,pident,alnlen,qstart,qend,tstart,tend,evalue,bits,qcov,tcov"[0m
Loading source DB...
[31mWarning: this can take a few minutes and load up to 45GB to RAM. Using --dbmem is recommended to annotate a large number of sequences.[0m
[32mDone[0m
[1;33mResult files:[0m
   /home/nizhu/Projects/plantsdb/result/result_imp/species/Acer_campestre/eggnog_work/Acer_campestre.emapper.hits
   /home/nizhu/Projects/plantsdb/result/result_imp/species/Acer_campestre/eggnog_work/Acer_campestre.emapper.seed_orthologs
   /home/nizhu/Projects/plantsdb/result/result_imp/species/Acer_campestre/eggnog_work/Acer_campestre.emapper.annotations

================================================================================
CITATION:
If you use this software, please cite:

[1] eggNOG-mapper v2: functional annotation, orthology assignments, and domain 
      prediction at the metagenomic scale. Carlos P. Cantalapiedra, 
      Ana Hernandez-Plaza, Ivica Letunic, Peer Bork, Jaime Huerta-Cepas. 2021.
      Molecular Biology and Evolution, msab293, https://doi.org/10.1093/molbev/msab293

[2] eggNOG 5.0: a hierarchical, functionally and phylogenetically annotated
      orthology resource based on 5090 organisms and 2502 viruses. Jaime
      Huerta-Cepas, Damian Szklarczyk, Davide Heller, Ana Hernandez-Plaza,
      Sofia K Forslund, Helen Cook, Daniel R Mende, Ivica Letunic, Thomas
      Rattei, Lars J Jensen, Christian von Mering and Peer Bork. Nucleic Acids
      Research, Volume 47, Issue D1, 8 January 2019, Pages D309-D314,
      https://doi.org/10.1093/nar/gky1085 

[3] MMseqs2 enables sensitive protein sequence searching for the analysis of massive data sets.
       Steinegger M & Söding J. 2017. Nat. Biotech. 35, 1026–1028. https://doi.org/10.1038/nbt.3988

e.g. Functional annotation was performed using eggNOG-mapper (version emapper-2.1.12-8b119d7) [1]
 based on eggNOG orthology data [2]. Sequence searches were performed using [3].

================================================================================

Total hits processed: 74446
Total time: 1258 secs
FINISHED

========================================
Done in 1262s
Species: /home/nizhu/Projects/plantsdb/result/result_imp/species
Homolog: /home/nizhu/Projects/plantsdb/result/result_imp/homolog
========================================
[01:26:09] eggnog: Acer_negundo
========================================
Input:       /DATA/data2/downloads/IMP
Species out: /home/nizhu/Projects/plantsdb/result/result_imp/species
Homolog out: /home/nizhu/Projects/plantsdb/result/result_imp/homolog
Mode:        eggnog
Species:     Acer_negundo
========================================
Found 1 species

[Acer_negundo]
#  emapper-2.1.12-8b119d7
# emapper.py  -i /DATA/data2/downloads/IMP/Acer_negundo/Acer_negundo.prot.fasta -o /home/nizhu/Projects/plantsdb/result/result_imp/species/Acer_negundo/eggnog_work/Acer_negundo --data_dir /DATA/data2/emapperdb-5.0.2 -m mmseqs --cpu 40 --dbmem --tax_scope Viridiplantae --override --no_file_comments
[1;33m  /home/nizhu/software/miniforge3/envs/biotools/bin/mmseqs createdb '/DATA/data2/downloads/IMP/Acer_negundo/Acer_negundo.prot.fasta' '/home/nizhu/Projects/plantsdb/emappertmp_mmseqs_g99ajxoh/2d1bf3735d3d4b73b07d64a8dca83451' --dbtype 1[0m
[1;33m  /home/nizhu/software/miniforge3/envs/biotools/bin/mmseqs search -a true '/home/nizhu/Projects/plantsdb/emappertmp_mmseqs_g99ajxoh/2d1bf3735d3d4b73b07d64a8dca83451' '/DATA/data2/emapperdb-5.0.2/mmseqs/mmseqs.db' '/home/nizhu/Projects/plantsdb/emappertmp_mmseqs_g99ajxoh/f787e2c5bbff4f1c8efe00d927af62db' '/home/nizhu/Projects/plantsdb/emappertmp_mmseqs_g99ajxoh' --start-sens 3 --sens-steps 3 -s 7 --threads 40[0m
[1;33m  /home/nizhu/software/miniforge3/envs/biotools/bin/mmseqs filterdb '/home/nizhu/Projects/plantsdb/emappertmp_mmseqs_g99ajxoh/f787e2c5bbff4f1c8efe00d927af62db' '/home/nizhu/Projects/plantsdb/emappertmp_mmseqs_g99ajxoh/1b0b95c1f9924d1eb88d1639bf1a1c3e' --threads 40 --extract-lines 1 [0m
[1;33m  /home/nizhu/software/miniforge3/envs/biotools/bin/mmseqs convertalis '/home/nizhu/Projects/plantsdb/emappertmp_mmseqs_g99ajxoh/2d1bf3735d3d4b73b07d64a8dca83451' '/DATA/data2/emapperdb-5.0.2/mmseqs/mmseqs.db' '/home/nizhu/Projects/plantsdb/emappertmp_mmseqs_g99ajxoh/1b0b95c1f9924d1eb88d1639bf1a1c3e' '/home/nizhu/Projects/plantsdb/emappertmp_mmseqs_g99ajxoh/1b0b95c1f9924d1eb88d1639bf1a1c3e.m8' --threads 40 --format-output "query,target,pident,alnlen,qstart,qend,tstart,tend,evalue,bits,qcov,tcov"[0m
Loading source DB...
[31mWarning: this can take a few minutes and load up to 45GB to RAM. Using --dbmem is recommended to annotate a large number of sequences.[0m
[32mDone[0m
[1;33mResult files:[0m
   /home/nizhu/Projects/plantsdb/result/result_imp/species/Acer_negundo/eggnog_work/Acer_negundo.emapper.hits
   /home/nizhu/Projects/plantsdb/result/result_imp/species/Acer_negundo/eggnog_work/Acer_negundo.emapper.seed_orthologs
   /home/nizhu/Projects/plantsdb/result/result_imp/species/Acer_negundo/eggnog_work/Acer_negundo.emapper.annotations

================================================================================
CITATION:
If you use this software, please cite:

[1] eggNOG-mapper v2: functional annotation, orthology assignments, and domain 
      prediction at the metagenomic scale. Carlos P. Cantalapiedra, 
      Ana Hernandez-Plaza, Ivica Letunic, Peer Bork, Jaime Huerta-Cepas. 2021.
      Molecular Biology and Evolution, msab293, https://doi.org/10.1093/molbev/msab293

[2] eggNOG 5.0: a hierarchical, functionally and phylogenetically annotated
      orthology resource based on 5090 organisms and 2502 viruses. Jaime
      Huerta-Cepas, Damian Szklarczyk, Davide Heller, Ana Hernandez-Plaza,
      Sofia K Forslund, Helen Cook, Daniel R Mende, Ivica Letunic, Thomas
      Rattei, Lars J Jensen, Christian von Mering and Peer Bork. Nucleic Acids
      Research, Volume 47, Issue D1, 8 January 2019, Pages D309-D314,
      https://doi.org/10.1093/nar/gky1085 

[3] MMseqs2 enables sensitive protein sequence searching for the analysis of massive data sets.
       Steinegger M & Söding J. 2017. Nat. Biotech. 35, 1026–1028. https://doi.org/10.1038/nbt.3988

e.g. Functional annotation was performed using eggNOG-mapper (version emapper-2.1.12-8b119d7) [1]
 based on eggNOG orthology data [2]. Sequence searches were performed using [3].

================================================================================

Total hits processed: 26749
Total time: 855 secs
FINISHED

========================================
Done in 857s
Species: /home/nizhu/Projects/plantsdb/result/result_imp/species
Homolog: /home/nizhu/Projects/plantsdb/result/result_imp/homolog
========================================
[01:40:26] eggnog: Acer_saccharum
========================================
Input:       /DATA/data2/downloads/IMP
Species out: /home/nizhu/Projects/plantsdb/result/result_imp/species
Homolog out: /home/nizhu/Projects/plantsdb/result/result_imp/homolog
Mode:        eggnog
Species:     Acer_saccharum
========================================
Found 1 species

[Acer_saccharum]
#  emapper-2.1.12-8b119d7
# emapper.py  -i /DATA/data2/downloads/IMP/Acer_saccharum/Acer_saccharum.prot.fasta -o /home/nizhu/Projects/plantsdb/result/result_imp/species/Acer_saccharum/eggnog_work/Acer_saccharum --data_dir /DATA/data2/emapperdb-5.0.2 -m mmseqs --cpu 40 --dbmem --tax_scope Viridiplantae --override --no_file_comments
[1;33m  /home/nizhu/software/miniforge3/envs/biotools/bin/mmseqs createdb '/DATA/data2/downloads/IMP/Acer_saccharum/Acer_saccharum.prot.fasta' '/home/nizhu/Projects/plantsdb/emappertmp_mmseqs_qg1anei1/7464f28c1dcb437bbd6fb41b4364c224' --dbtype 1[0m
[1;33m  /home/nizhu/software/miniforge3/envs/biotools/bin/mmseqs search -a true '/home/nizhu/Projects/plantsdb/emappertmp_mmseqs_qg1anei1/7464f28c1dcb437bbd6fb41b4364c224' '/DATA/data2/emapperdb-5.0.2/mmseqs/mmseqs.db' '/home/nizhu/Projects/plantsdb/emappertmp_mmseqs_qg1anei1/be4efe6461db45fdae11effc7e1b9ba6' '/home/nizhu/Projects/plantsdb/emappertmp_mmseqs_qg1anei1' --start-sens 3 --sens-steps 3 -s 7 --threads 40[0m
[1;33m  /home/nizhu/software/miniforge3/envs/biotools/bin/mmseqs filterdb '/home/nizhu/Projects/plantsdb/emappertmp_mmseqs_qg1anei1/be4efe6461db45fdae11effc7e1b9ba6' '/home/nizhu/Projects/plantsdb/emappertmp_mmseqs_qg1anei1/976f75ca2d624bb8bfa4b7a80d993fcc' --threads 40 --extract-lines 1 [0m
[1;33m  /home/nizhu/software/miniforge3/envs/biotools/bin/mmseqs convertalis '/home/nizhu/Projects/plantsdb/emappertmp_mmseqs_qg1anei1/7464f28c1dcb437bbd6fb41b4364c224' '/DATA/data2/emapperdb-5.0.2/mmseqs/mmseqs.db' '/home/nizhu/Projects/plantsdb/emappertmp_mmseqs_qg1anei1/976f75ca2d624bb8bfa4b7a80d993fcc' '/home/nizhu/Projects/plantsdb/emappertmp_mmseqs_qg1anei1/976f75ca2d624bb8bfa4b7a80d993fcc.m8' --threads 40 --format-output "query,target,pident,alnlen,qstart,qend,tstart,tend,evalue,bits,qcov,tcov"[0m
Loading source DB...
[31mWarning: this can take a few minutes and load up to 45GB to RAM. Using --dbmem is recommended to annotate a large number of sequences.[0m
[32mDone[0m
[1;33mResult files:[0m
   /home/nizhu/Projects/plantsdb/result/result_imp/species/Acer_saccharum/eggnog_work/Acer_saccharum.emapper.hits
   /home/nizhu/Projects/plantsdb/result/result_imp/species/Acer_saccharum/eggnog_work/Acer_saccharum.emapper.seed_orthologs
   /home/nizhu/Projects/plantsdb/result/result_imp/species/Acer_saccharum/eggnog_work/Acer_saccharum.emapper.annotations

================================================================================
CITATION:
If you use this software, please cite:

[1] eggNOG-mapper v2: functional annotation, orthology assignments, and domain 
      prediction at the metagenomic scale. Carlos P. Cantalapiedra, 
      Ana Hernandez-Plaza, Ivica Letunic, Peer Bork, Jaime Huerta-Cepas. 2021.
      Molecular Biology and Evolution, msab293, https://doi.org/10.1093/molbev/msab293

[2] eggNOG 5.0: a hierarchical, functionally and phylogenetically annotated
      orthology resource based on 5090 organisms and 2502 viruses. Jaime
      Huerta-Cepas, Damian Szklarczyk, Davide Heller, Ana Hernandez-Plaza,
      Sofia K Forslund, Helen Cook, Daniel R Mende, Ivica Letunic, Thomas
      Rattei, Lars J Jensen, Christian von Mering and Peer Bork. Nucleic Acids
      Research, Volume 47, Issue D1, 8 January 2019, Pages D309-D314,
      https://doi.org/10.1093/nar/gky1085 

[3] MMseqs2 enables sensitive protein sequence searching for the analysis of massive data sets.
       Steinegger M & Söding J. 2017. Nat. Biotech. 35, 1026–1028. https://doi.org/10.1038/nbt.3988

e.g. Functional annotation was performed using eggNOG-mapper (version emapper-2.1.12-8b119d7) [1]
 based on eggNOG orthology data [2]. Sequence searches were performed using [3].

================================================================================

Total hits processed: 30858
Total time: 893 secs
FINISHED

========================================
Done in 897s
Species: /home/nizhu/Projects/plantsdb/result/result_imp/species
Homolog: /home/nizhu/Projects/plantsdb/result/result_imp/homolog
========================================
[01:55:23] eggnog: Acer_yangbiense
========================================
Input:       /DATA/data2/downloads/IMP
Species out: /home/nizhu/Projects/plantsdb/result/result_imp/species
Homolog out: /home/nizhu/Projects/plantsdb/result/result_imp/homolog
Mode:        eggnog
Species:     Acer_yangbiense
========================================
Found 1 species

[Acer_yangbiense]
#  emapper-2.1.12-8b119d7
# emapper.py  -i /DATA/data2/downloads/IMP/Acer_yangbiense/Acer_yangbiense.prot.fasta -o /home/nizhu/Projects/plantsdb/result/result_imp/species/Acer_yangbiense/eggnog_work/Acer_yangbiense --data_dir /DATA/data2/emapperdb-5.0.2 -m mmseqs --cpu 40 --dbmem --tax_scope Viridiplantae --override --no_file_comments
[1;33m  /home/nizhu/software/miniforge3/envs/biotools/bin/mmseqs createdb '/DATA/data2/downloads/IMP/Acer_yangbiense/Acer_yangbiense.prot.fasta' '/home/nizhu/Projects/plantsdb/emappertmp_mmseqs_x935yc_1/af13901937554a9f98d49a8b7330c8ff' --dbtype 1[0m
[1;33m  /home/nizhu/software/miniforge3/envs/biotools/bin/mmseqs search -a true '/home/nizhu/Projects/plantsdb/emappertmp_mmseqs_x935yc_1/af13901937554a9f98d49a8b7330c8ff' '/DATA/data2/emapperdb-5.0.2/mmseqs/mmseqs.db' '/home/nizhu/Projects/plantsdb/emappertmp_mmseqs_x935yc_1/22b6bcb99d7145bdafc02d64ca2a2dcb' '/home/nizhu/Projects/plantsdb/emappertmp_mmseqs_x935yc_1' --start-sens 3 --sens-steps 3 -s 7 --threads 40[0m
[1;33m  /home/nizhu/software/miniforge3/envs/biotools/bin/mmseqs filterdb '/home/nizhu/Projects/plantsdb/emappertmp_mmseqs_x935yc_1/22b6bcb99d7145bdafc02d64ca2a2dcb' '/home/nizhu/Projects/plantsdb/emappertmp_mmseqs_x935yc_1/b5b3c5ffd4064bd18e868756920c8a0b' --threads 40 --extract-lines 1 [0m
[1;33m  /home/nizhu/software/miniforge3/envs/biotools/bin/mmseqs convertalis '/home/nizhu/Projects/plantsdb/emappertmp_mmseqs_x935yc_1/af13901937554a9f98d49a8b7330c8ff' '/DATA/data2/emapperdb-5.0.2/mmseqs/mmseqs.db' '/home/nizhu/Projects/plantsdb/emappertmp_mmseqs_x935yc_1/b5b3c5ffd4064bd18e868756920c8a0b' '/home/nizhu/Projects/plantsdb/emappertmp_mmseqs_x935yc_1/b5b3c5ffd4064bd18e868756920c8a0b.m8' --threads 40 --format-output "query,target,pident,alnlen,qstart,qend,tstart,tend,evalue,bits,qcov,tcov"[0m
Loading source DB...
[31mWarning: this can take a few minutes and load up to 45GB to RAM. Using --dbmem is recommended to annotate a large number of sequences.[0m
[32mDone[0m
[1;33mResult files:[0m
   /home/nizhu/Projects/plantsdb/result/result_imp/species/Acer_yangbiense/eggnog_work/Acer_yangbiense.emapper.hits
   /home/nizhu/Projects/plantsdb/result/result_imp/species/Acer_yangbiense/eggnog_work/Acer_yangbiense.emapper.seed_orthologs
   /home/nizhu/Projects/plantsdb/result/result_imp/species/Acer_yangbiense/eggnog_work/Acer_yangbiense.emapper.annotations

================================================================================
CITATION:
If you use this software, please cite:

[1] eggNOG-mapper v2: functional annotation, orthology assignments, and domain 
      prediction at the metagenomic scale. Carlos P. Cantalapiedra, 
      Ana Hernandez-Plaza, Ivica Letunic, Peer Bork, Jaime Huerta-Cepas. 2021.
      Molecular Biology and Evolution, msab293, https://doi.org/10.1093/molbev/msab293

[2] eggNOG 5.0: a hierarchical, functionally and phylogenetically annotated
      orthology resource based on 5090 organisms and 2502 viruses. Jaime
      Huerta-Cepas, Damian Szklarczyk, Davide Heller, Ana Hernandez-Plaza,
      Sofia K Forslund, Helen Cook, Daniel R Mende, Ivica Letunic, Thomas
      Rattei, Lars J Jensen, Christian von Mering and Peer Bork. Nucleic Acids
      Research, Volume 47, Issue D1, 8 January 2019, Pages D309-D314,
      https://doi.org/10.1093/nar/gky1085 

[3] MMseqs2 enables sensitive protein sequence searching for the analysis of massive data sets.
       Steinegger M & Söding J. 2017. Nat. Biotech. 35, 1026–1028. https://doi.org/10.1038/nbt.3988

e.g. Functional annotation was performed using eggNOG-mapper (version emapper-2.1.12-8b119d7) [1]
 based on eggNOG orthology data [2]. Sequence searches were performed using [3].

================================================================================

Total hits processed: 27775
Total time: 828 secs
FINISHED

========================================
Done in 831s
Species: /home/nizhu/Projects/plantsdb/result/result_imp/species
Homolog: /home/nizhu/Projects/plantsdb/result/result_imp/homolog
========================================
[02:09:14] eggnog: Acorus_americanus
========================================
Input:       /DATA/data2/downloads/IMP
Species out: /home/nizhu/Projects/plantsdb/result/result_imp/species
Homolog out: /home/nizhu/Projects/plantsdb/result/result_imp/homolog
Mode:        eggnog
Species:     Acorus_americanus
========================================
Found 1 species

[Acorus_americanus]
#  emapper-2.1.12-8b119d7
# emapper.py  -i /DATA/data2/downloads/IMP/Acorus_americanus/Acorus_americanus.prot.fasta -o /home/nizhu/Projects/plantsdb/result/result_imp/species/Acorus_americanus/eggnog_work/Acorus_americanus --data_dir /DATA/data2/emapperdb-5.0.2 -m mmseqs --cpu 40 --dbmem --tax_scope Viridiplantae --override --no_file_comments
[1;33m  /home/nizhu/software/miniforge3/envs/biotools/bin/mmseqs createdb '/DATA/data2/downloads/IMP/Acorus_americanus/Acorus_americanus.prot.fasta' '/home/nizhu/Projects/plantsdb/emappertmp_mmseqs_asajwjom/4e994c89e63c418fbce2458b0233ce5f' --dbtype 1[0m
[1;33m  /home/nizhu/software/miniforge3/envs/biotools/bin/mmseqs search -a true '/home/nizhu/Projects/plantsdb/emappertmp_mmseqs_asajwjom/4e994c89e63c418fbce2458b0233ce5f' '/DATA/data2/emapperdb-5.0.2/mmseqs/mmseqs.db' '/home/nizhu/Projects/plantsdb/emappertmp_mmseqs_asajwjom/5e950a7970f14ab0a2280c6dcdbeb46c' '/home/nizhu/Projects/plantsdb/emappertmp_mmseqs_asajwjom' --start-sens 3 --sens-steps 3 -s 7 --threads 40[0m
[1;33m  /home/nizhu/software/miniforge3/envs/biotools/bin/mmseqs filterdb '/home/nizhu/Projects/plantsdb/emappertmp_mmseqs_asajwjom/5e950a7970f14ab0a2280c6dcdbeb46c' '/home/nizhu/Projects/plantsdb/emappertmp_mmseqs_asajwjom/e50587fe99544671864dc9aef7f5f92d' --threads 40 --extract-lines 1 [0m
[1;33m  /home/nizhu/software/miniforge3/envs/biotools/bin/mmseqs convertalis '/home/nizhu/Projects/plantsdb/emappertmp_mmseqs_asajwjom/4e994c89e63c418fbce2458b0233ce5f' '/DATA/data2/emapperdb-5.0.2/mmseqs/mmseqs.db' '/home/nizhu/Projects/plantsdb/emappertmp_mmseqs_asajwjom/e50587fe99544671864dc9aef7f5f92d' '/home/nizhu/Projects/plantsdb/emappertmp_mmseqs_asajwjom/e50587fe99544671864dc9aef7f5f92d.m8' --threads 40 --format-output "query,target,pident,alnlen,qstart,qend,tstart,tend,evalue,bits,qcov,tcov"[0m
Loading source DB...
[31mWarning: this can take a few minutes and load up to 45GB to RAM. Using --dbmem is recommended to annotate a large number of sequences.[0m
[32mDone[0m
[1;33mResult files:[0m
   /home/nizhu/Projects/plantsdb/result/result_imp/species/Acorus_americanus/eggnog_work/Acorus_americanus.emapper.hits
   /home/nizhu/Projects/plantsdb/result/result_imp/species/Acorus_americanus/eggnog_work/Acorus_americanus.emapper.seed_orthologs
   /home/nizhu/Projects/plantsdb/result/result_imp/species/Acorus_americanus/eggnog_work/Acorus_americanus.emapper.annotations

================================================================================
CITATION:
If you use this software, please cite:

[1] eggNOG-mapper v2: functional annotation, orthology assignments, and domain 
      prediction at the metagenomic scale. Carlos P. Cantalapiedra, 
      Ana Hernandez-Plaza, Ivica Letunic, Peer Bork, Jaime Huerta-Cepas. 2021.
      Molecular Biology and Evolution, msab293, https://doi.org/10.1093/molbev/msab293

[2] eggNOG 5.0: a hierarchical, functionally and phylogenetically annotated
      orthology resource based on 5090 organisms and 2502 viruses. Jaime
      Huerta-Cepas, Damian Szklarczyk, Davide Heller, Ana Hernandez-Plaza,
      Sofia K Forslund, Helen Cook, Daniel R Mende, Ivica Letunic, Thomas
      Rattei, Lars J Jensen, Christian von Mering and Peer Bork. Nucleic Acids
      Research, Volume 47, Issue D1, 8 January 2019, Pages D309-D314,
      https://doi.org/10.1093/nar/gky1085 

[3] MMseqs2 enables sensitive protein sequence searching for the analysis of massive data sets.
       Steinegger M & Söding J. 2017. Nat. Biotech. 35, 1026–1028. https://doi.org/10.1038/nbt.3988

e.g. Functional annotation was performed using eggNOG-mapper (version emapper-2.1.12-8b119d7) [1]
 based on eggNOG orthology data [2]. Sequence searches were performed using [3].

================================================================================

Total hits processed: 44985
Total time: 1060 secs
FINISHED

========================================
Done in 1063s
Species: /home/nizhu/Projects/plantsdb/result/result_imp/species
Homolog: /home/nizhu/Projects/plantsdb/result/result_imp/homolog
========================================
[02:26:57] eggnog: Acorus_calamus
========================================
Input:       /DATA/data2/downloads/IMP
Species out: /home/nizhu/Projects/plantsdb/result/result_imp/species
Homolog out: /home/nizhu/Projects/plantsdb/result/result_imp/homolog
Mode:        eggnog
Species:     Acorus_calamus
========================================
Found 1 species

[Acorus_calamus]
#  emapper-2.1.12-8b119d7
# emapper.py  -i /DATA/data2/downloads/IMP/Acorus_calamus/Acorus_calamus.prot.fasta -o /home/nizhu/Projects/plantsdb/result/result_imp/species/Acorus_calamus/eggnog_work/Acorus_calamus --data_dir /DATA/data2/emapperdb-5.0.2 -m mmseqs --cpu 40 --dbmem --tax_scope Viridiplantae --override --no_file_comments
[1;33m  /home/nizhu/software/miniforge3/envs/biotools/bin/mmseqs createdb '/DATA/data2/downloads/IMP/Acorus_calamus/Acorus_calamus.prot.fasta' '/home/nizhu/Projects/plantsdb/emappertmp_mmseqs_t2pyehgd/769abf5612a84f06a744aec9f7b5e5ea' --dbtype 1[0m
[1;33m  /home/nizhu/software/miniforge3/envs/biotools/bin/mmseqs search -a true '/home/nizhu/Projects/plantsdb/emappertmp_mmseqs_t2pyehgd/769abf5612a84f06a744aec9f7b5e5ea' '/DATA/data2/emapperdb-5.0.2/mmseqs/mmseqs.db' '/home/nizhu/Projects/plantsdb/emappertmp_mmseqs_t2pyehgd/072c9c30ec6947e18fa609d5505d1324' '/home/nizhu/Projects/plantsdb/emappertmp_mmseqs_t2pyehgd' --start-sens 3 --sens-steps 3 -s 7 --threads 40[0m
[1;33m  /home/nizhu/software/miniforge3/envs/biotools/bin/mmseqs filterdb '/home/nizhu/Projects/plantsdb/emappertmp_mmseqs_t2pyehgd/072c9c30ec6947e18fa609d5505d1324' '/home/nizhu/Projects/plantsdb/emappertmp_mmseqs_t2pyehgd/edb829fccd6245cc97f9fcc99652a11f' --threads 40 --extract-lines 1 [0m
[1;33m  /home/nizhu/software/miniforge3/envs/biotools/bin/mmseqs convertalis '/home/nizhu/Projects/plantsdb/emappertmp_mmseqs_t2pyehgd/769abf5612a84f06a744aec9f7b5e5ea' '/DATA/data2/emapperdb-5.0.2/mmseqs/mmseqs.db' '/home/nizhu/Projects/plantsdb/emappertmp_mmseqs_t2pyehgd/edb829fccd6245cc97f9fcc99652a11f' '/home/nizhu/Projects/plantsdb/emappertmp_mmseqs_t2pyehgd/edb829fccd6245cc97f9fcc99652a11f.m8' --threads 40 --format-output "query,target,pident,alnlen,qstart,qend,tstart,tend,evalue,bits,qcov,tcov"[0m
Loading source DB...
[31mWarning: this can take a few minutes and load up to 45GB to RAM. Using --dbmem is recommended to annotate a large number of sequences.[0m
[32mDone[0m
[1;33mResult files:[0m
   /home/nizhu/Projects/plantsdb/result/result_imp/species/Acorus_calamus/eggnog_work/Acorus_calamus.emapper.hits
   /home/nizhu/Projects/plantsdb/result/result_imp/species/Acorus_calamus/eggnog_work/Acorus_calamus.emapper.seed_orthologs
   /home/nizhu/Projects/plantsdb/result/result_imp/species/Acorus_calamus/eggnog_work/Acorus_calamus.emapper.annotations

================================================================================
CITATION:
If you use this software, please cite:

[1] eggNOG-mapper v2: functional annotation, orthology assignments, and domain 
      prediction at the metagenomic scale. Carlos P. Cantalapiedra, 
      Ana Hernandez-Plaza, Ivica Letunic, Peer Bork, Jaime Huerta-Cepas. 2021.
      Molecular Biology and Evolution, msab293, https://doi.org/10.1093/molbev/msab293

[2] eggNOG 5.0: a hierarchical, functionally and phylogenetically annotated
      orthology resource based on 5090 organisms and 2502 viruses. Jaime
      Huerta-Cepas, Damian Szklarczyk, Davide Heller, Ana Hernandez-Plaza,
      Sofia K Forslund, Helen Cook, Daniel R Mende, Ivica Letunic, Thomas
      Rattei, Lars J Jensen, Christian von Mering and Peer Bork. Nucleic Acids
      Research, Volume 47, Issue D1, 8 January 2019, Pages D309-D314,
      https://doi.org/10.1093/nar/gky1085 

[3] MMseqs2 enables sensitive protein sequence searching for the analysis of massive data sets.
       Steinegger M & Söding J. 2017. Nat. Biotech. 35, 1026–1028. https://doi.org/10.1038/nbt.3988

e.g. Functional annotation was performed using eggNOG-mapper (version emapper-2.1.12-8b119d7) [1]
 based on eggNOG orthology data [2]. Sequence searches were performed using [3].

================================================================================

Total hits processed: 41829
Total time: 992 secs
FINISHED

========================================
Done in 995s
Species: /home/nizhu/Projects/plantsdb/result/result_imp/species
Homolog: /home/nizhu/Projects/plantsdb/result/result_imp/homolog
========================================
[02:43:32] eggnog: Acorus_gramineus
========================================
Input:       /DATA/data2/downloads/IMP
Species out: /home/nizhu/Projects/plantsdb/result/result_imp/species
Homolog out: /home/nizhu/Projects/plantsdb/result/result_imp/homolog
Mode:        eggnog
Species:     Acorus_gramineus
========================================
Found 1 species

[Acorus_gramineus]
#  emapper-2.1.12-8b119d7
# emapper.py  -i /DATA/data2/downloads/IMP/Acorus_gramineus/Acorus_gramineus.prot.fasta -o /home/nizhu/Projects/plantsdb/result/result_imp/species/Acorus_gramineus/eggnog_work/Acorus_gramineus --data_dir /DATA/data2/emapperdb-5.0.2 -m mmseqs --cpu 40 --dbmem --tax_scope Viridiplantae --override --no_file_comments
[1;33m  /home/nizhu/software/miniforge3/envs/biotools/bin/mmseqs createdb '/DATA/data2/downloads/IMP/Acorus_gramineus/Acorus_gramineus.prot.fasta' '/home/nizhu/Projects/plantsdb/emappertmp_mmseqs_b8c3czhb/41b54ad70dd944b8a9b1ee28b9ea1874' --dbtype 1[0m
[1;33m  /home/nizhu/software/miniforge3/envs/biotools/bin/mmseqs search -a true '/home/nizhu/Projects/plantsdb/emappertmp_mmseqs_b8c3czhb/41b54ad70dd944b8a9b1ee28b9ea1874' '/DATA/data2/emapperdb-5.0.2/mmseqs/mmseqs.db' '/home/nizhu/Projects/plantsdb/emappertmp_mmseqs_b8c3czhb/972c7a02e6904dc59df129ca9c35963d' '/home/nizhu/Projects/plantsdb/emappertmp_mmseqs_b8c3czhb' --start-sens 3 --sens-steps 3 -s 7 --threads 40[0m
[1;33m  /home/nizhu/software/miniforge3/envs/biotools/bin/mmseqs filterdb '/home/nizhu/Projects/plantsdb/emappertmp_mmseqs_b8c3czhb/972c7a02e6904dc59df129ca9c35963d' '/home/nizhu/Projects/plantsdb/emappertmp_mmseqs_b8c3czhb/5a7e027d73f34a35800d83ee863b3982' --threads 40 --extract-lines 1 [0m
[1;33m  /home/nizhu/software/miniforge3/envs/biotools/bin/mmseqs convertalis '/home/nizhu/Projects/plantsdb/emappertmp_mmseqs_b8c3czhb/41b54ad70dd944b8a9b1ee28b9ea1874' '/DATA/data2/emapperdb-5.0.2/mmseqs/mmseqs.db' '/home/nizhu/Projects/plantsdb/emappertmp_mmseqs_b8c3czhb/5a7e027d73f34a35800d83ee863b3982' '/home/nizhu/Projects/plantsdb/emappertmp_mmseqs_b8c3czhb/5a7e027d73f34a35800d83ee863b3982.m8' --threads 40 --format-output "query,target,pident,alnlen,qstart,qend,tstart,tend,evalue,bits,qcov,tcov"[0m
Loading source DB...
[31mWarning: this can take a few minutes and load up to 45GB to RAM. Using --dbmem is recommended to annotate a large number of sequences.[0m
[32mDone[0m
[1;33mResult files:[0m
   /home/nizhu/Projects/plantsdb/result/result_imp/species/Acorus_gramineus/eggnog_work/Acorus_gramineus.emapper.hits
   /home/nizhu/Projects/plantsdb/result/result_imp/species/Acorus_gramineus/eggnog_work/Acorus_gramineus.emapper.seed_orthologs
   /home/nizhu/Projects/plantsdb/result/result_imp/species/Acorus_gramineus/eggnog_work/Acorus_gramineus.emapper.annotations

================================================================================
CITATION:
If you use this software, please cite:

[1] eggNOG-mapper v2: functional annotation, orthology assignments, and domain 
      prediction at the metagenomic scale. Carlos P. Cantalapiedra, 
      Ana Hernandez-Plaza, Ivica Letunic, Peer Bork, Jaime Huerta-Cepas. 2021.
      Molecular Biology and Evolution, msab293, https://doi.org/10.1093/molbev/msab293

[2] eggNOG 5.0: a hierarchical, functionally and phylogenetically annotated
      orthology resource based on 5090 organisms and 2502 viruses. Jaime
      Huerta-Cepas, Damian Szklarczyk, Davide Heller, Ana Hernandez-Plaza,
      Sofia K Forslund, Helen Cook, Daniel R Mende, Ivica Letunic, Thomas
      Rattei, Lars J Jensen, Christian von Mering and Peer Bork. Nucleic Acids
      Research, Volume 47, Issue D1, 8 January 2019, Pages D309-D314,
      https://doi.org/10.1093/nar/gky1085 

[3] MMseqs2 enables sensitive protein sequence searching for the analysis of massive data sets.
       Steinegger M & Söding J. 2017. Nat. Biotech. 35, 1026–1028. https://doi.org/10.1038/nbt.3988

e.g. Functional annotation was performed using eggNOG-mapper (version emapper-2.1.12-8b119d7) [1]
 based on eggNOG orthology data [2]. Sequence searches were performed using [3].

================================================================================

Total hits processed: 23010
Total time: 832 secs
FINISHED

========================================
Done in 834s
Species: /home/nizhu/Projects/plantsdb/result/result_imp/species
Homolog: /home/nizhu/Projects/plantsdb/result/result_imp/homolog
========================================
[02:57:26] eggnog: Acorus_tatarinowii
========================================
Input:       /DATA/data2/downloads/IMP
Species out: /home/nizhu/Projects/plantsdb/result/result_imp/species
Homolog out: /home/nizhu/Projects/plantsdb/result/result_imp/homolog
Mode:        eggnog
Species:     Acorus_tatarinowii
========================================
Found 1 species

[Acorus_tatarinowii]
#  emapper-2.1.12-8b119d7
# emapper.py  -i /DATA/data2/downloads/IMP/Acorus_tatarinowii/Acorus_tatarinowii.prot.fasta -o /home/nizhu/Projects/plantsdb/result/result_imp/species/Acorus_tatarinowii/eggnog_work/Acorus_tatarinowii --data_dir /DATA/data2/emapperdb-5.0.2 -m mmseqs --cpu 40 --dbmem --tax_scope Viridiplantae --override --no_file_comments
[1;33m  /home/nizhu/software/miniforge3/envs/biotools/bin/mmseqs createdb '/DATA/data2/downloads/IMP/Acorus_tatarinowii/Acorus_tatarinowii.prot.fasta' '/home/nizhu/Projects/plantsdb/emappertmp_mmseqs_g_6j03bu/a757f0c47be24aea8e15f14f9aa0c239' --dbtype 1[0m
[1;33m  /home/nizhu/software/miniforge3/envs/biotools/bin/mmseqs search -a true '/home/nizhu/Projects/plantsdb/emappertmp_mmseqs_g_6j03bu/a757f0c47be24aea8e15f14f9aa0c239' '/DATA/data2/emapperdb-5.0.2/mmseqs/mmseqs.db' '/home/nizhu/Projects/plantsdb/emappertmp_mmseqs_g_6j03bu/f656c9e9b8ca4a93a2cc33e230cb3eed' '/home/nizhu/Projects/plantsdb/emappertmp_mmseqs_g_6j03bu' --start-sens 3 --sens-steps 3 -s 7 --threads 40[0m
[1;33m  /home/nizhu/software/miniforge3/envs/biotools/bin/mmseqs filterdb '/home/nizhu/Projects/plantsdb/emappertmp_mmseqs_g_6j03bu/f656c9e9b8ca4a93a2cc33e230cb3eed' '/home/nizhu/Projects/plantsdb/emappertmp_mmseqs_g_6j03bu/6409bf4ee1c248928721728f5fb646c5' --threads 40 --extract-lines 1 [0m
[1;33m  /home/nizhu/software/miniforge3/envs/biotools/bin/mmseqs convertalis '/home/nizhu/Projects/plantsdb/emappertmp_mmseqs_g_6j03bu/a757f0c47be24aea8e15f14f9aa0c239' '/DATA/data2/emapperdb-5.0.2/mmseqs/mmseqs.db' '/home/nizhu/Projects/plantsdb/emappertmp_mmseqs_g_6j03bu/6409bf4ee1c248928721728f5fb646c5' '/home/nizhu/Projects/plantsdb/emappertmp_mmseqs_g_6j03bu/6409bf4ee1c248928721728f5fb646c5.m8' --threads 40 --format-output "query,target,pident,alnlen,qstart,qend,tstart,tend,evalue,bits,qcov,tcov"[0m
Loading source DB...
[31mWarning: this can take a few minutes and load up to 45GB to RAM. Using --dbmem is recommended to annotate a large number of sequences.[0m
[32mDone[0m
[1;33mResult files:[0m
   /home/nizhu/Projects/plantsdb/result/result_imp/species/Acorus_tatarinowii/eggnog_work/Acorus_tatarinowii.emapper.hits
   /home/nizhu/Projects/plantsdb/result/result_imp/species/Acorus_tatarinowii/eggnog_work/Acorus_tatarinowii.emapper.seed_orthologs
   /home/nizhu/Projects/plantsdb/result/result_imp/species/Acorus_tatarinowii/eggnog_work/Acorus_tatarinowii.emapper.annotations

================================================================================
CITATION:
If you use this software, please cite:

[1] eggNOG-mapper v2: functional annotation, orthology assignments, and domain 
      prediction at the metagenomic scale. Carlos P. Cantalapiedra, 
      Ana Hernandez-Plaza, Ivica Letunic, Peer Bork, Jaime Huerta-Cepas. 2021.
      Molecular Biology and Evolution, msab293, https://doi.org/10.1093/molbev/msab293

[2] eggNOG 5.0: a hierarchical, functionally and phylogenetically annotated
      orthology resource based on 5090 organisms and 2502 viruses. Jaime
      Huerta-Cepas, Damian Szklarczyk, Davide Heller, Ana Hernandez-Plaza,
      Sofia K Forslund, Helen Cook, Daniel R Mende, Ivica Letunic, Thomas
      Rattei, Lars J Jensen, Christian von Mering and Peer Bork. Nucleic Acids
      Research, Volume 47, Issue D1, 8 January 2019, Pages D309-D314,
      https://doi.org/10.1093/nar/gky1085 

[3] MMseqs2 enables sensitive protein sequence searching for the analysis of massive data sets.
       Steinegger M & Söding J. 2017. Nat. Biotech. 35, 1026–1028. https://doi.org/10.1038/nbt.3988

e.g. Functional annotation was performed using eggNOG-mapper (version emapper-2.1.12-8b119d7) [1]
 based on eggNOG orthology data [2]. Sequence searches were performed using [3].

================================================================================

Total hits processed: 27353
Total time: 829 secs
FINISHED

========================================
Done in 831s
Species: /home/nizhu/Projects/plantsdb/result/result_imp/species
Homolog: /home/nizhu/Projects/plantsdb/result/result_imp/homolog
========================================
[03:11:17] eggnog: Actinidia_arguta
========================================
Input:       /DATA/data2/downloads/IMP
Species out: /home/nizhu/Projects/plantsdb/result/result_imp/species
Homolog out: /home/nizhu/Projects/plantsdb/result/result_imp/homolog
Mode:        eggnog
Species:     Actinidia_arguta
========================================
Found 1 species

[Actinidia_arguta]
#  emapper-2.1.12-8b119d7
# emapper.py  -i /DATA/data2/downloads/IMP/Actinidia_arguta/Actinidia_arguta.prot.fasta -o /home/nizhu/Projects/plantsdb/result/result_imp/species/Actinidia_arguta/eggnog_work/Actinidia_arguta --data_dir /DATA/data2/emapperdb-5.0.2 -m mmseqs --cpu 40 --dbmem --tax_scope Viridiplantae --override --no_file_comments
[1;33m  /home/nizhu/software/miniforge3/envs/biotools/bin/mmseqs createdb '/DATA/data2/downloads/IMP/Actinidia_arguta/Actinidia_arguta.prot.fasta' '/home/nizhu/Projects/plantsdb/emappertmp_mmseqs_x1k7fpwe/f3a5fb6e20f84158b948d1c0f7b544e9' --dbtype 1[0m
[1;33m  /home/nizhu/software/miniforge3/envs/biotools/bin/mmseqs search -a true '/home/nizhu/Projects/plantsdb/emappertmp_mmseqs_x1k7fpwe/f3a5fb6e20f84158b948d1c0f7b544e9' '/DATA/data2/emapperdb-5.0.2/mmseqs/mmseqs.db' '/home/nizhu/Projects/plantsdb/emappertmp_mmseqs_x1k7fpwe/f91175e980384c03977b40e3e8a7a873' '/home/nizhu/Projects/plantsdb/emappertmp_mmseqs_x1k7fpwe' --start-sens 3 --sens-steps 3 -s 7 --threads 40[0m
[1;33m  /home/nizhu/software/miniforge3/envs/biotools/bin/mmseqs filterdb '/home/nizhu/Projects/plantsdb/emappertmp_mmseqs_x1k7fpwe/f91175e980384c03977b40e3e8a7a873' '/home/nizhu/Projects/plantsdb/emappertmp_mmseqs_x1k7fpwe/e6cef629dd944eb69253424f41dffa60' --threads 40 --extract-lines 1 [0m
[1;33m  /home/nizhu/software/miniforge3/envs/biotools/bin/mmseqs convertalis '/home/nizhu/Projects/plantsdb/emappertmp_mmseqs_x1k7fpwe/f3a5fb6e20f84158b948d1c0f7b544e9' '/DATA/data2/emapperdb-5.0.2/mmseqs/mmseqs.db' '/home/nizhu/Projects/plantsdb/emappertmp_mmseqs_x1k7fpwe/e6cef629dd944eb69253424f41dffa60' '/home/nizhu/Projects/plantsdb/emappertmp_mmseqs_x1k7fpwe/e6cef629dd944eb69253424f41dffa60.m8' --threads 40 --format-output "query,target,pident,alnlen,qstart,qend,tstart,tend,evalue,bits,qcov,tcov"[0m
Loading source DB...
[31mWarning: this can take a few minutes and load up to 45GB to RAM. Using --dbmem is recommended to annotate a large number of sequences.[0m
[32mDone[0m
[1;33mResult files:[0m
   /home/nizhu/Projects/plantsdb/result/result_imp/species/Actinidia_arguta/eggnog_work/Actinidia_arguta.emapper.hits
   /home/nizhu/Projects/plantsdb/result/result_imp/species/Actinidia_arguta/eggnog_work/Actinidia_arguta.emapper.seed_orthologs
   /home/nizhu/Projects/plantsdb/result/result_imp/species/Actinidia_arguta/eggnog_work/Actinidia_arguta.emapper.annotations

================================================================================
CITATION:
If you use this software, please cite:

[1] eggNOG-mapper v2: functional annotation, orthology assignments, and domain 
      prediction at the metagenomic scale. Carlos P. Cantalapiedra, 
      Ana Hernandez-Plaza, Ivica Letunic, Peer Bork, Jaime Huerta-Cepas. 2021.
      Molecular Biology and Evolution, msab293, https://doi.org/10.1093/molbev/msab293

[2] eggNOG 5.0: a hierarchical, functionally and phylogenetically annotated
      orthology resource based on 5090 organisms and 2502 viruses. Jaime
      Huerta-Cepas, Damian Szklarczyk, Davide Heller, Ana Hernandez-Plaza,
      Sofia K Forslund, Helen Cook, Daniel R Mende, Ivica Letunic, Thomas
      Rattei, Lars J Jensen, Christian von Mering and Peer Bork. Nucleic Acids
      Research, Volume 47, Issue D1, 8 January 2019, Pages D309-D314,
      https://doi.org/10.1093/nar/gky1085 

[3] MMseqs2 enables sensitive protein sequence searching for the analysis of massive data sets.
       Steinegger M & Söding J. 2017. Nat. Biotech. 35, 1026–1028. https://doi.org/10.1038/nbt.3988

e.g. Functional annotation was performed using eggNOG-mapper (version emapper-2.1.12-8b119d7) [1]
 based on eggNOG orthology data [2]. Sequence searches were performed using [3].

================================================================================

Total hits processed: 22989
Total time: 818 secs
FINISHED

========================================
Done in 825s
Species: /home/nizhu/Projects/plantsdb/result/result_imp/species
Homolog: /home/nizhu/Projects/plantsdb/result/result_imp/homolog
========================================
[03:25:02] eggnog: Actinidia_chinensis
========================================
Input:       /DATA/data2/downloads/IMP
Species out: /home/nizhu/Projects/plantsdb/result/result_imp/species
Homolog out: /home/nizhu/Projects/plantsdb/result/result_imp/homolog
Mode:        eggnog
Species:     Actinidia_chinensis
========================================
Found 1 species

[Actinidia_chinensis]
#  emapper-2.1.12-8b119d7
# emapper.py  -i /DATA/data2/downloads/IMP/Actinidia_chinensis/Actinidia_chinensis.prot.fasta -o /home/nizhu/Projects/plantsdb/result/result_imp/species/Actinidia_chinensis/eggnog_work/Actinidia_chinensis --data_dir /DATA/data2/emapperdb-5.0.2 -m mmseqs --cpu 40 --dbmem --tax_scope Viridiplantae --override --no_file_comments
[1;33m  /home/nizhu/software/miniforge3/envs/biotools/bin/mmseqs createdb '/DATA/data2/downloads/IMP/Actinidia_chinensis/Actinidia_chinensis.prot.fasta' '/home/nizhu/Projects/plantsdb/emappertmp_mmseqs_betbfd34/dc6bedf8b474411fb194f1a6f4b46760' --dbtype 1[0m
[1;33m  /home/nizhu/software/miniforge3/envs/biotools/bin/mmseqs search -a true '/home/nizhu/Projects/plantsdb/emappertmp_mmseqs_betbfd34/dc6bedf8b474411fb194f1a6f4b46760' '/DATA/data2/emapperdb-5.0.2/mmseqs/mmseqs.db' '/home/nizhu/Projects/plantsdb/emappertmp_mmseqs_betbfd34/80913d0ff2114dca91720afc2829ff4d' '/home/nizhu/Projects/plantsdb/emappertmp_mmseqs_betbfd34' --start-sens 3 --sens-steps 3 -s 7 --threads 40[0m
[1;33m  /home/nizhu/software/miniforge3/envs/biotools/bin/mmseqs filterdb '/home/nizhu/Projects/plantsdb/emappertmp_mmseqs_betbfd34/80913d0ff2114dca91720afc2829ff4d' '/home/nizhu/Projects/plantsdb/emappertmp_mmseqs_betbfd34/36317602953140668a3de9f9323e2333' --threads 40 --extract-lines 1 [0m
[1;33m  /home/nizhu/software/miniforge3/envs/biotools/bin/mmseqs convertalis '/home/nizhu/Projects/plantsdb/emappertmp_mmseqs_betbfd34/dc6bedf8b474411fb194f1a6f4b46760' '/DATA/data2/emapperdb-5.0.2/mmseqs/mmseqs.db' '/home/nizhu/Projects/plantsdb/emappertmp_mmseqs_betbfd34/36317602953140668a3de9f9323e2333' '/home/nizhu/Projects/plantsdb/emappertmp_mmseqs_betbfd34/36317602953140668a3de9f9323e2333.m8' --threads 40 --format-output "query,target,pident,alnlen,qstart,qend,tstart,tend,evalue,bits,qcov,tcov"[0m
Loading source DB...
[31mWarning: this can take a few minutes and load up to 45GB to RAM. Using --dbmem is recommended to annotate a large number of sequences.[0m
[32mDone[0m
[1;33mResult files:[0m
   /home/nizhu/Projects/plantsdb/result/result_imp/species/Actinidia_chinensis/eggnog_work/Actinidia_chinensis.emapper.hits
   /home/nizhu/Projects/plantsdb/result/result_imp/species/Actinidia_chinensis/eggnog_work/Actinidia_chinensis.emapper.seed_orthologs
   /home/nizhu/Projects/plantsdb/result/result_imp/species/Actinidia_chinensis/eggnog_work/Actinidia_chinensis.emapper.annotations

================================================================================
CITATION:
If you use this software, please cite:

[1] eggNOG-mapper v2: functional annotation, orthology assignments, and domain 
      prediction at the metagenomic scale. Carlos P. Cantalapiedra, 
      Ana Hernandez-Plaza, Ivica Letunic, Peer Bork, Jaime Huerta-Cepas. 2021.
      Molecular Biology and Evolution, msab293, https://doi.org/10.1093/molbev/msab293

[2] eggNOG 5.0: a hierarchical, functionally and phylogenetically annotated
      orthology resource based on 5090 organisms and 2502 viruses. Jaime
      Huerta-Cepas, Damian Szklarczyk, Davide Heller, Ana Hernandez-Plaza,
      Sofia K Forslund, Helen Cook, Daniel R Mende, Ivica Letunic, Thomas
      Rattei, Lars J Jensen, Christian von Mering and Peer Bork. Nucleic Acids
      Research, Volume 47, Issue D1, 8 January 2019, Pages D309-D314,
      https://doi.org/10.1093/nar/gky1085 

[3] MMseqs2 enables sensitive protein sequence searching for the analysis of massive data sets.
       Steinegger M & Söding J. 2017. Nat. Biotech. 35, 1026–1028. https://doi.org/10.1038/nbt.3988

e.g. Functional annotation was performed using eggNOG-mapper (version emapper-2.1.12-8b119d7) [1]
 based on eggNOG orthology data [2]. Sequence searches were performed using [3].

================================================================================

Total hits processed: 32813
Total time: 867 secs
FINISHED

========================================
Done in 869s
Species: /home/nizhu/Projects/plantsdb/result/result_imp/species
Homolog: /home/nizhu/Projects/plantsdb/result/result_imp/homolog
========================================
[03:39:31] eggnog: Actinidia_chinensis_Hong_Yang
========================================
Input:       /DATA/data2/downloads/IMP
Species out: /home/nizhu/Projects/plantsdb/result/result_imp/species
Homolog out: /home/nizhu/Projects/plantsdb/result/result_imp/homolog
Mode:        eggnog
Species:     Actinidia_chinensis_Hong_Yang
========================================
Found 1 species

[Actinidia_chinensis_Hong_Yang]
#  emapper-2.1.12-8b119d7
# emapper.py  -i /DATA/data2/downloads/IMP/Actinidia_chinensis_Hong_Yang/Actinidia_chinensis_Hong_Yang.prot.fasta -o /home/nizhu/Projects/plantsdb/result/result_imp/species/Actinidia_chinensis_Hong_Yang/eggnog_work/Actinidia_chinensis_Hong_Yang --data_dir /DATA/data2/emapperdb-5.0.2 -m mmseqs --cpu 40 --dbmem --tax_scope Viridiplantae --override --no_file_comments
[1;33m  /home/nizhu/software/miniforge3/envs/biotools/bin/mmseqs createdb '/DATA/data2/downloads/IMP/Actinidia_chinensis_Hong_Yang/Actinidia_chinensis_Hong_Yang.prot.fasta' '/home/nizhu/Projects/plantsdb/emappertmp_mmseqs_k31qlsz7/d4e777009ada49e2b361cced7b44b8a4' --dbtype 1[0m
[1;33m  /home/nizhu/software/miniforge3/envs/biotools/bin/mmseqs search -a true '/home/nizhu/Projects/plantsdb/emappertmp_mmseqs_k31qlsz7/d4e777009ada49e2b361cced7b44b8a4' '/DATA/data2/emapperdb-5.0.2/mmseqs/mmseqs.db' '/home/nizhu/Projects/plantsdb/emappertmp_mmseqs_k31qlsz7/bdf0ae887bbe41f29062d7079bb86b54' '/home/nizhu/Projects/plantsdb/emappertmp_mmseqs_k31qlsz7' --start-sens 3 --sens-steps 3 -s 7 --threads 40[0m
[1;33m  /home/nizhu/software/miniforge3/envs/biotools/bin/mmseqs filterdb '/home/nizhu/Projects/plantsdb/emappertmp_mmseqs_k31qlsz7/bdf0ae887bbe41f29062d7079bb86b54' '/home/nizhu/Projects/plantsdb/emappertmp_mmseqs_k31qlsz7/2a7dc00a80ed4df28858d2a9ff457ab5' --threads 40 --extract-lines 1 [0m
[1;33m  /home/nizhu/software/miniforge3/envs/biotools/bin/mmseqs convertalis '/home/nizhu/Projects/plantsdb/emappertmp_mmseqs_k31qlsz7/d4e777009ada49e2b361cced7b44b8a4' '/DATA/data2/emapperdb-5.0.2/mmseqs/mmseqs.db' '/home/nizhu/Projects/plantsdb/emappertmp_mmseqs_k31qlsz7/2a7dc00a80ed4df28858d2a9ff457ab5' '/home/nizhu/Projects/plantsdb/emappertmp_mmseqs_k31qlsz7/2a7dc00a80ed4df28858d2a9ff457ab5.m8' --threads 40 --format-output "query,target,pident,alnlen,qstart,qend,tstart,tend,evalue,bits,qcov,tcov"[0m
Loading source DB...
[31mWarning: this can take a few minutes and load up to 45GB to RAM. Using --dbmem is recommended to annotate a large number of sequences.[0m
[32mDone[0m
[1;33mResult files:[0m
   /home/nizhu/Projects/plantsdb/result/result_imp/species/Actinidia_chinensis_Hong_Yang/eggnog_work/Actinidia_chinensis_Hong_Yang.emapper.hits
   /home/nizhu/Projects/plantsdb/result/result_imp/species/Actinidia_chinensis_Hong_Yang/eggnog_work/Actinidia_chinensis_Hong_Yang.emapper.seed_orthologs
   /home/nizhu/Projects/plantsdb/result/result_imp/species/Actinidia_chinensis_Hong_Yang/eggnog_work/Actinidia_chinensis_Hong_Yang.emapper.annotations

================================================================================
CITATION:
If you use this software, please cite:

[1] eggNOG-mapper v2: functional annotation, orthology assignments, and domain 
      prediction at the metagenomic scale. Carlos P. Cantalapiedra, 
      Ana Hernandez-Plaza, Ivica Letunic, Peer Bork, Jaime Huerta-Cepas. 2021.
      Molecular Biology and Evolution, msab293, https://doi.org/10.1093/molbev/msab293

[2] eggNOG 5.0: a hierarchical, functionally and phylogenetically annotated
      orthology resource based on 5090 organisms and 2502 viruses. Jaime
      Huerta-Cepas, Damian Szklarczyk, Davide Heller, Ana Hernandez-Plaza,
      Sofia K Forslund, Helen Cook, Daniel R Mende, Ivica Letunic, Thomas
      Rattei, Lars J Jensen, Christian von Mering and Peer Bork. Nucleic Acids
      Research, Volume 47, Issue D1, 8 January 2019, Pages D309-D314,
      https://doi.org/10.1093/nar/gky1085 

[3] MMseqs2 enables sensitive protein sequence searching for the analysis of massive data sets.
       Steinegger M & Söding J. 2017. Nat. Biotech. 35, 1026–1028. https://doi.org/10.1038/nbt.3988

e.g. Functional annotation was performed using eggNOG-mapper (version emapper-2.1.12-8b119d7) [1]
 based on eggNOG orthology data [2]. Sequence searches were performed using [3].

================================================================================

Total hits processed: 35740
Total time: 923 secs
FINISHED

========================================
Done in 926s
Species: /home/nizhu/Projects/plantsdb/result/result_imp/species
Homolog: /home/nizhu/Projects/plantsdb/result/result_imp/homolog
========================================
[03:54:57] eggnog: Actinidia_deliciosa
========================================
Input:       /DATA/data2/downloads/IMP
Species out: /home/nizhu/Projects/plantsdb/result/result_imp/species
Homolog out: /home/nizhu/Projects/plantsdb/result/result_imp/homolog
Mode:        eggnog
Species:     Actinidia_deliciosa
========================================
Found 1 species

[Actinidia_deliciosa]
#  emapper-2.1.12-8b119d7
# emapper.py  -i /DATA/data2/downloads/IMP/Actinidia_deliciosa/Actinidia_deliciosa.prot.fasta -o /home/nizhu/Projects/plantsdb/result/result_imp/species/Actinidia_deliciosa/eggnog_work/Actinidia_deliciosa --data_dir /DATA/data2/emapperdb-5.0.2 -m mmseqs --cpu 40 --dbmem --tax_scope Viridiplantae --override --no_file_comments
[1;33m  /home/nizhu/software/miniforge3/envs/biotools/bin/mmseqs createdb '/DATA/data2/downloads/IMP/Actinidia_deliciosa/Actinidia_deliciosa.prot.fasta' '/home/nizhu/Projects/plantsdb/emappertmp_mmseqs_bbdhkwk3/3bacb9c6cdb44ec8b2d0381cc58d133d' --dbtype 1[0m
[1;33m  /home/nizhu/software/miniforge3/envs/biotools/bin/mmseqs search -a true '/home/nizhu/Projects/plantsdb/emappertmp_mmseqs_bbdhkwk3/3bacb9c6cdb44ec8b2d0381cc58d133d' '/DATA/data2/emapperdb-5.0.2/mmseqs/mmseqs.db' '/home/nizhu/Projects/plantsdb/emappertmp_mmseqs_bbdhkwk3/ece60ac1b7524e4f87611ca583db167d' '/home/nizhu/Projects/plantsdb/emappertmp_mmseqs_bbdhkwk3' --start-sens 3 --sens-steps 3 -s 7 --threads 40[0m
[1;33m  /home/nizhu/software/miniforge3/envs/biotools/bin/mmseqs filterdb '/home/nizhu/Projects/plantsdb/emappertmp_mmseqs_bbdhkwk3/ece60ac1b7524e4f87611ca583db167d' '/home/nizhu/Projects/plantsdb/emappertmp_mmseqs_bbdhkwk3/ab3178e1fd9449e19adcdf04975f3922' --threads 40 --extract-lines 1 [0m
[1;33m  /home/nizhu/software/miniforge3/envs/biotools/bin/mmseqs convertalis '/home/nizhu/Projects/plantsdb/emappertmp_mmseqs_bbdhkwk3/3bacb9c6cdb44ec8b2d0381cc58d133d' '/DATA/data2/emapperdb-5.0.2/mmseqs/mmseqs.db' '/home/nizhu/Projects/plantsdb/emappertmp_mmseqs_bbdhkwk3/ab3178e1fd9449e19adcdf04975f3922' '/home/nizhu/Projects/plantsdb/emappertmp_mmseqs_bbdhkwk3/ab3178e1fd9449e19adcdf04975f3922.m8' --threads 40 --format-output "query,target,pident,alnlen,qstart,qend,tstart,tend,evalue,bits,qcov,tcov"[0m
Loading source DB...
[31mWarning: this can take a few minutes and load up to 45GB to RAM. Using --dbmem is recommended to annotate a large number of sequences.[0m
[32mDone[0m
[1;33mResult files:[0m
   /home/nizhu/Projects/plantsdb/result/result_imp/species/Actinidia_deliciosa/eggnog_work/Actinidia_deliciosa.emapper.hits
   /home/nizhu/Projects/plantsdb/result/result_imp/species/Actinidia_deliciosa/eggnog_work/Actinidia_deliciosa.emapper.seed_orthologs
   /home/nizhu/Projects/plantsdb/result/result_imp/species/Actinidia_deliciosa/eggnog_work/Actinidia_deliciosa.emapper.annotations

================================================================================
CITATION:
If you use this software, please cite:

[1] eggNOG-mapper v2: functional annotation, orthology assignments, and domain 
      prediction at the metagenomic scale. Carlos P. Cantalapiedra, 
      Ana Hernandez-Plaza, Ivica Letunic, Peer Bork, Jaime Huerta-Cepas. 2021.
      Molecular Biology and Evolution, msab293, https://doi.org/10.1093/molbev/msab293

[2] eggNOG 5.0: a hierarchical, functionally and phylogenetically annotated
      orthology resource based on 5090 organisms and 2502 viruses. Jaime
      Huerta-Cepas, Damian Szklarczyk, Davide Heller, Ana Hernandez-Plaza,
      Sofia K Forslund, Helen Cook, Daniel R Mende, Ivica Letunic, Thomas
      Rattei, Lars J Jensen, Christian von Mering and Peer Bork. Nucleic Acids
      Research, Volume 47, Issue D1, 8 January 2019, Pages D309-D314,
      https://doi.org/10.1093/nar/gky1085 

[3] MMseqs2 enables sensitive protein sequence searching for the analysis of massive data sets.
       Steinegger M & Söding J. 2017. Nat. Biotech. 35, 1026–1028. https://doi.org/10.1038/nbt.3988

e.g. Functional annotation was performed using eggNOG-mapper (version emapper-2.1.12-8b119d7) [1]
 based on eggNOG orthology data [2]. Sequence searches were performed using [3].

================================================================================

Total hits processed: 60115
Total time: 1094 secs
FINISHED

========================================
Done in 1098s
Species: /home/nizhu/Projects/plantsdb/result/result_imp/species
Homolog: /home/nizhu/Projects/plantsdb/result/result_imp/homolog
========================================
[04:13:15] eggnog: Actinidia_eriantha_White
========================================
Input:       /DATA/data2/downloads/IMP
Species out: /home/nizhu/Projects/plantsdb/result/result_imp/species
Homolog out: /home/nizhu/Projects/plantsdb/result/result_imp/homolog
Mode:        eggnog
Species:     Actinidia_eriantha_White
========================================
Found 1 species

[Actinidia_eriantha_White]
#  emapper-2.1.12-8b119d7
# emapper.py  -i /DATA/data2/downloads/IMP/Actinidia_eriantha_White/Actinidia_eriantha_White.prot.fasta -o /home/nizhu/Projects/plantsdb/result/result_imp/species/Actinidia_eriantha_White/eggnog_work/Actinidia_eriantha_White --data_dir /DATA/data2/emapperdb-5.0.2 -m mmseqs --cpu 40 --dbmem --tax_scope Viridiplantae --override --no_file_comments
[1;33m  /home/nizhu/software/miniforge3/envs/biotools/bin/mmseqs createdb '/DATA/data2/downloads/IMP/Actinidia_eriantha_White/Actinidia_eriantha_White.prot.fasta' '/home/nizhu/Projects/plantsdb/emappertmp_mmseqs_pz6it5t3/f915472829cb4d469b2cb4973b30853b' --dbtype 1[0m
[1;33m  /home/nizhu/software/miniforge3/envs/biotools/bin/mmseqs search -a true '/home/nizhu/Projects/plantsdb/emappertmp_mmseqs_pz6it5t3/f915472829cb4d469b2cb4973b30853b' '/DATA/data2/emapperdb-5.0.2/mmseqs/mmseqs.db' '/home/nizhu/Projects/plantsdb/emappertmp_mmseqs_pz6it5t3/760cf2819ece47cc894e8fb56e480061' '/home/nizhu/Projects/plantsdb/emappertmp_mmseqs_pz6it5t3' --start-sens 3 --sens-steps 3 -s 7 --threads 40[0m
[1;33m  /home/nizhu/software/miniforge3/envs/biotools/bin/mmseqs filterdb '/home/nizhu/Projects/plantsdb/emappertmp_mmseqs_pz6it5t3/760cf2819ece47cc894e8fb56e480061' '/home/nizhu/Projects/plantsdb/emappertmp_mmseqs_pz6it5t3/717ea23dbc974e64a774f40aec33d3e7' --threads 40 --extract-lines 1 [0m
[1;33m  /home/nizhu/software/miniforge3/envs/biotools/bin/mmseqs convertalis '/home/nizhu/Projects/plantsdb/emappertmp_mmseqs_pz6it5t3/f915472829cb4d469b2cb4973b30853b' '/DATA/data2/emapperdb-5.0.2/mmseqs/mmseqs.db' '/home/nizhu/Projects/plantsdb/emappertmp_mmseqs_pz6it5t3/717ea23dbc974e64a774f40aec33d3e7' '/home/nizhu/Projects/plantsdb/emappertmp_mmseqs_pz6it5t3/717ea23dbc974e64a774f40aec33d3e7.m8' --threads 40 --format-output "query,target,pident,alnlen,qstart,qend,tstart,tend,evalue,bits,qcov,tcov"[0m
Loading source DB...
[31mWarning: this can take a few minutes and load up to 45GB to RAM. Using --dbmem is recommended to annotate a large number of sequences.[0m
[32mDone[0m
[1;33mResult files:[0m
   /home/nizhu/Projects/plantsdb/result/result_imp/species/Actinidia_eriantha_White/eggnog_work/Actinidia_eriantha_White.emapper.hits
   /home/nizhu/Projects/plantsdb/result/result_imp/species/Actinidia_eriantha_White/eggnog_work/Actinidia_eriantha_White.emapper.seed_orthologs
   /home/nizhu/Projects/plantsdb/result/result_imp/species/Actinidia_eriantha_White/eggnog_work/Actinidia_eriantha_White.emapper.annotations

================================================================================
CITATION:
If you use this software, please cite:

[1] eggNOG-mapper v2: functional annotation, orthology assignments, and domain 
      prediction at the metagenomic scale. Carlos P. Cantalapiedra, 
      Ana Hernandez-Plaza, Ivica Letunic, Peer Bork, Jaime Huerta-Cepas. 2021.
      Molecular Biology and Evolution, msab293, https://doi.org/10.1093/molbev/msab293

[2] eggNOG 5.0: a hierarchical, functionally and phylogenetically annotated
      orthology resource based on 5090 organisms and 2502 viruses. Jaime
      Huerta-Cepas, Damian Szklarczyk, Davide Heller, Ana Hernandez-Plaza,
      Sofia K Forslund, Helen Cook, Daniel R Mende, Ivica Letunic, Thomas
      Rattei, Lars J Jensen, Christian von Mering and Peer Bork. Nucleic Acids
      Research, Volume 47, Issue D1, 8 January 2019, Pages D309-D314,
      https://doi.org/10.1093/nar/gky1085 

[3] MMseqs2 enables sensitive protein sequence searching for the analysis of massive data sets.
       Steinegger M & Söding J. 2017. Nat. Biotech. 35, 1026–1028. https://doi.org/10.1038/nbt.3988

e.g. Functional annotation was performed using eggNOG-mapper (version emapper-2.1.12-8b119d7) [1]
 based on eggNOG orthology data [2]. Sequence searches were performed using [3].

================================================================================

Total hits processed: 39985
Total time: 895 secs
FINISHED

========================================
Done in 903s
Species: /home/nizhu/Projects/plantsdb/result/result_imp/species
Homolog: /home/nizhu/Projects/plantsdb/result/result_imp/homolog
========================================
[04:28:18] eggnog: Adansonia_digitata
========================================
Input:       /DATA/data2/downloads/IMP
Species out: /home/nizhu/Projects/plantsdb/result/result_imp/species
Homolog out: /home/nizhu/Projects/plantsdb/result/result_imp/homolog
Mode:        eggnog
Species:     Adansonia_digitata
========================================
Found 1 species

[Adansonia_digitata]
#  emapper-2.1.12-8b119d7
# emapper.py  -i /DATA/data2/downloads/IMP/Adansonia_digitata/Adansonia_digitata.prot.fasta -o /home/nizhu/Projects/plantsdb/result/result_imp/species/Adansonia_digitata/eggnog_work/Adansonia_digitata --data_dir /DATA/data2/emapperdb-5.0.2 -m mmseqs --cpu 40 --dbmem --tax_scope Viridiplantae --override --no_file_comments
[1;33m  /home/nizhu/software/miniforge3/envs/biotools/bin/mmseqs createdb '/DATA/data2/downloads/IMP/Adansonia_digitata/Adansonia_digitata.prot.fasta' '/home/nizhu/Projects/plantsdb/emappertmp_mmseqs_ygug6g2d/1e49a82824c64528abf493010a66b27f' --dbtype 1[0m
[1;33m  /home/nizhu/software/miniforge3/envs/biotools/bin/mmseqs search -a true '/home/nizhu/Projects/plantsdb/emappertmp_mmseqs_ygug6g2d/1e49a82824c64528abf493010a66b27f' '/DATA/data2/emapperdb-5.0.2/mmseqs/mmseqs.db' '/home/nizhu/Projects/plantsdb/emappertmp_mmseqs_ygug6g2d/720f2217515a4d23af66563d7e844533' '/home/nizhu/Projects/plantsdb/emappertmp_mmseqs_ygug6g2d' --start-sens 3 --sens-steps 3 -s 7 --threads 40[0m
[1;33m  /home/nizhu/software/miniforge3/envs/biotools/bin/mmseqs filterdb '/home/nizhu/Projects/plantsdb/emappertmp_mmseqs_ygug6g2d/720f2217515a4d23af66563d7e844533' '/home/nizhu/Projects/plantsdb/emappertmp_mmseqs_ygug6g2d/85c332ec865641cdaffef952570f6f22' --threads 40 --extract-lines 1 [0m
[1;33m  /home/nizhu/software/miniforge3/envs/biotools/bin/mmseqs convertalis '/home/nizhu/Projects/plantsdb/emappertmp_mmseqs_ygug6g2d/1e49a82824c64528abf493010a66b27f' '/DATA/data2/emapperdb-5.0.2/mmseqs/mmseqs.db' '/home/nizhu/Projects/plantsdb/emappertmp_mmseqs_ygug6g2d/85c332ec865641cdaffef952570f6f22' '/home/nizhu/Projects/plantsdb/emappertmp_mmseqs_ygug6g2d/85c332ec865641cdaffef952570f6f22.m8' --threads 40 --format-output "query,target,pident,alnlen,qstart,qend,tstart,tend,evalue,bits,qcov,tcov"[0m
Loading source DB...
[31mWarning: this can take a few minutes and load up to 45GB to RAM. Using --dbmem is recommended to annotate a large number of sequences.[0m
[32mDone[0m
[1;33mResult files:[0m
   /home/nizhu/Projects/plantsdb/result/result_imp/species/Adansonia_digitata/eggnog_work/Adansonia_digitata.emapper.hits
   /home/nizhu/Projects/plantsdb/result/result_imp/species/Adansonia_digitata/eggnog_work/Adansonia_digitata.emapper.seed_orthologs
   /home/nizhu/Projects/plantsdb/result/result_imp/species/Adansonia_digitata/eggnog_work/Adansonia_digitata.emapper.annotations

================================================================================
CITATION:
If you use this software, please cite:

[1] eggNOG-mapper v2: functional annotation, orthology assignments, and domain 
      prediction at the metagenomic scale. Carlos P. Cantalapiedra, 
      Ana Hernandez-Plaza, Ivica Letunic, Peer Bork, Jaime Huerta-Cepas. 2021.
      Molecular Biology and Evolution, msab293, https://doi.org/10.1093/molbev/msab293

[2] eggNOG 5.0: a hierarchical, functionally and phylogenetically annotated
      orthology resource based on 5090 organisms and 2502 viruses. Jaime
      Huerta-Cepas, Damian Szklarczyk, Davide Heller, Ana Hernandez-Plaza,
      Sofia K Forslund, Helen Cook, Daniel R Mende, Ivica Letunic, Thomas
      Rattei, Lars J Jensen, Christian von Mering and Peer Bork. Nucleic Acids
      Research, Volume 47, Issue D1, 8 January 2019, Pages D309-D314,
      https://doi.org/10.1093/nar/gky1085 

[3] MMseqs2 enables sensitive protein sequence searching for the analysis of massive data sets.
       Steinegger M & Söding J. 2017. Nat. Biotech. 35, 1026–1028. https://doi.org/10.1038/nbt.3988

e.g. Functional annotation was performed using eggNOG-mapper (version emapper-2.1.12-8b119d7) [1]
 based on eggNOG orthology data [2]. Sequence searches were performed using [3].

================================================================================

Total hits processed: 39996
Total time: 887 secs
FINISHED

========================================
Done in 890s
Species: /home/nizhu/Projects/plantsdb/result/result_imp/species
Homolog: /home/nizhu/Projects/plantsdb/result/result_imp/homolog
========================================
[04:43:08] eggnog: Adansonia_grandidieri
========================================
Input:       /DATA/data2/downloads/IMP
Species out: /home/nizhu/Projects/plantsdb/result/result_imp/species
Homolog out: /home/nizhu/Projects/plantsdb/result/result_imp/homolog
Mode:        eggnog
Species:     Adansonia_grandidieri
========================================
Found 1 species

[Adansonia_grandidieri]
#  emapper-2.1.12-8b119d7
# emapper.py  -i /DATA/data2/downloads/IMP/Adansonia_grandidieri/Adansonia_grandidieri.prot.fasta -o /home/nizhu/Projects/plantsdb/result/result_imp/species/Adansonia_grandidieri/eggnog_work/Adansonia_grandidieri --data_dir /DATA/data2/emapperdb-5.0.2 -m mmseqs --cpu 40 --dbmem --tax_scope Viridiplantae --override --no_file_comments
[1;33m  /home/nizhu/software/miniforge3/envs/biotools/bin/mmseqs createdb '/DATA/data2/downloads/IMP/Adansonia_grandidieri/Adansonia_grandidieri.prot.fasta' '/home/nizhu/Projects/plantsdb/emappertmp_mmseqs_cd63l27l/b777971d6b7c4f36a951966c7e4b4e99' --dbtype 1[0m
[1;33m  /home/nizhu/software/miniforge3/envs/biotools/bin/mmseqs search -a true '/home/nizhu/Projects/plantsdb/emappertmp_mmseqs_cd63l27l/b777971d6b7c4f36a951966c7e4b4e99' '/DATA/data2/emapperdb-5.0.2/mmseqs/mmseqs.db' '/home/nizhu/Projects/plantsdb/emappertmp_mmseqs_cd63l27l/c38810b150c547a8b47a310a7b83753b' '/home/nizhu/Projects/plantsdb/emappertmp_mmseqs_cd63l27l' --start-sens 3 --sens-steps 3 -s 7 --threads 40[0m
[1;33m  /home/nizhu/software/miniforge3/envs/biotools/bin/mmseqs filterdb '/home/nizhu/Projects/plantsdb/emappertmp_mmseqs_cd63l27l/c38810b150c547a8b47a310a7b83753b' '/home/nizhu/Projects/plantsdb/emappertmp_mmseqs_cd63l27l/c836f859a66c428fbe353dd27d84b864' --threads 40 --extract-lines 1 [0m
[1;33m  /home/nizhu/software/miniforge3/envs/biotools/bin/mmseqs convertalis '/home/nizhu/Projects/plantsdb/emappertmp_mmseqs_cd63l27l/b777971d6b7c4f36a951966c7e4b4e99' '/DATA/data2/emapperdb-5.0.2/mmseqs/mmseqs.db' '/home/nizhu/Projects/plantsdb/emappertmp_mmseqs_cd63l27l/c836f859a66c428fbe353dd27d84b864' '/home/nizhu/Projects/plantsdb/emappertmp_mmseqs_cd63l27l/c836f859a66c428fbe353dd27d84b864.m8' --threads 40 --format-output "query,target,pident,alnlen,qstart,qend,tstart,tend,evalue,bits,qcov,tcov"[0m
Loading source DB...
[31mWarning: this can take a few minutes and load up to 45GB to RAM. Using --dbmem is recommended to annotate a large number of sequences.[0m
[32mDone[0m
[1;33mResult files:[0m
   /home/nizhu/Projects/plantsdb/result/result_imp/species/Adansonia_grandidieri/eggnog_work/Adansonia_grandidieri.emapper.hits
   /home/nizhu/Projects/plantsdb/result/result_imp/species/Adansonia_grandidieri/eggnog_work/Adansonia_grandidieri.emapper.seed_orthologs
   /home/nizhu/Projects/plantsdb/result/result_imp/species/Adansonia_grandidieri/eggnog_work/Adansonia_grandidieri.emapper.annotations

================================================================================
CITATION:
If you use this software, please cite:

[1] eggNOG-mapper v2: functional annotation, orthology assignments, and domain 
      prediction at the metagenomic scale. Carlos P. Cantalapiedra, 
      Ana Hernandez-Plaza, Ivica Letunic, Peer Bork, Jaime Huerta-Cepas. 2021.
      Molecular Biology and Evolution, msab293, https://doi.org/10.1093/molbev/msab293

[2] eggNOG 5.0: a hierarchical, functionally and phylogenetically annotated
      orthology resource based on 5090 organisms and 2502 viruses. Jaime
      Huerta-Cepas, Damian Szklarczyk, Davide Heller, Ana Hernandez-Plaza,
      Sofia K Forslund, Helen Cook, Daniel R Mende, Ivica Letunic, Thomas
      Rattei, Lars J Jensen, Christian von Mering and Peer Bork. Nucleic Acids
      Research, Volume 47, Issue D1, 8 January 2019, Pages D309-D314,
      https://doi.org/10.1093/nar/gky1085 

[3] MMseqs2 enables sensitive protein sequence searching for the analysis of massive data sets.
       Steinegger M & Söding J. 2017. Nat. Biotech. 35, 1026–1028. https://doi.org/10.1038/nbt.3988

e.g. Functional annotation was performed using eggNOG-mapper (version emapper-2.1.12-8b119d7) [1]
 based on eggNOG orthology data [2]. Sequence searches were performed using [3].

================================================================================

Total hits processed: 39458
Total time: 896 secs
FINISHED

========================================
Done in 899s
Species: /home/nizhu/Projects/plantsdb/result/result_imp/species
Homolog: /home/nizhu/Projects/plantsdb/result/result_imp/homolog
========================================
[04:58:07] eggnog: Adansonia_gregorii
========================================
Input:       /DATA/data2/downloads/IMP
Species out: /home/nizhu/Projects/plantsdb/result/result_imp/species
Homolog out: /home/nizhu/Projects/plantsdb/result/result_imp/homolog
Mode:        eggnog
Species:     Adansonia_gregorii
========================================
Found 1 species

[Adansonia_gregorii]
#  emapper-2.1.12-8b119d7
# emapper.py  -i /DATA/data2/downloads/IMP/Adansonia_gregorii/Adansonia_gregorii.prot.fasta -o /home/nizhu/Projects/plantsdb/result/result_imp/species/Adansonia_gregorii/eggnog_work/Adansonia_gregorii --data_dir /DATA/data2/emapperdb-5.0.2 -m mmseqs --cpu 40 --dbmem --tax_scope Viridiplantae --override --no_file_comments
[1;33m  /home/nizhu/software/miniforge3/envs/biotools/bin/mmseqs createdb '/DATA/data2/downloads/IMP/Adansonia_gregorii/Adansonia_gregorii.prot.fasta' '/home/nizhu/Projects/plantsdb/emappertmp_mmseqs_9whax7m7/2bbc312b86324bbcbfbb7979c7c443ef' --dbtype 1[0m
[1;33m  /home/nizhu/software/miniforge3/envs/biotools/bin/mmseqs search -a true '/home/nizhu/Projects/plantsdb/emappertmp_mmseqs_9whax7m7/2bbc312b86324bbcbfbb7979c7c443ef' '/DATA/data2/emapperdb-5.0.2/mmseqs/mmseqs.db' '/home/nizhu/Projects/plantsdb/emappertmp_mmseqs_9whax7m7/5b2f44bfa95f4e17be080370b43eee2c' '/home/nizhu/Projects/plantsdb/emappertmp_mmseqs_9whax7m7' --start-sens 3 --sens-steps 3 -s 7 --threads 40[0m
[1;33m  /home/nizhu/software/miniforge3/envs/biotools/bin/mmseqs filterdb '/home/nizhu/Projects/plantsdb/emappertmp_mmseqs_9whax7m7/5b2f44bfa95f4e17be080370b43eee2c' '/home/nizhu/Projects/plantsdb/emappertmp_mmseqs_9whax7m7/c9fd5a80199347a8acfeb50d7583fd91' --threads 40 --extract-lines 1 [0m
[1;33m  /home/nizhu/software/miniforge3/envs/biotools/bin/mmseqs convertalis '/home/nizhu/Projects/plantsdb/emappertmp_mmseqs_9whax7m7/2bbc312b86324bbcbfbb7979c7c443ef' '/DATA/data2/emapperdb-5.0.2/mmseqs/mmseqs.db' '/home/nizhu/Projects/plantsdb/emappertmp_mmseqs_9whax7m7/c9fd5a80199347a8acfeb50d7583fd91' '/home/nizhu/Projects/plantsdb/emappertmp_mmseqs_9whax7m7/c9fd5a80199347a8acfeb50d7583fd91.m8' --threads 40 --format-output "query,target,pident,alnlen,qstart,qend,tstart,tend,evalue,bits,qcov,tcov"[0m
Loading source DB...
[31mWarning: this can take a few minutes and load up to 45GB to RAM. Using --dbmem is recommended to annotate a large number of sequences.[0m
[32mDone[0m
[1;33mResult files:[0m
   /home/nizhu/Projects/plantsdb/result/result_imp/species/Adansonia_gregorii/eggnog_work/Adansonia_gregorii.emapper.hits
   /home/nizhu/Projects/plantsdb/result/result_imp/species/Adansonia_gregorii/eggnog_work/Adansonia_gregorii.emapper.seed_orthologs
   /home/nizhu/Projects/plantsdb/result/result_imp/species/Adansonia_gregorii/eggnog_work/Adansonia_gregorii.emapper.annotations

================================================================================
CITATION:
If you use this software, please cite:

[1] eggNOG-mapper v2: functional annotation, orthology assignments, and domain 
      prediction at the metagenomic scale. Carlos P. Cantalapiedra, 
      Ana Hernandez-Plaza, Ivica Letunic, Peer Bork, Jaime Huerta-Cepas. 2021.
      Molecular Biology and Evolution, msab293, https://doi.org/10.1093/molbev/msab293

[2] eggNOG 5.0: a hierarchical, functionally and phylogenetically annotated
      orthology resource based on 5090 organisms and 2502 viruses. Jaime
      Huerta-Cepas, Damian Szklarczyk, Davide Heller, Ana Hernandez-Plaza,
      Sofia K Forslund, Helen Cook, Daniel R Mende, Ivica Letunic, Thomas
      Rattei, Lars J Jensen, Christian von Mering and Peer Bork. Nucleic Acids
      Research, Volume 47, Issue D1, 8 January 2019, Pages D309-D314,
      https://doi.org/10.1093/nar/gky1085 

[3] MMseqs2 enables sensitive protein sequence searching for the analysis of massive data sets.
       Steinegger M & Söding J. 2017. Nat. Biotech. 35, 1026–1028. https://doi.org/10.1038/nbt.3988

e.g. Functional annotation was performed using eggNOG-mapper (version emapper-2.1.12-8b119d7) [1]
 based on eggNOG orthology data [2]. Sequence searches were performed using [3].

================================================================================

Total hits processed: 39832
Total time: 890 secs
FINISHED

========================================
Done in 893s
Species: /home/nizhu/Projects/plantsdb/result/result_imp/species
Homolog: /home/nizhu/Projects/plantsdb/result/result_imp/homolog
========================================
[05:13:00] eggnog: Adansonia_madagascariensis
========================================
Input:       /DATA/data2/downloads/IMP
Species out: /home/nizhu/Projects/plantsdb/result/result_imp/species
Homolog out: /home/nizhu/Projects/plantsdb/result/result_imp/homolog
Mode:        eggnog
Species:     Adansonia_madagascariensis
========================================
Found 1 species

[Adansonia_madagascariensis]
#  emapper-2.1.12-8b119d7
# emapper.py  -i /DATA/data2/downloads/IMP/Adansonia_madagascariensis/Adansonia_madagascariensis.prot.fasta -o /home/nizhu/Projects/plantsdb/result/result_imp/species/Adansonia_madagascariensis/eggnog_work/Adansonia_madagascariensis --data_dir /DATA/data2/emapperdb-5.0.2 -m mmseqs --cpu 40 --dbmem --tax_scope Viridiplantae --override --no_file_comments
[1;33m  /home/nizhu/software/miniforge3/envs/biotools/bin/mmseqs createdb '/DATA/data2/downloads/IMP/Adansonia_madagascariensis/Adansonia_madagascariensis.prot.fasta' '/home/nizhu/Projects/plantsdb/emappertmp_mmseqs_i2f1gko8/0ecdcfca1fc64cbea0eaa3c6c559366e' --dbtype 1[0m
[1;33m  /home/nizhu/software/miniforge3/envs/biotools/bin/mmseqs search -a true '/home/nizhu/Projects/plantsdb/emappertmp_mmseqs_i2f1gko8/0ecdcfca1fc64cbea0eaa3c6c559366e' '/DATA/data2/emapperdb-5.0.2/mmseqs/mmseqs.db' '/home/nizhu/Projects/plantsdb/emappertmp_mmseqs_i2f1gko8/a8bc9502c90742a5ad79a92c430f014a' '/home/nizhu/Projects/plantsdb/emappertmp_mmseqs_i2f1gko8' --start-sens 3 --sens-steps 3 -s 7 --threads 40[0m
[1;33m  /home/nizhu/software/miniforge3/envs/biotools/bin/mmseqs filterdb '/home/nizhu/Projects/plantsdb/emappertmp_mmseqs_i2f1gko8/a8bc9502c90742a5ad79a92c430f014a' '/home/nizhu/Projects/plantsdb/emappertmp_mmseqs_i2f1gko8/18256a10644a423da4152d00ff278238' --threads 40 --extract-lines 1 [0m
[1;33m  /home/nizhu/software/miniforge3/envs/biotools/bin/mmseqs convertalis '/home/nizhu/Projects/plantsdb/emappertmp_mmseqs_i2f1gko8/0ecdcfca1fc64cbea0eaa3c6c559366e' '/DATA/data2/emapperdb-5.0.2/mmseqs/mmseqs.db' '/home/nizhu/Projects/plantsdb/emappertmp_mmseqs_i2f1gko8/18256a10644a423da4152d00ff278238' '/home/nizhu/Projects/plantsdb/emappertmp_mmseqs_i2f1gko8/18256a10644a423da4152d00ff278238.m8' --threads 40 --format-output "query,target,pident,alnlen,qstart,qend,tstart,tend,evalue,bits,qcov,tcov"[0m
Loading source DB...
[31mWarning: this can take a few minutes and load up to 45GB to RAM. Using --dbmem is recommended to annotate a large number of sequences.[0m
[32mDone[0m
[1;33mResult files:[0m
   /home/nizhu/Projects/plantsdb/result/result_imp/species/Adansonia_madagascariensis/eggnog_work/Adansonia_madagascariensis.emapper.hits
   /home/nizhu/Projects/plantsdb/result/result_imp/species/Adansonia_madagascariensis/eggnog_work/Adansonia_madagascariensis.emapper.seed_orthologs
   /home/nizhu/Projects/plantsdb/result/result_imp/species/Adansonia_madagascariensis/eggnog_work/Adansonia_madagascariensis.emapper.annotations

================================================================================
CITATION:
If you use this software, please cite:

[1] eggNOG-mapper v2: functional annotation, orthology assignments, and domain 
      prediction at the metagenomic scale. Carlos P. Cantalapiedra, 
      Ana Hernandez-Plaza, Ivica Letunic, Peer Bork, Jaime Huerta-Cepas. 2021.
      Molecular Biology and Evolution, msab293, https://doi.org/10.1093/molbev/msab293

[2] eggNOG 5.0: a hierarchical, functionally and phylogenetically annotated
      orthology resource based on 5090 organisms and 2502 viruses. Jaime
      Huerta-Cepas, Damian Szklarczyk, Davide Heller, Ana Hernandez-Plaza,
      Sofia K Forslund, Helen Cook, Daniel R Mende, Ivica Letunic, Thomas
      Rattei, Lars J Jensen, Christian von Mering and Peer Bork. Nucleic Acids
      Research, Volume 47, Issue D1, 8 January 2019, Pages D309-D314,
      https://doi.org/10.1093/nar/gky1085 

[3] MMseqs2 enables sensitive protein sequence searching for the analysis of massive data sets.
       Steinegger M & Söding J. 2017. Nat. Biotech. 35, 1026–1028. https://doi.org/10.1038/nbt.3988

e.g. Functional annotation was performed using eggNOG-mapper (version emapper-2.1.12-8b119d7) [1]
 based on eggNOG orthology data [2]. Sequence searches were performed using [3].

================================================================================

Total hits processed: 40607
Total time: 892 secs
FINISHED

========================================
Done in 894s
Species: /home/nizhu/Projects/plantsdb/result/result_imp/species
Homolog: /home/nizhu/Projects/plantsdb/result/result_imp/homolog
========================================
[05:27:54] eggnog: Adansonia_perrieri
========================================
Input:       /DATA/data2/downloads/IMP
Species out: /home/nizhu/Projects/plantsdb/result/result_imp/species
Homolog out: /home/nizhu/Projects/plantsdb/result/result_imp/homolog
Mode:        eggnog
Species:     Adansonia_perrieri
========================================
Found 1 species

[Adansonia_perrieri]
#  emapper-2.1.12-8b119d7
# emapper.py  -i /DATA/data2/downloads/IMP/Adansonia_perrieri/Adansonia_perrieri.prot.fasta -o /home/nizhu/Projects/plantsdb/result/result_imp/species/Adansonia_perrieri/eggnog_work/Adansonia_perrieri --data_dir /DATA/data2/emapperdb-5.0.2 -m mmseqs --cpu 40 --dbmem --tax_scope Viridiplantae --override --no_file_comments
[1;33m  /home/nizhu/software/miniforge3/envs/biotools/bin/mmseqs createdb '/DATA/data2/downloads/IMP/Adansonia_perrieri/Adansonia_perrieri.prot.fasta' '/home/nizhu/Projects/plantsdb/emappertmp_mmseqs_illkpm86/c07a23fd11c145059281010237f34d1e' --dbtype 1[0m
[1;33m  /home/nizhu/software/miniforge3/envs/biotools/bin/mmseqs search -a true '/home/nizhu/Projects/plantsdb/emappertmp_mmseqs_illkpm86/c07a23fd11c145059281010237f34d1e' '/DATA/data2/emapperdb-5.0.2/mmseqs/mmseqs.db' '/home/nizhu/Projects/plantsdb/emappertmp_mmseqs_illkpm86/4234cd5ebbdc41949c515ef211e921bf' '/home/nizhu/Projects/plantsdb/emappertmp_mmseqs_illkpm86' --start-sens 3 --sens-steps 3 -s 7 --threads 40[0m
[1;33m  /home/nizhu/software/miniforge3/envs/biotools/bin/mmseqs filterdb '/home/nizhu/Projects/plantsdb/emappertmp_mmseqs_illkpm86/4234cd5ebbdc41949c515ef211e921bf' '/home/nizhu/Projects/plantsdb/emappertmp_mmseqs_illkpm86/6b1d807462fc41efb1e82608c274c498' --threads 40 --extract-lines 1 [0m
[1;33m  /home/nizhu/software/miniforge3/envs/biotools/bin/mmseqs convertalis '/home/nizhu/Projects/plantsdb/emappertmp_mmseqs_illkpm86/c07a23fd11c145059281010237f34d1e' '/DATA/data2/emapperdb-5.0.2/mmseqs/mmseqs.db' '/home/nizhu/Projects/plantsdb/emappertmp_mmseqs_illkpm86/6b1d807462fc41efb1e82608c274c498' '/home/nizhu/Projects/plantsdb/emappertmp_mmseqs_illkpm86/6b1d807462fc41efb1e82608c274c498.m8' --threads 40 --format-output "query,target,pident,alnlen,qstart,qend,tstart,tend,evalue,bits,qcov,tcov"[0m
Loading source DB...
[31mWarning: this can take a few minutes and load up to 45GB to RAM. Using --dbmem is recommended to annotate a large number of sequences.[0m
[32mDone[0m
[1;33mResult files:[0m
   /home/nizhu/Projects/plantsdb/result/result_imp/species/Adansonia_perrieri/eggnog_work/Adansonia_perrieri.emapper.hits
   /home/nizhu/Projects/plantsdb/result/result_imp/species/Adansonia_perrieri/eggnog_work/Adansonia_perrieri.emapper.seed_orthologs
   /home/nizhu/Projects/plantsdb/result/result_imp/species/Adansonia_perrieri/eggnog_work/Adansonia_perrieri.emapper.annotations

================================================================================
CITATION:
If you use this software, please cite:

[1] eggNOG-mapper v2: functional annotation, orthology assignments, and domain 
      prediction at the metagenomic scale. Carlos P. Cantalapiedra, 
      Ana Hernandez-Plaza, Ivica Letunic, Peer Bork, Jaime Huerta-Cepas. 2021.
      Molecular Biology and Evolution, msab293, https://doi.org/10.1093/molbev/msab293

[2] eggNOG 5.0: a hierarchical, functionally and phylogenetically annotated
      orthology resource based on 5090 organisms and 2502 viruses. Jaime
      Huerta-Cepas, Damian Szklarczyk, Davide Heller, Ana Hernandez-Plaza,
      Sofia K Forslund, Helen Cook, Daniel R Mende, Ivica Letunic, Thomas
      Rattei, Lars J Jensen, Christian von Mering and Peer Bork. Nucleic Acids
      Research, Volume 47, Issue D1, 8 January 2019, Pages D309-D314,
      https://doi.org/10.1093/nar/gky1085 

[3] MMseqs2 enables sensitive protein sequence searching for the analysis of massive data sets.
       Steinegger M & Söding J. 2017. Nat. Biotech. 35, 1026–1028. https://doi.org/10.1038/nbt.3988

e.g. Functional annotation was performed using eggNOG-mapper (version emapper-2.1.12-8b119d7) [1]
 based on eggNOG orthology data [2]. Sequence searches were performed using [3].

================================================================================

Total hits processed: 37834
Total time: 915 secs
FINISHED

========================================
Done in 918s
Species: /home/nizhu/Projects/plantsdb/result/result_imp/species
Homolog: /home/nizhu/Projects/plantsdb/result/result_imp/homolog
========================================
[05:43:12] eggnog: Adansonia_rubrostipa
========================================
Input:       /DATA/data2/downloads/IMP
Species out: /home/nizhu/Projects/plantsdb/result/result_imp/species
Homolog out: /home/nizhu/Projects/plantsdb/result/result_imp/homolog
Mode:        eggnog
Species:     Adansonia_rubrostipa
========================================
Found 1 species

[Adansonia_rubrostipa]
#  emapper-2.1.12-8b119d7
# emapper.py  -i /DATA/data2/downloads/IMP/Adansonia_rubrostipa/Adansonia_rubrostipa.prot.fasta -o /home/nizhu/Projects/plantsdb/result/result_imp/species/Adansonia_rubrostipa/eggnog_work/Adansonia_rubrostipa --data_dir /DATA/data2/emapperdb-5.0.2 -m mmseqs --cpu 40 --dbmem --tax_scope Viridiplantae --override --no_file_comments
[1;33m  /home/nizhu/software/miniforge3/envs/biotools/bin/mmseqs createdb '/DATA/data2/downloads/IMP/Adansonia_rubrostipa/Adansonia_rubrostipa.prot.fasta' '/home/nizhu/Projects/plantsdb/emappertmp_mmseqs_oz64hljx/58c185a46ef84e43ab6aa41ed966f8a1' --dbtype 1[0m
[1;33m  /home/nizhu/software/miniforge3/envs/biotools/bin/mmseqs search -a true '/home/nizhu/Projects/plantsdb/emappertmp_mmseqs_oz64hljx/58c185a46ef84e43ab6aa41ed966f8a1' '/DATA/data2/emapperdb-5.0.2/mmseqs/mmseqs.db' '/home/nizhu/Projects/plantsdb/emappertmp_mmseqs_oz64hljx/770e1b374a284b118fda43bad3951c31' '/home/nizhu/Projects/plantsdb/emappertmp_mmseqs_oz64hljx' --start-sens 3 --sens-steps 3 -s 7 --threads 40[0m
[1;33m  /home/nizhu/software/miniforge3/envs/biotools/bin/mmseqs filterdb '/home/nizhu/Projects/plantsdb/emappertmp_mmseqs_oz64hljx/770e1b374a284b118fda43bad3951c31' '/home/nizhu/Projects/plantsdb/emappertmp_mmseqs_oz64hljx/01cd11a8b9e943ee986bb9e1d95c8146' --threads 40 --extract-lines 1 [0m
[1;33m  /home/nizhu/software/miniforge3/envs/biotools/bin/mmseqs convertalis '/home/nizhu/Projects/plantsdb/emappertmp_mmseqs_oz64hljx/58c185a46ef84e43ab6aa41ed966f8a1' '/DATA/data2/emapperdb-5.0.2/mmseqs/mmseqs.db' '/home/nizhu/Projects/plantsdb/emappertmp_mmseqs_oz64hljx/01cd11a8b9e943ee986bb9e1d95c8146' '/home/nizhu/Projects/plantsdb/emappertmp_mmseqs_oz64hljx/01cd11a8b9e943ee986bb9e1d95c8146.m8' --threads 40 --format-output "query,target,pident,alnlen,qstart,qend,tstart,tend,evalue,bits,qcov,tcov"[0m
Loading source DB...
[31mWarning: this can take a few minutes and load up to 45GB to RAM. Using --dbmem is recommended to annotate a large number of sequences.[0m
[32mDone[0m
[1;33mResult files:[0m
   /home/nizhu/Projects/plantsdb/result/result_imp/species/Adansonia_rubrostipa/eggnog_work/Adansonia_rubrostipa.emapper.hits
   /home/nizhu/Projects/plantsdb/result/result_imp/species/Adansonia_rubrostipa/eggnog_work/Adansonia_rubrostipa.emapper.seed_orthologs
   /home/nizhu/Projects/plantsdb/result/result_imp/species/Adansonia_rubrostipa/eggnog_work/Adansonia_rubrostipa.emapper.annotations

================================================================================
CITATION:
If you use this software, please cite:

[1] eggNOG-mapper v2: functional annotation, orthology assignments, and domain 
      prediction at the metagenomic scale. Carlos P. Cantalapiedra, 
      Ana Hernandez-Plaza, Ivica Letunic, Peer Bork, Jaime Huerta-Cepas. 2021.
      Molecular Biology and Evolution, msab293, https://doi.org/10.1093/molbev/msab293

[2] eggNOG 5.0: a hierarchical, functionally and phylogenetically annotated
      orthology resource based on 5090 organisms and 2502 viruses. Jaime
      Huerta-Cepas, Damian Szklarczyk, Davide Heller, Ana Hernandez-Plaza,
      Sofia K Forslund, Helen Cook, Daniel R Mende, Ivica Letunic, Thomas
      Rattei, Lars J Jensen, Christian von Mering and Peer Bork. Nucleic Acids
      Research, Volume 47, Issue D1, 8 January 2019, Pages D309-D314,
      https://doi.org/10.1093/nar/gky1085 

[3] MMseqs2 enables sensitive protein sequence searching for the analysis of massive data sets.
       Steinegger M & Söding J. 2017. Nat. Biotech. 35, 1026–1028. https://doi.org/10.1038/nbt.3988

e.g. Functional annotation was performed using eggNOG-mapper (version emapper-2.1.12-8b119d7) [1]
 based on eggNOG orthology data [2]. Sequence searches were performed using [3].

================================================================================

Total hits processed: 39927
Total time: 885 secs
FINISHED

========================================
Done in 887s
Species: /home/nizhu/Projects/plantsdb/result/result_imp/species
Homolog: /home/nizhu/Projects/plantsdb/result/result_imp/homolog
========================================
[05:57:59] eggnog: Adansonia_suarezensis
========================================
Input:       /DATA/data2/downloads/IMP
Species out: /home/nizhu/Projects/plantsdb/result/result_imp/species
Homolog out: /home/nizhu/Projects/plantsdb/result/result_imp/homolog
Mode:        eggnog
Species:     Adansonia_suarezensis
========================================
Found 1 species

[Adansonia_suarezensis]
#  emapper-2.1.12-8b119d7
# emapper.py  -i /DATA/data2/downloads/IMP/Adansonia_suarezensis/Adansonia_suarezensis.prot.fasta -o /home/nizhu/Projects/plantsdb/result/result_imp/species/Adansonia_suarezensis/eggnog_work/Adansonia_suarezensis --data_dir /DATA/data2/emapperdb-5.0.2 -m mmseqs --cpu 40 --dbmem --tax_scope Viridiplantae --override --no_file_comments
[1;33m  /home/nizhu/software/miniforge3/envs/biotools/bin/mmseqs createdb '/DATA/data2/downloads/IMP/Adansonia_suarezensis/Adansonia_suarezensis.prot.fasta' '/home/nizhu/Projects/plantsdb/emappertmp_mmseqs_4auh_43r/fe8d0b8e636c4108b91d1adff3dbff60' --dbtype 1[0m
[1;33m  /home/nizhu/software/miniforge3/envs/biotools/bin/mmseqs search -a true '/home/nizhu/Projects/plantsdb/emappertmp_mmseqs_4auh_43r/fe8d0b8e636c4108b91d1adff3dbff60' '/DATA/data2/emapperdb-5.0.2/mmseqs/mmseqs.db' '/home/nizhu/Projects/plantsdb/emappertmp_mmseqs_4auh_43r/021461c5fc354eaab4cfefb844e71e54' '/home/nizhu/Projects/plantsdb/emappertmp_mmseqs_4auh_43r' --start-sens 3 --sens-steps 3 -s 7 --threads 40[0m
[1;33m  /home/nizhu/software/miniforge3/envs/biotools/bin/mmseqs filterdb '/home/nizhu/Projects/plantsdb/emappertmp_mmseqs_4auh_43r/021461c5fc354eaab4cfefb844e71e54' '/home/nizhu/Projects/plantsdb/emappertmp_mmseqs_4auh_43r/577b34c34bbf48189a324615a01c23b6' --threads 40 --extract-lines 1 [0m
[1;33m  /home/nizhu/software/miniforge3/envs/biotools/bin/mmseqs convertalis '/home/nizhu/Projects/plantsdb/emappertmp_mmseqs_4auh_43r/fe8d0b8e636c4108b91d1adff3dbff60' '/DATA/data2/emapperdb-5.0.2/mmseqs/mmseqs.db' '/home/nizhu/Projects/plantsdb/emappertmp_mmseqs_4auh_43r/577b34c34bbf48189a324615a01c23b6' '/home/nizhu/Projects/plantsdb/emappertmp_mmseqs_4auh_43r/577b34c34bbf48189a324615a01c23b6.m8' --threads 40 --format-output "query,target,pident,alnlen,qstart,qend,tstart,tend,evalue,bits,qcov,tcov"[0m
Loading source DB...
[31mWarning: this can take a few minutes and load up to 45GB to RAM. Using --dbmem is recommended to annotate a large number of sequences.[0m
[32mDone[0m
[1;33mResult files:[0m
   /home/nizhu/Projects/plantsdb/result/result_imp/species/Adansonia_suarezensis/eggnog_work/Adansonia_suarezensis.emapper.hits
   /home/nizhu/Projects/plantsdb/result/result_imp/species/Adansonia_suarezensis/eggnog_work/Adansonia_suarezensis.emapper.seed_orthologs
   /home/nizhu/Projects/plantsdb/result/result_imp/species/Adansonia_suarezensis/eggnog_work/Adansonia_suarezensis.emapper.annotations

================================================================================
CITATION:
If you use this software, please cite:

[1] eggNOG-mapper v2: functional annotation, orthology assignments, and domain 
      prediction at the metagenomic scale. Carlos P. Cantalapiedra, 
      Ana Hernandez-Plaza, Ivica Letunic, Peer Bork, Jaime Huerta-Cepas. 2021.
      Molecular Biology and Evolution, msab293, https://doi.org/10.1093/molbev/msab293

[2] eggNOG 5.0: a hierarchical, functionally and phylogenetically annotated
      orthology resource based on 5090 organisms and 2502 viruses. Jaime
      Huerta-Cepas, Damian Szklarczyk, Davide Heller, Ana Hernandez-Plaza,
      Sofia K Forslund, Helen Cook, Daniel R Mende, Ivica Letunic, Thomas
      Rattei, Lars J Jensen, Christian von Mering and Peer Bork. Nucleic Acids
      Research, Volume 47, Issue D1, 8 January 2019, Pages D309-D314,
      https://doi.org/10.1093/nar/gky1085 

[3] MMseqs2 enables sensitive protein sequence searching for the analysis of massive data sets.
       Steinegger M & Söding J. 2017. Nat. Biotech. 35, 1026–1028. https://doi.org/10.1038/nbt.3988

e.g. Functional annotation was performed using eggNOG-mapper (version emapper-2.1.12-8b119d7) [1]
 based on eggNOG orthology data [2]. Sequence searches were performed using [3].

================================================================================

Total hits processed: 39125
Total time: 883 secs
FINISHED

========================================
Done in 886s
Species: /home/nizhu/Projects/plantsdb/result/result_imp/species
Homolog: /home/nizhu/Projects/plantsdb/result/result_imp/homolog
========================================
[06:12:45] eggnog: Adansonia_za
========================================
Input:       /DATA/data2/downloads/IMP
Species out: /home/nizhu/Projects/plantsdb/result/result_imp/species
Homolog out: /home/nizhu/Projects/plantsdb/result/result_imp/homolog
Mode:        eggnog
Species:     Adansonia_za
========================================
Found 1 species

[Adansonia_za]
#  emapper-2.1.12-8b119d7
# emapper.py  -i /DATA/data2/downloads/IMP/Adansonia_za/Adansonia_za.prot.fasta -o /home/nizhu/Projects/plantsdb/result/result_imp/species/Adansonia_za/eggnog_work/Adansonia_za --data_dir /DATA/data2/emapperdb-5.0.2 -m mmseqs --cpu 40 --dbmem --tax_scope Viridiplantae --override --no_file_comments
[1;33m  /home/nizhu/software/miniforge3/envs/biotools/bin/mmseqs createdb '/DATA/data2/downloads/IMP/Adansonia_za/Adansonia_za.prot.fasta' '/home/nizhu/Projects/plantsdb/emappertmp_mmseqs__b6dzyre/5f0f500b750e408286d0d7d6ff14d1e7' --dbtype 1[0m
[1;33m  /home/nizhu/software/miniforge3/envs/biotools/bin/mmseqs search -a true '/home/nizhu/Projects/plantsdb/emappertmp_mmseqs__b6dzyre/5f0f500b750e408286d0d7d6ff14d1e7' '/DATA/data2/emapperdb-5.0.2/mmseqs/mmseqs.db' '/home/nizhu/Projects/plantsdb/emappertmp_mmseqs__b6dzyre/85d2abb8f1af4915a44a5a119c1503fb' '/home/nizhu/Projects/plantsdb/emappertmp_mmseqs__b6dzyre' --start-sens 3 --sens-steps 3 -s 7 --threads 40[0m
[1;33m  /home/nizhu/software/miniforge3/envs/biotools/bin/mmseqs filterdb '/home/nizhu/Projects/plantsdb/emappertmp_mmseqs__b6dzyre/85d2abb8f1af4915a44a5a119c1503fb' '/home/nizhu/Projects/plantsdb/emappertmp_mmseqs__b6dzyre/c58a91a9f8d846438b617fb6819884ce' --threads 40 --extract-lines 1 [0m
[1;33m  /home/nizhu/software/miniforge3/envs/biotools/bin/mmseqs convertalis '/home/nizhu/Projects/plantsdb/emappertmp_mmseqs__b6dzyre/5f0f500b750e408286d0d7d6ff14d1e7' '/DATA/data2/emapperdb-5.0.2/mmseqs/mmseqs.db' '/home/nizhu/Projects/plantsdb/emappertmp_mmseqs__b6dzyre/c58a91a9f8d846438b617fb6819884ce' '/home/nizhu/Projects/plantsdb/emappertmp_mmseqs__b6dzyre/c58a91a9f8d846438b617fb6819884ce.m8' --threads 40 --format-output "query,target,pident,alnlen,qstart,qend,tstart,tend,evalue,bits,qcov,tcov"[0m
Loading source DB...
[31mWarning: this can take a few minutes and load up to 45GB to RAM. Using --dbmem is recommended to annotate a large number of sequences.[0m
[32mDone[0m
[1;33mResult files:[0m
   /home/nizhu/Projects/plantsdb/result/result_imp/species/Adansonia_za/eggnog_work/Adansonia_za.emapper.hits
   /home/nizhu/Projects/plantsdb/result/result_imp/species/Adansonia_za/eggnog_work/Adansonia_za.emapper.seed_orthologs
   /home/nizhu/Projects/plantsdb/result/result_imp/species/Adansonia_za/eggnog_work/Adansonia_za.emapper.annotations

================================================================================
CITATION:
If you use this software, please cite:

[1] eggNOG-mapper v2: functional annotation, orthology assignments, and domain 
      prediction at the metagenomic scale. Carlos P. Cantalapiedra, 
      Ana Hernandez-Plaza, Ivica Letunic, Peer Bork, Jaime Huerta-Cepas. 2021.
      Molecular Biology and Evolution, msab293, https://doi.org/10.1093/molbev/msab293

[2] eggNOG 5.0: a hierarchical, functionally and phylogenetically annotated
      orthology resource based on 5090 organisms and 2502 viruses. Jaime
      Huerta-Cepas, Damian Szklarczyk, Davide Heller, Ana Hernandez-Plaza,
      Sofia K Forslund, Helen Cook, Daniel R Mende, Ivica Letunic, Thomas
      Rattei, Lars J Jensen, Christian von Mering and Peer Bork. Nucleic Acids
      Research, Volume 47, Issue D1, 8 January 2019, Pages D309-D314,
      https://doi.org/10.1093/nar/gky1085 

[3] MMseqs2 enables sensitive protein sequence searching for the analysis of massive data sets.
       Steinegger M & Söding J. 2017. Nat. Biotech. 35, 1026–1028. https://doi.org/10.1038/nbt.3988

e.g. Functional annotation was performed using eggNOG-mapper (version emapper-2.1.12-8b119d7) [1]
 based on eggNOG orthology data [2]. Sequence searches were performed using [3].

================================================================================

Total hits processed: 39791
Total time: 912 secs
FINISHED

========================================
Done in 914s
Species: /home/nizhu/Projects/plantsdb/result/result_imp/species
Homolog: /home/nizhu/Projects/plantsdb/result/result_imp/homolog
========================================
[06:27:59] eggnog: Ajuga_chamaepitys
========================================
Input:       /DATA/data2/downloads/IMP
Species out: /home/nizhu/Projects/plantsdb/result/result_imp/species
Homolog out: /home/nizhu/Projects/plantsdb/result/result_imp/homolog
Mode:        eggnog
Species:     Ajuga_chamaepitys
========================================
Found 1 species

[Ajuga_chamaepitys]
#  emapper-2.1.12-8b119d7
# emapper.py  -i /DATA/data2/downloads/IMP/Ajuga_chamaepitys/Ajuga_chamaepitys.prot.fasta -o /home/nizhu/Projects/plantsdb/result/result_imp/species/Ajuga_chamaepitys/eggnog_work/Ajuga_chamaepitys --data_dir /DATA/data2/emapperdb-5.0.2 -m mmseqs --cpu 40 --dbmem --tax_scope Viridiplantae --override --no_file_comments
[1;33m  /home/nizhu/software/miniforge3/envs/biotools/bin/mmseqs createdb '/DATA/data2/downloads/IMP/Ajuga_chamaepitys/Ajuga_chamaepitys.prot.fasta' '/home/nizhu/Projects/plantsdb/emappertmp_mmseqs_28p4mo3w/a63a1f071b294b138300143a8cec3210' --dbtype 1[0m
[1;33m  /home/nizhu/software/miniforge3/envs/biotools/bin/mmseqs search -a true '/home/nizhu/Projects/plantsdb/emappertmp_mmseqs_28p4mo3w/a63a1f071b294b138300143a8cec3210' '/DATA/data2/emapperdb-5.0.2/mmseqs/mmseqs.db' '/home/nizhu/Projects/plantsdb/emappertmp_mmseqs_28p4mo3w/9be7546ff9e94e58b4703ff02d0b1618' '/home/nizhu/Projects/plantsdb/emappertmp_mmseqs_28p4mo3w' --start-sens 3 --sens-steps 3 -s 7 --threads 40[0m
[1;33m  /home/nizhu/software/miniforge3/envs/biotools/bin/mmseqs filterdb '/home/nizhu/Projects/plantsdb/emappertmp_mmseqs_28p4mo3w/9be7546ff9e94e58b4703ff02d0b1618' '/home/nizhu/Projects/plantsdb/emappertmp_mmseqs_28p4mo3w/1a36408f044d4c729eb2484b8fce68f8' --threads 40 --extract-lines 1 [0m
[1;33m  /home/nizhu/software/miniforge3/envs/biotools/bin/mmseqs convertalis '/home/nizhu/Projects/plantsdb/emappertmp_mmseqs_28p4mo3w/a63a1f071b294b138300143a8cec3210' '/DATA/data2/emapperdb-5.0.2/mmseqs/mmseqs.db' '/home/nizhu/Projects/plantsdb/emappertmp_mmseqs_28p4mo3w/1a36408f044d4c729eb2484b8fce68f8' '/home/nizhu/Projects/plantsdb/emappertmp_mmseqs_28p4mo3w/1a36408f044d4c729eb2484b8fce68f8.m8' --threads 40 --format-output "query,target,pident,alnlen,qstart,qend,tstart,tend,evalue,bits,qcov,tcov"[0m
Loading source DB...
[31mWarning: this can take a few minutes and load up to 45GB to RAM. Using --dbmem is recommended to annotate a large number of sequences.[0m
[32mDone[0m
[1;33mResult files:[0m
   /home/nizhu/Projects/plantsdb/result/result_imp/species/Ajuga_chamaepitys/eggnog_work/Ajuga_chamaepitys.emapper.hits
   /home/nizhu/Projects/plantsdb/result/result_imp/species/Ajuga_chamaepitys/eggnog_work/Ajuga_chamaepitys.emapper.seed_orthologs
   /home/nizhu/Projects/plantsdb/result/result_imp/species/Ajuga_chamaepitys/eggnog_work/Ajuga_chamaepitys.emapper.annotations

================================================================================
CITATION:
If you use this software, please cite:

[1] eggNOG-mapper v2: functional annotation, orthology assignments, and domain 
      prediction at the metagenomic scale. Carlos P. Cantalapiedra, 
      Ana Hernandez-Plaza, Ivica Letunic, Peer Bork, Jaime Huerta-Cepas. 2021.
      Molecular Biology and Evolution, msab293, https://doi.org/10.1093/molbev/msab293

[2] eggNOG 5.0: a hierarchical, functionally and phylogenetically annotated
      orthology resource based on 5090 organisms and 2502 viruses. Jaime
      Huerta-Cepas, Damian Szklarczyk, Davide Heller, Ana Hernandez-Plaza,
      Sofia K Forslund, Helen Cook, Daniel R Mende, Ivica Letunic, Thomas
      Rattei, Lars J Jensen, Christian von Mering and Peer Bork. Nucleic Acids
      Research, Volume 47, Issue D1, 8 January 2019, Pages D309-D314,
      https://doi.org/10.1093/nar/gky1085 

[3] MMseqs2 enables sensitive protein sequence searching for the analysis of massive data sets.
       Steinegger M & Söding J. 2017. Nat. Biotech. 35, 1026–1028. https://doi.org/10.1038/nbt.3988

e.g. Functional annotation was performed using eggNOG-mapper (version emapper-2.1.12-8b119d7) [1]
 based on eggNOG orthology data [2]. Sequence searches were performed using [3].

================================================================================

Total hits processed: 103128
Total time: 1427 secs
FINISHED

========================================
Done in 1431s
Species: /home/nizhu/Projects/plantsdb/result/result_imp/species
Homolog: /home/nizhu/Projects/plantsdb/result/result_imp/homolog
========================================
[06:51:50] eggnog: Ajuga_reptans
========================================
Input:       /DATA/data2/downloads/IMP
Species out: /home/nizhu/Projects/plantsdb/result/result_imp/species
Homolog out: /home/nizhu/Projects/plantsdb/result/result_imp/homolog
Mode:        eggnog
Species:     Ajuga_reptans
========================================
Found 1 species

[Ajuga_reptans]
#  emapper-2.1.12-8b119d7
# emapper.py  -i /DATA/data2/downloads/IMP/Ajuga_reptans/Ajuga_reptans.prot.fasta -o /home/nizhu/Projects/plantsdb/result/result_imp/species/Ajuga_reptans/eggnog_work/Ajuga_reptans --data_dir /DATA/data2/emapperdb-5.0.2 -m mmseqs --cpu 40 --dbmem --tax_scope Viridiplantae --override --no_file_comments
[1;33m  /home/nizhu/software/miniforge3/envs/biotools/bin/mmseqs createdb '/DATA/data2/downloads/IMP/Ajuga_reptans/Ajuga_reptans.prot.fasta' '/home/nizhu/Projects/plantsdb/emappertmp_mmseqs_zm2h2x0r/fd3ffcef658f44e38074c5ea9c0438d0' --dbtype 1[0m
[1;33m  /home/nizhu/software/miniforge3/envs/biotools/bin/mmseqs search -a true '/home/nizhu/Projects/plantsdb/emappertmp_mmseqs_zm2h2x0r/fd3ffcef658f44e38074c5ea9c0438d0' '/DATA/data2/emapperdb-5.0.2/mmseqs/mmseqs.db' '/home/nizhu/Projects/plantsdb/emappertmp_mmseqs_zm2h2x0r/1e89a55841c1499c82ab0a12a9f22a9f' '/home/nizhu/Projects/plantsdb/emappertmp_mmseqs_zm2h2x0r' --start-sens 3 --sens-steps 3 -s 7 --threads 40[0m
[1;33m  /home/nizhu/software/miniforge3/envs/biotools/bin/mmseqs filterdb '/home/nizhu/Projects/plantsdb/emappertmp_mmseqs_zm2h2x0r/1e89a55841c1499c82ab0a12a9f22a9f' '/home/nizhu/Projects/plantsdb/emappertmp_mmseqs_zm2h2x0r/fde594c825754b11acb06e3b07d98526' --threads 40 --extract-lines 1 [0m
[1;33m  /home/nizhu/software/miniforge3/envs/biotools/bin/mmseqs convertalis '/home/nizhu/Projects/plantsdb/emappertmp_mmseqs_zm2h2x0r/fd3ffcef658f44e38074c5ea9c0438d0' '/DATA/data2/emapperdb-5.0.2/mmseqs/mmseqs.db' '/home/nizhu/Projects/plantsdb/emappertmp_mmseqs_zm2h2x0r/fde594c825754b11acb06e3b07d98526' '/home/nizhu/Projects/plantsdb/emappertmp_mmseqs_zm2h2x0r/fde594c825754b11acb06e3b07d98526.m8' --threads 40 --format-output "query,target,pident,alnlen,qstart,qend,tstart,tend,evalue,bits,qcov,tcov"[0m
Loading source DB...
[31mWarning: this can take a few minutes and load up to 45GB to RAM. Using --dbmem is recommended to annotate a large number of sequences.[0m
[32mDone[0m
[1;33mResult files:[0m
   /home/nizhu/Projects/plantsdb/result/result_imp/species/Ajuga_reptans/eggnog_work/Ajuga_reptans.emapper.hits
   /home/nizhu/Projects/plantsdb/result/result_imp/species/Ajuga_reptans/eggnog_work/Ajuga_reptans.emapper.seed_orthologs
   /home/nizhu/Projects/plantsdb/result/result_imp/species/Ajuga_reptans/eggnog_work/Ajuga_reptans.emapper.annotations

================================================================================
CITATION:
If you use this software, please cite:

[1] eggNOG-mapper v2: functional annotation, orthology assignments, and domain 
      prediction at the metagenomic scale. Carlos P. Cantalapiedra, 
      Ana Hernandez-Plaza, Ivica Letunic, Peer Bork, Jaime Huerta-Cepas. 2021.
      Molecular Biology and Evolution, msab293, https://doi.org/10.1093/molbev/msab293

[2] eggNOG 5.0: a hierarchical, functionally and phylogenetically annotated
      orthology resource based on 5090 organisms and 2502 viruses. Jaime
      Huerta-Cepas, Damian Szklarczyk, Davide Heller, Ana Hernandez-Plaza,
      Sofia K Forslund, Helen Cook, Daniel R Mende, Ivica Letunic, Thomas
      Rattei, Lars J Jensen, Christian von Mering and Peer Bork. Nucleic Acids
      Research, Volume 47, Issue D1, 8 January 2019, Pages D309-D314,
      https://doi.org/10.1093/nar/gky1085 

[3] MMseqs2 enables sensitive protein sequence searching for the analysis of massive data sets.
       Steinegger M & Söding J. 2017. Nat. Biotech. 35, 1026–1028. https://doi.org/10.1038/nbt.3988

e.g. Functional annotation was performed using eggNOG-mapper (version emapper-2.1.12-8b119d7) [1]
 based on eggNOG orthology data [2]. Sequence searches were performed using [3].

================================================================================

Total hits processed: 63404
Total time: 1096 secs
FINISHED

========================================
Done in 1099s
Species: /home/nizhu/Projects/plantsdb/result/result_imp/species
Homolog: /home/nizhu/Projects/plantsdb/result/result_imp/homolog
========================================
[07:10:09] eggnog: Albizia_julibrissin
========================================
Input:       /DATA/data2/downloads/IMP
Species out: /home/nizhu/Projects/plantsdb/result/result_imp/species
Homolog out: /home/nizhu/Projects/plantsdb/result/result_imp/homolog
Mode:        eggnog
Species:     Albizia_julibrissin
========================================
Found 1 species

[Albizia_julibrissin]
#  emapper-2.1.12-8b119d7
# emapper.py  -i /DATA/data2/downloads/IMP/Albizia_julibrissin/Albizia_julibrissin.prot.fasta -o /home/nizhu/Projects/plantsdb/result/result_imp/species/Albizia_julibrissin/eggnog_work/Albizia_julibrissin --data_dir /DATA/data2/emapperdb-5.0.2 -m mmseqs --cpu 40 --dbmem --tax_scope Viridiplantae --override --no_file_comments
[1;33m  /home/nizhu/software/miniforge3/envs/biotools/bin/mmseqs createdb '/DATA/data2/downloads/IMP/Albizia_julibrissin/Albizia_julibrissin.prot.fasta' '/home/nizhu/Projects/plantsdb/emappertmp_mmseqs_c5jgxo5u/3e553950e1f9459d97591a6864c8795e' --dbtype 1[0m
[1;33m  /home/nizhu/software/miniforge3/envs/biotools/bin/mmseqs search -a true '/home/nizhu/Projects/plantsdb/emappertmp_mmseqs_c5jgxo5u/3e553950e1f9459d97591a6864c8795e' '/DATA/data2/emapperdb-5.0.2/mmseqs/mmseqs.db' '/home/nizhu/Projects/plantsdb/emappertmp_mmseqs_c5jgxo5u/a548dd15b1dd4467b6e4c3663408ee0e' '/home/nizhu/Projects/plantsdb/emappertmp_mmseqs_c5jgxo5u' --start-sens 3 --sens-steps 3 -s 7 --threads 40[0m
[1;33m  /home/nizhu/software/miniforge3/envs/biotools/bin/mmseqs filterdb '/home/nizhu/Projects/plantsdb/emappertmp_mmseqs_c5jgxo5u/a548dd15b1dd4467b6e4c3663408ee0e' '/home/nizhu/Projects/plantsdb/emappertmp_mmseqs_c5jgxo5u/912d5c5c05954162bac9cd51a6d7334d' --threads 40 --extract-lines 1 [0m
[1;33m  /home/nizhu/software/miniforge3/envs/biotools/bin/mmseqs convertalis '/home/nizhu/Projects/plantsdb/emappertmp_mmseqs_c5jgxo5u/3e553950e1f9459d97591a6864c8795e' '/DATA/data2/emapperdb-5.0.2/mmseqs/mmseqs.db' '/home/nizhu/Projects/plantsdb/emappertmp_mmseqs_c5jgxo5u/912d5c5c05954162bac9cd51a6d7334d' '/home/nizhu/Projects/plantsdb/emappertmp_mmseqs_c5jgxo5u/912d5c5c05954162bac9cd51a6d7334d.m8' --threads 40 --format-output "query,target,pident,alnlen,qstart,qend,tstart,tend,evalue,bits,qcov,tcov"[0m
Loading source DB...
[31mWarning: this can take a few minutes and load up to 45GB to RAM. Using --dbmem is recommended to annotate a large number of sequences.[0m
[32mDone[0m
[1;33mResult files:[0m
   /home/nizhu/Projects/plantsdb/result/result_imp/species/Albizia_julibrissin/eggnog_work/Albizia_julibrissin.emapper.hits
   /home/nizhu/Projects/plantsdb/result/result_imp/species/Albizia_julibrissin/eggnog_work/Albizia_julibrissin.emapper.seed_orthologs
   /home/nizhu/Projects/plantsdb/result/result_imp/species/Albizia_julibrissin/eggnog_work/Albizia_julibrissin.emapper.annotations

================================================================================
CITATION:
If you use this software, please cite:

[1] eggNOG-mapper v2: functional annotation, orthology assignments, and domain 
      prediction at the metagenomic scale. Carlos P. Cantalapiedra, 
      Ana Hernandez-Plaza, Ivica Letunic, Peer Bork, Jaime Huerta-Cepas. 2021.
      Molecular Biology and Evolution, msab293, https://doi.org/10.1093/molbev/msab293

[2] eggNOG 5.0: a hierarchical, functionally and phylogenetically annotated
      orthology resource based on 5090 organisms and 2502 viruses. Jaime
      Huerta-Cepas, Damian Szklarczyk, Davide Heller, Ana Hernandez-Plaza,
      Sofia K Forslund, Helen Cook, Daniel R Mende, Ivica Letunic, Thomas
      Rattei, Lars J Jensen, Christian von Mering and Peer Bork. Nucleic Acids
      Research, Volume 47, Issue D1, 8 January 2019, Pages D309-D314,
      https://doi.org/10.1093/nar/gky1085 

[3] MMseqs2 enables sensitive protein sequence searching for the analysis of massive data sets.
       Steinegger M & Söding J. 2017. Nat. Biotech. 35, 1026–1028. https://doi.org/10.1038/nbt.3988

e.g. Functional annotation was performed using eggNOG-mapper (version emapper-2.1.12-8b119d7) [1]
 based on eggNOG orthology data [2]. Sequence searches were performed using [3].

================================================================================

Total hits processed: 32054
Total time: 930 secs
FINISHED

========================================
Done in 933s
Species: /home/nizhu/Projects/plantsdb/result/result_imp/species
Homolog: /home/nizhu/Projects/plantsdb/result/result_imp/homolog
========================================
[07:25:42] eggnog: Albizia_julibrissin_2
========================================
Input:       /DATA/data2/downloads/IMP
Species out: /home/nizhu/Projects/plantsdb/result/result_imp/species
Homolog out: /home/nizhu/Projects/plantsdb/result/result_imp/homolog
Mode:        eggnog
Species:     Albizia_julibrissin_2
========================================
Found 1 species

[Albizia_julibrissin_2]
#  emapper-2.1.12-8b119d7
# emapper.py  -i /DATA/data2/downloads/IMP/Albizia_julibrissin_2/Albizia_julibrissin_2.prot.fasta -o /home/nizhu/Projects/plantsdb/result/result_imp/species/Albizia_julibrissin_2/eggnog_work/Albizia_julibrissin_2 --data_dir /DATA/data2/emapperdb-5.0.2 -m mmseqs --cpu 40 --dbmem --tax_scope Viridiplantae --override --no_file_comments
[1;33m  /home/nizhu/software/miniforge3/envs/biotools/bin/mmseqs createdb '/DATA/data2/downloads/IMP/Albizia_julibrissin_2/Albizia_julibrissin_2.prot.fasta' '/home/nizhu/Projects/plantsdb/emappertmp_mmseqs_5sumu4u_/3b2d16caa63c442b834e3b2a2e60d0dc' --dbtype 1[0m
[1;33m  /home/nizhu/software/miniforge3/envs/biotools/bin/mmseqs search -a true '/home/nizhu/Projects/plantsdb/emappertmp_mmseqs_5sumu4u_/3b2d16caa63c442b834e3b2a2e60d0dc' '/DATA/data2/emapperdb-5.0.2/mmseqs/mmseqs.db' '/home/nizhu/Projects/plantsdb/emappertmp_mmseqs_5sumu4u_/42a6321b3bc14a44ab8234ad1b7ccb1c' '/home/nizhu/Projects/plantsdb/emappertmp_mmseqs_5sumu4u_' --start-sens 3 --sens-steps 3 -s 7 --threads 40[0m
[1;33m  /home/nizhu/software/miniforge3/envs/biotools/bin/mmseqs filterdb '/home/nizhu/Projects/plantsdb/emappertmp_mmseqs_5sumu4u_/42a6321b3bc14a44ab8234ad1b7ccb1c' '/home/nizhu/Projects/plantsdb/emappertmp_mmseqs_5sumu4u_/67c7f5a5982d4c9dbbcf6b818ffde229' --threads 40 --extract-lines 1 [0m
[1;33m  /home/nizhu/software/miniforge3/envs/biotools/bin/mmseqs convertalis '/home/nizhu/Projects/plantsdb/emappertmp_mmseqs_5sumu4u_/3b2d16caa63c442b834e3b2a2e60d0dc' '/DATA/data2/emapperdb-5.0.2/mmseqs/mmseqs.db' '/home/nizhu/Projects/plantsdb/emappertmp_mmseqs_5sumu4u_/67c7f5a5982d4c9dbbcf6b818ffde229' '/home/nizhu/Projects/plantsdb/emappertmp_mmseqs_5sumu4u_/67c7f5a5982d4c9dbbcf6b818ffde229.m8' --threads 40 --format-output "query,target,pident,alnlen,qstart,qend,tstart,tend,evalue,bits,qcov,tcov"[0m
Loading source DB...
[31mWarning: this can take a few minutes and load up to 45GB to RAM. Using --dbmem is recommended to annotate a large number of sequences.[0m
[32mDone[0m
[1;33mResult files:[0m
   /home/nizhu/Projects/plantsdb/result/result_imp/species/Albizia_julibrissin_2/eggnog_work/Albizia_julibrissin_2.emapper.hits
   /home/nizhu/Projects/plantsdb/result/result_imp/species/Albizia_julibrissin_2/eggnog_work/Albizia_julibrissin_2.emapper.seed_orthologs
   /home/nizhu/Projects/plantsdb/result/result_imp/species/Albizia_julibrissin_2/eggnog_work/Albizia_julibrissin_2.emapper.annotations

================================================================================
CITATION:
If you use this software, please cite:

[1] eggNOG-mapper v2: functional annotation, orthology assignments, and domain 
      prediction at the metagenomic scale. Carlos P. Cantalapiedra, 
      Ana Hernandez-Plaza, Ivica Letunic, Peer Bork, Jaime Huerta-Cepas. 2021.
      Molecular Biology and Evolution, msab293, https://doi.org/10.1093/molbev/msab293

[2] eggNOG 5.0: a hierarchical, functionally and phylogenetically annotated
      orthology resource based on 5090 organisms and 2502 viruses. Jaime
      Huerta-Cepas, Damian Szklarczyk, Davide Heller, Ana Hernandez-Plaza,
      Sofia K Forslund, Helen Cook, Daniel R Mende, Ivica Letunic, Thomas
      Rattei, Lars J Jensen, Christian von Mering and Peer Bork. Nucleic Acids
      Research, Volume 47, Issue D1, 8 January 2019, Pages D309-D314,
      https://doi.org/10.1093/nar/gky1085 

[3] MMseqs2 enables sensitive protein sequence searching for the analysis of massive data sets.
       Steinegger M & Söding J. 2017. Nat. Biotech. 35, 1026–1028. https://doi.org/10.1038/nbt.3988

e.g. Functional annotation was performed using eggNOG-mapper (version emapper-2.1.12-8b119d7) [1]
 based on eggNOG orthology data [2]. Sequence searches were performed using [3].

================================================================================

Total hits processed: 56937
Total time: 1066 secs
FINISHED

========================================
Done in 1069s
Species: /home/nizhu/Projects/plantsdb/result/result_imp/species
Homolog: /home/nizhu/Projects/plantsdb/result/result_imp/homolog
========================================
[07:43:31] eggnog: Amaranthus_hypochondriacus
========================================
Input:       /DATA/data2/downloads/IMP
Species out: /home/nizhu/Projects/plantsdb/result/result_imp/species
Homolog out: /home/nizhu/Projects/plantsdb/result/result_imp/homolog
Mode:        eggnog
Species:     Amaranthus_hypochondriacus
========================================
Found 1 species

[Amaranthus_hypochondriacus]
#  emapper-2.1.12-8b119d7
# emapper.py  -i /DATA/data2/downloads/IMP/Amaranthus_hypochondriacus/Amaranthus_hypochondriacus.prot.fasta -o /home/nizhu/Projects/plantsdb/result/result_imp/species/Amaranthus_hypochondriacus/eggnog_work/Amaranthus_hypochondriacus --data_dir /DATA/data2/emapperdb-5.0.2 -m mmseqs --cpu 40 --dbmem --tax_scope Viridiplantae --override --no_file_comments
[1;33m  /home/nizhu/software/miniforge3/envs/biotools/bin/mmseqs createdb '/DATA/data2/downloads/IMP/Amaranthus_hypochondriacus/Amaranthus_hypochondriacus.prot.fasta' '/home/nizhu/Projects/plantsdb/emappertmp_mmseqs_1kgdchgo/e46c8a74128a4cbca49b3ed444a3501c' --dbtype 1[0m
[1;33m  /home/nizhu/software/miniforge3/envs/biotools/bin/mmseqs search -a true '/home/nizhu/Projects/plantsdb/emappertmp_mmseqs_1kgdchgo/e46c8a74128a4cbca49b3ed444a3501c' '/DATA/data2/emapperdb-5.0.2/mmseqs/mmseqs.db' '/home/nizhu/Projects/plantsdb/emappertmp_mmseqs_1kgdchgo/c46471c22eaa4e86b1fd3734bfd4d014' '/home/nizhu/Projects/plantsdb/emappertmp_mmseqs_1kgdchgo' --start-sens 3 --sens-steps 3 -s 7 --threads 40[0m
[1;33m  /home/nizhu/software/miniforge3/envs/biotools/bin/mmseqs filterdb '/home/nizhu/Projects/plantsdb/emappertmp_mmseqs_1kgdchgo/c46471c22eaa4e86b1fd3734bfd4d014' '/home/nizhu/Projects/plantsdb/emappertmp_mmseqs_1kgdchgo/2c96cb7ec6dd4025819853a6a0e772cd' --threads 40 --extract-lines 1 [0m
[1;33m  /home/nizhu/software/miniforge3/envs/biotools/bin/mmseqs convertalis '/home/nizhu/Projects/plantsdb/emappertmp_mmseqs_1kgdchgo/e46c8a74128a4cbca49b3ed444a3501c' '/DATA/data2/emapperdb-5.0.2/mmseqs/mmseqs.db' '/home/nizhu/Projects/plantsdb/emappertmp_mmseqs_1kgdchgo/2c96cb7ec6dd4025819853a6a0e772cd' '/home/nizhu/Projects/plantsdb/emappertmp_mmseqs_1kgdchgo/2c96cb7ec6dd4025819853a6a0e772cd.m8' --threads 40 --format-output "query,target,pident,alnlen,qstart,qend,tstart,tend,evalue,bits,qcov,tcov"[0m
Loading source DB...
[31mWarning: this can take a few minutes and load up to 45GB to RAM. Using --dbmem is recommended to annotate a large number of sequences.[0m
[32mDone[0m
[1;33mResult files:[0m
   /home/nizhu/Projects/plantsdb/result/result_imp/species/Amaranthus_hypochondriacus/eggnog_work/Amaranthus_hypochondriacus.emapper.hits
   /home/nizhu/Projects/plantsdb/result/result_imp/species/Amaranthus_hypochondriacus/eggnog_work/Amaranthus_hypochondriacus.emapper.seed_orthologs
   /home/nizhu/Projects/plantsdb/result/result_imp/species/Amaranthus_hypochondriacus/eggnog_work/Amaranthus_hypochondriacus.emapper.annotations

================================================================================
CITATION:
If you use this software, please cite:

[1] eggNOG-mapper v2: functional annotation, orthology assignments, and domain 
      prediction at the metagenomic scale. Carlos P. Cantalapiedra, 
      Ana Hernandez-Plaza, Ivica Letunic, Peer Bork, Jaime Huerta-Cepas. 2021.
      Molecular Biology and Evolution, msab293, https://doi.org/10.1093/molbev/msab293

[2] eggNOG 5.0: a hierarchical, functionally and phylogenetically annotated
      orthology resource based on 5090 organisms and 2502 viruses. Jaime
      Huerta-Cepas, Damian Szklarczyk, Davide Heller, Ana Hernandez-Plaza,
      Sofia K Forslund, Helen Cook, Daniel R Mende, Ivica Letunic, Thomas
      Rattei, Lars J Jensen, Christian von Mering and Peer Bork. Nucleic Acids
      Research, Volume 47, Issue D1, 8 January 2019, Pages D309-D314,
      https://doi.org/10.1093/nar/gky1085 

[3] MMseqs2 enables sensitive protein sequence searching for the analysis of massive data sets.
       Steinegger M & Söding J. 2017. Nat. Biotech. 35, 1026–1028. https://doi.org/10.1038/nbt.3988

e.g. Functional annotation was performed using eggNOG-mapper (version emapper-2.1.12-8b119d7) [1]
 based on eggNOG orthology data [2]. Sequence searches were performed using [3].

================================================================================

Total hits processed: 22571
Total time: 798 secs
FINISHED

========================================
Done in 800s
Species: /home/nizhu/Projects/plantsdb/result/result_imp/species
Homolog: /home/nizhu/Projects/plantsdb/result/result_imp/homolog
========================================
[07:56:51] eggnog: Amaranthus_tricolor
========================================
Input:       /DATA/data2/downloads/IMP
Species out: /home/nizhu/Projects/plantsdb/result/result_imp/species
Homolog out: /home/nizhu/Projects/plantsdb/result/result_imp/homolog
Mode:        eggnog
Species:     Amaranthus_tricolor
========================================
Found 1 species

[Amaranthus_tricolor]
#  emapper-2.1.12-8b119d7
# emapper.py  -i /DATA/data2/downloads/IMP/Amaranthus_tricolor/Amaranthus_tricolor.prot.fasta -o /home/nizhu/Projects/plantsdb/result/result_imp/species/Amaranthus_tricolor/eggnog_work/Amaranthus_tricolor --data_dir /DATA/data2/emapperdb-5.0.2 -m mmseqs --cpu 40 --dbmem --tax_scope Viridiplantae --override --no_file_comments
[1;33m  /home/nizhu/software/miniforge3/envs/biotools/bin/mmseqs createdb '/DATA/data2/downloads/IMP/Amaranthus_tricolor/Amaranthus_tricolor.prot.fasta' '/home/nizhu/Projects/plantsdb/emappertmp_mmseqs_odr8wv5h/e019e0c5c9174f9ba9fba6368e46dc26' --dbtype 1[0m
[1;33m  /home/nizhu/software/miniforge3/envs/biotools/bin/mmseqs search -a true '/home/nizhu/Projects/plantsdb/emappertmp_mmseqs_odr8wv5h/e019e0c5c9174f9ba9fba6368e46dc26' '/DATA/data2/emapperdb-5.0.2/mmseqs/mmseqs.db' '/home/nizhu/Projects/plantsdb/emappertmp_mmseqs_odr8wv5h/984fa86862644902b8d419f53b59d5e4' '/home/nizhu/Projects/plantsdb/emappertmp_mmseqs_odr8wv5h' --start-sens 3 --sens-steps 3 -s 7 --threads 40[0m
[1;33m  /home/nizhu/software/miniforge3/envs/biotools/bin/mmseqs filterdb '/home/nizhu/Projects/plantsdb/emappertmp_mmseqs_odr8wv5h/984fa86862644902b8d419f53b59d5e4' '/home/nizhu/Projects/plantsdb/emappertmp_mmseqs_odr8wv5h/a73bc11743c849879514cf6d7c34a8c4' --threads 40 --extract-lines 1 [0m
[1;33m  /home/nizhu/software/miniforge3/envs/biotools/bin/mmseqs convertalis '/home/nizhu/Projects/plantsdb/emappertmp_mmseqs_odr8wv5h/e019e0c5c9174f9ba9fba6368e46dc26' '/DATA/data2/emapperdb-5.0.2/mmseqs/mmseqs.db' '/home/nizhu/Projects/plantsdb/emappertmp_mmseqs_odr8wv5h/a73bc11743c849879514cf6d7c34a8c4' '/home/nizhu/Projects/plantsdb/emappertmp_mmseqs_odr8wv5h/a73bc11743c849879514cf6d7c34a8c4.m8' --threads 40 --format-output "query,target,pident,alnlen,qstart,qend,tstart,tend,evalue,bits,qcov,tcov"[0m
Loading source DB...
[31mWarning: this can take a few minutes and load up to 45GB to RAM. Using --dbmem is recommended to annotate a large number of sequences.[0m
[32mDone[0m
[1;33mResult files:[0m
   /home/nizhu/Projects/plantsdb/result/result_imp/species/Amaranthus_tricolor/eggnog_work/Amaranthus_tricolor.emapper.hits
   /home/nizhu/Projects/plantsdb/result/result_imp/species/Amaranthus_tricolor/eggnog_work/Amaranthus_tricolor.emapper.seed_orthologs
   /home/nizhu/Projects/plantsdb/result/result_imp/species/Amaranthus_tricolor/eggnog_work/Amaranthus_tricolor.emapper.annotations

================================================================================
CITATION:
If you use this software, please cite:

[1] eggNOG-mapper v2: functional annotation, orthology assignments, and domain 
      prediction at the metagenomic scale. Carlos P. Cantalapiedra, 
      Ana Hernandez-Plaza, Ivica Letunic, Peer Bork, Jaime Huerta-Cepas. 2021.
      Molecular Biology and Evolution, msab293, https://doi.org/10.1093/molbev/msab293

[2] eggNOG 5.0: a hierarchical, functionally and phylogenetically annotated
      orthology resource based on 5090 organisms and 2502 viruses. Jaime
      Huerta-Cepas, Damian Szklarczyk, Davide Heller, Ana Hernandez-Plaza,
      Sofia K Forslund, Helen Cook, Daniel R Mende, Ivica Letunic, Thomas
      Rattei, Lars J Jensen, Christian von Mering and Peer Bork. Nucleic Acids
      Research, Volume 47, Issue D1, 8 January 2019, Pages D309-D314,
      https://doi.org/10.1093/nar/gky1085 

[3] MMseqs2 enables sensitive protein sequence searching for the analysis of massive data sets.
       Steinegger M & Söding J. 2017. Nat. Biotech. 35, 1026–1028. https://doi.org/10.1038/nbt.3988

e.g. Functional annotation was performed using eggNOG-mapper (version emapper-2.1.12-8b119d7) [1]
 based on eggNOG orthology data [2]. Sequence searches were performed using [3].

================================================================================

Total hits processed: 35451
Total time: 901 secs
FINISHED

========================================
Done in 905s
Species: /home/nizhu/Projects/plantsdb/result/result_imp/species
Homolog: /home/nizhu/Projects/plantsdb/result/result_imp/homolog
========================================
[08:11:56] eggnog: Amborella_trichopoda
========================================
Input:       /DATA/data2/downloads/IMP
Species out: /home/nizhu/Projects/plantsdb/result/result_imp/species
Homolog out: /home/nizhu/Projects/plantsdb/result/result_imp/homolog
Mode:        eggnog
Species:     Amborella_trichopoda
========================================
Found 1 species

[Amborella_trichopoda]
#  emapper-2.1.12-8b119d7
# emapper.py  -i /DATA/data2/downloads/IMP/Amborella_trichopoda/Amborella_trichopoda.prot.fasta -o /home/nizhu/Projects/plantsdb/result/result_imp/species/Amborella_trichopoda/eggnog_work/Amborella_trichopoda --data_dir /DATA/data2/emapperdb-5.0.2 -m mmseqs --cpu 40 --dbmem --tax_scope Viridiplantae --override --no_file_comments
[1;33m  /home/nizhu/software/miniforge3/envs/biotools/bin/mmseqs createdb '/DATA/data2/downloads/IMP/Amborella_trichopoda/Amborella_trichopoda.prot.fasta' '/home/nizhu/Projects/plantsdb/emappertmp_mmseqs_zczdgsvs/d262381bbd53435dbe0b9a0e7f3d46c2' --dbtype 1[0m
[1;33m  /home/nizhu/software/miniforge3/envs/biotools/bin/mmseqs search -a true '/home/nizhu/Projects/plantsdb/emappertmp_mmseqs_zczdgsvs/d262381bbd53435dbe0b9a0e7f3d46c2' '/DATA/data2/emapperdb-5.0.2/mmseqs/mmseqs.db' '/home/nizhu/Projects/plantsdb/emappertmp_mmseqs_zczdgsvs/bc59d315074b44d384edeb8622c35e81' '/home/nizhu/Projects/plantsdb/emappertmp_mmseqs_zczdgsvs' --start-sens 3 --sens-steps 3 -s 7 --threads 40[0m
[1;33m  /home/nizhu/software/miniforge3/envs/biotools/bin/mmseqs filterdb '/home/nizhu/Projects/plantsdb/emappertmp_mmseqs_zczdgsvs/bc59d315074b44d384edeb8622c35e81' '/home/nizhu/Projects/plantsdb/emappertmp_mmseqs_zczdgsvs/06179a1a92d4441e88e34c3d37f6236f' --threads 40 --extract-lines 1 [0m
[1;33m  /home/nizhu/software/miniforge3/envs/biotools/bin/mmseqs convertalis '/home/nizhu/Projects/plantsdb/emappertmp_mmseqs_zczdgsvs/d262381bbd53435dbe0b9a0e7f3d46c2' '/DATA/data2/emapperdb-5.0.2/mmseqs/mmseqs.db' '/home/nizhu/Projects/plantsdb/emappertmp_mmseqs_zczdgsvs/06179a1a92d4441e88e34c3d37f6236f' '/home/nizhu/Projects/plantsdb/emappertmp_mmseqs_zczdgsvs/06179a1a92d4441e88e34c3d37f6236f.m8' --threads 40 --format-output "query,target,pident,alnlen,qstart,qend,tstart,tend,evalue,bits,qcov,tcov"[0m
Loading source DB...
[31mWarning: this can take a few minutes and load up to 45GB to RAM. Using --dbmem is recommended to annotate a large number of sequences.[0m
[32mDone[0m
[1;33mResult files:[0m
   /home/nizhu/Projects/plantsdb/result/result_imp/species/Amborella_trichopoda/eggnog_work/Amborella_trichopoda.emapper.hits
   /home/nizhu/Projects/plantsdb/result/result_imp/species/Amborella_trichopoda/eggnog_work/Amborella_trichopoda.emapper.seed_orthologs
   /home/nizhu/Projects/plantsdb/result/result_imp/species/Amborella_trichopoda/eggnog_work/Amborella_trichopoda.emapper.annotations

================================================================================
CITATION:
If you use this software, please cite:

[1] eggNOG-mapper v2: functional annotation, orthology assignments, and domain 
      prediction at the metagenomic scale. Carlos P. Cantalapiedra, 
      Ana Hernandez-Plaza, Ivica Letunic, Peer Bork, Jaime Huerta-Cepas. 2021.
      Molecular Biology and Evolution, msab293, https://doi.org/10.1093/molbev/msab293

[2] eggNOG 5.0: a hierarchical, functionally and phylogenetically annotated
      orthology resource based on 5090 organisms and 2502 viruses. Jaime
      Huerta-Cepas, Damian Szklarczyk, Davide Heller, Ana Hernandez-Plaza,
      Sofia K Forslund, Helen Cook, Daniel R Mende, Ivica Letunic, Thomas
      Rattei, Lars J Jensen, Christian von Mering and Peer Bork. Nucleic Acids
      Research, Volume 47, Issue D1, 8 January 2019, Pages D309-D314,
      https://doi.org/10.1093/nar/gky1085 

[3] MMseqs2 enables sensitive protein sequence searching for the analysis of massive data sets.
       Steinegger M & Söding J. 2017. Nat. Biotech. 35, 1026–1028. https://doi.org/10.1038/nbt.3988

e.g. Functional annotation was performed using eggNOG-mapper (version emapper-2.1.12-8b119d7) [1]
 based on eggNOG orthology data [2]. Sequence searches were performed using [3].

================================================================================

Total hits processed: 27301
Total time: 765 secs
FINISHED

========================================
Done in 767s
Species: /home/nizhu/Projects/plantsdb/result/result_imp/species
Homolog: /home/nizhu/Projects/plantsdb/result/result_imp/homolog
========================================
[08:24:43] eggnog: Amborella_trichopoda_var._SantaCruz_75_HAP1
========================================
Input:       /DATA/data2/downloads/IMP
Species out: /home/nizhu/Projects/plantsdb/result/result_imp/species
Homolog out: /home/nizhu/Projects/plantsdb/result/result_imp/homolog
Mode:        eggnog
Species:     Amborella_trichopoda_var._SantaCruz_75_HAP1
========================================
Found 1 species

[Amborella_trichopoda_var._SantaCruz_75_HAP1]
#  emapper-2.1.12-8b119d7
# emapper.py  -i /DATA/data2/downloads/IMP/Amborella_trichopoda_var._SantaCruz_75_HAP1/Amborella_trichopoda_var._SantaCruz_75_HAP1.prot.fasta -o /home/nizhu/Projects/plantsdb/result/result_imp/species/Amborella_trichopoda_var._SantaCruz_75_HAP1/eggnog_work/Amborella_trichopoda_var._SantaCruz_75_HAP1 --data_dir /DATA/data2/emapperdb-5.0.2 -m mmseqs --cpu 40 --dbmem --tax_scope Viridiplantae --override --no_file_comments
[1;33m  /home/nizhu/software/miniforge3/envs/biotools/bin/mmseqs createdb '/DATA/data2/downloads/IMP/Amborella_trichopoda_var._SantaCruz_75_HAP1/Amborella_trichopoda_var._SantaCruz_75_HAP1.prot.fasta' '/home/nizhu/Projects/plantsdb/emappertmp_mmseqs_oxkvo2pz/94ab7b3d73094de5ab7201c4a5e82004' --dbtype 1[0m
[1;33m  /home/nizhu/software/miniforge3/envs/biotools/bin/mmseqs search -a true '/home/nizhu/Projects/plantsdb/emappertmp_mmseqs_oxkvo2pz/94ab7b3d73094de5ab7201c4a5e82004' '/DATA/data2/emapperdb-5.0.2/mmseqs/mmseqs.db' '/home/nizhu/Projects/plantsdb/emappertmp_mmseqs_oxkvo2pz/cc5119b51faa4432a35716ad570fc40c' '/home/nizhu/Projects/plantsdb/emappertmp_mmseqs_oxkvo2pz' --start-sens 3 --sens-steps 3 -s 7 --threads 40[0m
[1;33m  /home/nizhu/software/miniforge3/envs/biotools/bin/mmseqs filterdb '/home/nizhu/Projects/plantsdb/emappertmp_mmseqs_oxkvo2pz/cc5119b51faa4432a35716ad570fc40c' '/home/nizhu/Projects/plantsdb/emappertmp_mmseqs_oxkvo2pz/69f38784d5f246149d98babd35419536' --threads 40 --extract-lines 1 [0m
[1;33m  /home/nizhu/software/miniforge3/envs/biotools/bin/mmseqs convertalis '/home/nizhu/Projects/plantsdb/emappertmp_mmseqs_oxkvo2pz/94ab7b3d73094de5ab7201c4a5e82004' '/DATA/data2/emapperdb-5.0.2/mmseqs/mmseqs.db' '/home/nizhu/Projects/plantsdb/emappertmp_mmseqs_oxkvo2pz/69f38784d5f246149d98babd35419536' '/home/nizhu/Projects/plantsdb/emappertmp_mmseqs_oxkvo2pz/69f38784d5f246149d98babd35419536.m8' --threads 40 --format-output "query,target,pident,alnlen,qstart,qend,tstart,tend,evalue,bits,qcov,tcov"[0m
Loading source DB...
[31mWarning: this can take a few minutes and load up to 45GB to RAM. Using --dbmem is recommended to annotate a large number of sequences.[0m
[32mDone[0m
[1;33mResult files:[0m
   /home/nizhu/Projects/plantsdb/result/result_imp/species/Amborella_trichopoda_var._SantaCruz_75_HAP1/eggnog_work/Amborella_trichopoda_var._SantaCruz_75_HAP1.emapper.hits
   /home/nizhu/Projects/plantsdb/result/result_imp/species/Amborella_trichopoda_var._SantaCruz_75_HAP1/eggnog_work/Amborella_trichopoda_var._SantaCruz_75_HAP1.emapper.seed_orthologs
   /home/nizhu/Projects/plantsdb/result/result_imp/species/Amborella_trichopoda_var._SantaCruz_75_HAP1/eggnog_work/Amborella_trichopoda_var._SantaCruz_75_HAP1.emapper.annotations

================================================================================
CITATION:
If you use this software, please cite:

[1] eggNOG-mapper v2: functional annotation, orthology assignments, and domain 
      prediction at the metagenomic scale. Carlos P. Cantalapiedra, 
      Ana Hernandez-Plaza, Ivica Letunic, Peer Bork, Jaime Huerta-Cepas. 2021.
      Molecular Biology and Evolution, msab293, https://doi.org/10.1093/molbev/msab293

[2] eggNOG 5.0: a hierarchical, functionally and phylogenetically annotated
      orthology resource based on 5090 organisms and 2502 viruses. Jaime
      Huerta-Cepas, Damian Szklarczyk, Davide Heller, Ana Hernandez-Plaza,
      Sofia K Forslund, Helen Cook, Daniel R Mende, Ivica Letunic, Thomas
      Rattei, Lars J Jensen, Christian von Mering and Peer Bork. Nucleic Acids
      Research, Volume 47, Issue D1, 8 January 2019, Pages D309-D314,
      https://doi.org/10.1093/nar/gky1085 

[3] MMseqs2 enables sensitive protein sequence searching for the analysis of massive data sets.
       Steinegger M & Söding J. 2017. Nat. Biotech. 35, 1026–1028. https://doi.org/10.1038/nbt.3988

e.g. Functional annotation was performed using eggNOG-mapper (version emapper-2.1.12-8b119d7) [1]
 based on eggNOG orthology data [2]. Sequence searches were performed using [3].

================================================================================

Total hits processed: 48050
Total time: 1042 secs
FINISHED

========================================
Done in 1045s
Species: /home/nizhu/Projects/plantsdb/result/result_imp/species
Homolog: /home/nizhu/Projects/plantsdb/result/result_imp/homolog
========================================
[08:42:08] eggnog: Amborella_trichopoda_var._SantaCruz_75_HAP2
========================================
Input:       /DATA/data2/downloads/IMP
Species out: /home/nizhu/Projects/plantsdb/result/result_imp/species
Homolog out: /home/nizhu/Projects/plantsdb/result/result_imp/homolog
Mode:        eggnog
Species:     Amborella_trichopoda_var._SantaCruz_75_HAP2
========================================
Found 1 species

[Amborella_trichopoda_var._SantaCruz_75_HAP2]
#  emapper-2.1.12-8b119d7
# emapper.py  -i /DATA/data2/downloads/IMP/Amborella_trichopoda_var._SantaCruz_75_HAP2/Amborella_trichopoda_var._SantaCruz_75_HAP2.prot.fasta -o /home/nizhu/Projects/plantsdb/result/result_imp/species/Amborella_trichopoda_var._SantaCruz_75_HAP2/eggnog_work/Amborella_trichopoda_var._SantaCruz_75_HAP2 --data_dir /DATA/data2/emapperdb-5.0.2 -m mmseqs --cpu 40 --dbmem --tax_scope Viridiplantae --override --no_file_comments
[1;33m  /home/nizhu/software/miniforge3/envs/biotools/bin/mmseqs createdb '/DATA/data2/downloads/IMP/Amborella_trichopoda_var._SantaCruz_75_HAP2/Amborella_trichopoda_var._SantaCruz_75_HAP2.prot.fasta' '/home/nizhu/Projects/plantsdb/emappertmp_mmseqs_ng_r04mz/c3316d88849044f9a0f0992025151f16' --dbtype 1[0m
[1;33m  /home/nizhu/software/miniforge3/envs/biotools/bin/mmseqs search -a true '/home/nizhu/Projects/plantsdb/emappertmp_mmseqs_ng_r04mz/c3316d88849044f9a0f0992025151f16' '/DATA/data2/emapperdb-5.0.2/mmseqs/mmseqs.db' '/home/nizhu/Projects/plantsdb/emappertmp_mmseqs_ng_r04mz/81921414674843f3bdbfb4784c92618a' '/home/nizhu/Projects/plantsdb/emappertmp_mmseqs_ng_r04mz' --start-sens 3 --sens-steps 3 -s 7 --threads 40[0m
[1;33m  /home/nizhu/software/miniforge3/envs/biotools/bin/mmseqs filterdb '/home/nizhu/Projects/plantsdb/emappertmp_mmseqs_ng_r04mz/81921414674843f3bdbfb4784c92618a' '/home/nizhu/Projects/plantsdb/emappertmp_mmseqs_ng_r04mz/7ec74ef00d624617b9945bf4d66776d5' --threads 40 --extract-lines 1 [0m
[1;33m  /home/nizhu/software/miniforge3/envs/biotools/bin/mmseqs convertalis '/home/nizhu/Projects/plantsdb/emappertmp_mmseqs_ng_r04mz/c3316d88849044f9a0f0992025151f16' '/DATA/data2/emapperdb-5.0.2/mmseqs/mmseqs.db' '/home/nizhu/Projects/plantsdb/emappertmp_mmseqs_ng_r04mz/7ec74ef00d624617b9945bf4d66776d5' '/home/nizhu/Projects/plantsdb/emappertmp_mmseqs_ng_r04mz/7ec74ef00d624617b9945bf4d66776d5.m8' --threads 40 --format-output "query,target,pident,alnlen,qstart,qend,tstart,tend,evalue,bits,qcov,tcov"[0m
Loading source DB...
[31mWarning: this can take a few minutes and load up to 45GB to RAM. Using --dbmem is recommended to annotate a large number of sequences.[0m
[32mDone[0m
[1;33mResult files:[0m
   /home/nizhu/Projects/plantsdb/result/result_imp/species/Amborella_trichopoda_var._SantaCruz_75_HAP2/eggnog_work/Amborella_trichopoda_var._SantaCruz_75_HAP2.emapper.hits
   /home/nizhu/Projects/plantsdb/result/result_imp/species/Amborella_trichopoda_var._SantaCruz_75_HAP2/eggnog_work/Amborella_trichopoda_var._SantaCruz_75_HAP2.emapper.seed_orthologs
   /home/nizhu/Projects/plantsdb/result/result_imp/species/Amborella_trichopoda_var._SantaCruz_75_HAP2/eggnog_work/Amborella_trichopoda_var._SantaCruz_75_HAP2.emapper.annotations

================================================================================
CITATION:
If you use this software, please cite:

[1] eggNOG-mapper v2: functional annotation, orthology assignments, and domain 
      prediction at the metagenomic scale. Carlos P. Cantalapiedra, 
      Ana Hernandez-Plaza, Ivica Letunic, Peer Bork, Jaime Huerta-Cepas. 2021.
      Molecular Biology and Evolution, msab293, https://doi.org/10.1093/molbev/msab293

[2] eggNOG 5.0: a hierarchical, functionally and phylogenetically annotated
      orthology resource based on 5090 organisms and 2502 viruses. Jaime
      Huerta-Cepas, Damian Szklarczyk, Davide Heller, Ana Hernandez-Plaza,
      Sofia K Forslund, Helen Cook, Daniel R Mende, Ivica Letunic, Thomas
      Rattei, Lars J Jensen, Christian von Mering and Peer Bork. Nucleic Acids
      Research, Volume 47, Issue D1, 8 January 2019, Pages D309-D314,
      https://doi.org/10.1093/nar/gky1085 

[3] MMseqs2 enables sensitive protein sequence searching for the analysis of massive data sets.
       Steinegger M & Söding J. 2017. Nat. Biotech. 35, 1026–1028. https://doi.org/10.1038/nbt.3988

e.g. Functional annotation was performed using eggNOG-mapper (version emapper-2.1.12-8b119d7) [1]
 based on eggNOG orthology data [2]. Sequence searches were performed using [3].

================================================================================

Total hits processed: 47979
Total time: 1036 secs
FINISHED

========================================
Done in 1039s
Species: /home/nizhu/Projects/plantsdb/result/result_imp/species
Homolog: /home/nizhu/Projects/plantsdb/result/result_imp/homolog
========================================
[08:59:27] eggnog: Andropogon_gerardi_hap1
========================================
Input:       /DATA/data2/downloads/IMP
Species out: /home/nizhu/Projects/plantsdb/result/result_imp/species
Homolog out: /home/nizhu/Projects/plantsdb/result/result_imp/homolog
Mode:        eggnog
Species:     Andropogon_gerardi_hap1
========================================
Found 1 species

[Andropogon_gerardi_hap1]
#  emapper-2.1.12-8b119d7
# emapper.py  -i /DATA/data2/downloads/IMP/Andropogon_gerardi_hap1/Andropogon_gerardi_hap1.prot.fasta -o /home/nizhu/Projects/plantsdb/result/result_imp/species/Andropogon_gerardi_hap1/eggnog_work/Andropogon_gerardi_hap1 --data_dir /DATA/data2/emapperdb-5.0.2 -m mmseqs --cpu 40 --dbmem --tax_scope Viridiplantae --override --no_file_comments
[1;33m  /home/nizhu/software/miniforge3/envs/biotools/bin/mmseqs createdb '/DATA/data2/downloads/IMP/Andropogon_gerardi_hap1/Andropogon_gerardi_hap1.prot.fasta' '/home/nizhu/Projects/plantsdb/emappertmp_mmseqs_mvrmdfwh/b44a0f30f34a4397aa908347ee5d4030' --dbtype 1[0m
[1;33m  /home/nizhu/software/miniforge3/envs/biotools/bin/mmseqs search -a true '/home/nizhu/Projects/plantsdb/emappertmp_mmseqs_mvrmdfwh/b44a0f30f34a4397aa908347ee5d4030' '/DATA/data2/emapperdb-5.0.2/mmseqs/mmseqs.db' '/home/nizhu/Projects/plantsdb/emappertmp_mmseqs_mvrmdfwh/9ba93f5b624d41a9bb9a4e8c1aa36df4' '/home/nizhu/Projects/plantsdb/emappertmp_mmseqs_mvrmdfwh' --start-sens 3 --sens-steps 3 -s 7 --threads 40[0m
[1;33m  /home/nizhu/software/miniforge3/envs/biotools/bin/mmseqs filterdb '/home/nizhu/Projects/plantsdb/emappertmp_mmseqs_mvrmdfwh/9ba93f5b624d41a9bb9a4e8c1aa36df4' '/home/nizhu/Projects/plantsdb/emappertmp_mmseqs_mvrmdfwh/70b11470220e4c15b29a3ccfa54605b5' --threads 40 --extract-lines 1 [0m
[1;33m  /home/nizhu/software/miniforge3/envs/biotools/bin/mmseqs convertalis '/home/nizhu/Projects/plantsdb/emappertmp_mmseqs_mvrmdfwh/b44a0f30f34a4397aa908347ee5d4030' '/DATA/data2/emapperdb-5.0.2/mmseqs/mmseqs.db' '/home/nizhu/Projects/plantsdb/emappertmp_mmseqs_mvrmdfwh/70b11470220e4c15b29a3ccfa54605b5' '/home/nizhu/Projects/plantsdb/emappertmp_mmseqs_mvrmdfwh/70b11470220e4c15b29a3ccfa54605b5.m8' --threads 40 --format-output "query,target,pident,alnlen,qstart,qend,tstart,tend,evalue,bits,qcov,tcov"[0m
Loading source DB...
[31mWarning: this can take a few minutes and load up to 45GB to RAM. Using --dbmem is recommended to annotate a large number of sequences.[0m
[32mDone[0m
[1;33mResult files:[0m
   /home/nizhu/Projects/plantsdb/result/result_imp/species/Andropogon_gerardi_hap1/eggnog_work/Andropogon_gerardi_hap1.emapper.hits
   /home/nizhu/Projects/plantsdb/result/result_imp/species/Andropogon_gerardi_hap1/eggnog_work/Andropogon_gerardi_hap1.emapper.seed_orthologs
   /home/nizhu/Projects/plantsdb/result/result_imp/species/Andropogon_gerardi_hap1/eggnog_work/Andropogon_gerardi_hap1.emapper.annotations

================================================================================
CITATION:
If you use this software, please cite:

[1] eggNOG-mapper v2: functional annotation, orthology assignments, and domain 
      prediction at the metagenomic scale. Carlos P. Cantalapiedra, 
      Ana Hernandez-Plaza, Ivica Letunic, Peer Bork, Jaime Huerta-Cepas. 2021.
      Molecular Biology and Evolution, msab293, https://doi.org/10.1093/molbev/msab293

[2] eggNOG 5.0: a hierarchical, functionally and phylogenetically annotated
      orthology resource based on 5090 organisms and 2502 viruses. Jaime
      Huerta-Cepas, Damian Szklarczyk, Davide Heller, Ana Hernandez-Plaza,
      Sofia K Forslund, Helen Cook, Daniel R Mende, Ivica Letunic, Thomas
      Rattei, Lars J Jensen, Christian von Mering and Peer Bork. Nucleic Acids
      Research, Volume 47, Issue D1, 8 January 2019, Pages D309-D314,
      https://doi.org/10.1093/nar/gky1085 

[3] MMseqs2 enables sensitive protein sequence searching for the analysis of massive data sets.
       Steinegger M & Söding J. 2017. Nat. Biotech. 35, 1026–1028. https://doi.org/10.1038/nbt.3988

e.g. Functional annotation was performed using eggNOG-mapper (version emapper-2.1.12-8b119d7) [1]
 based on eggNOG orthology data [2]. Sequence searches were performed using [3].

================================================================================

Total hits processed: 137313
Total time: 1667 secs
FINISHED

========================================
Done in 1674s
Species: /home/nizhu/Projects/plantsdb/result/result_imp/species
Homolog: /home/nizhu/Projects/plantsdb/result/result_imp/homolog
========================================
[09:27:21] eggnog: Andropogon_gerardi_hap2
========================================
Input:       /DATA/data2/downloads/IMP
Species out: /home/nizhu/Projects/plantsdb/result/result_imp/species
Homolog out: /home/nizhu/Projects/plantsdb/result/result_imp/homolog
Mode:        eggnog
Species:     Andropogon_gerardi_hap2
========================================
Found 1 species

[Andropogon_gerardi_hap2]
#  emapper-2.1.12-8b119d7
# emapper.py  -i /DATA/data2/downloads/IMP/Andropogon_gerardi_hap2/Andropogon_gerardi_hap2.prot.fasta -o /home/nizhu/Projects/plantsdb/result/result_imp/species/Andropogon_gerardi_hap2/eggnog_work/Andropogon_gerardi_hap2 --data_dir /DATA/data2/emapperdb-5.0.2 -m mmseqs --cpu 40 --dbmem --tax_scope Viridiplantae --override --no_file_comments
[1;33m  /home/nizhu/software/miniforge3/envs/biotools/bin/mmseqs createdb '/DATA/data2/downloads/IMP/Andropogon_gerardi_hap2/Andropogon_gerardi_hap2.prot.fasta' '/home/nizhu/Projects/plantsdb/emappertmp_mmseqs_bymg0hpn/647f2fa6b65b41758e26579d53c65504' --dbtype 1[0m
[1;33m  /home/nizhu/software/miniforge3/envs/biotools/bin/mmseqs search -a true '/home/nizhu/Projects/plantsdb/emappertmp_mmseqs_bymg0hpn/647f2fa6b65b41758e26579d53c65504' '/DATA/data2/emapperdb-5.0.2/mmseqs/mmseqs.db' '/home/nizhu/Projects/plantsdb/emappertmp_mmseqs_bymg0hpn/9f66e58c7dd84ccb851295cb48d47607' '/home/nizhu/Projects/plantsdb/emappertmp_mmseqs_bymg0hpn' --start-sens 3 --sens-steps 3 -s 7 --threads 40[0m
[1;33m  /home/nizhu/software/miniforge3/envs/biotools/bin/mmseqs filterdb '/home/nizhu/Projects/plantsdb/emappertmp_mmseqs_bymg0hpn/9f66e58c7dd84ccb851295cb48d47607' '/home/nizhu/Projects/plantsdb/emappertmp_mmseqs_bymg0hpn/9b4b80cc8ca74d5a94fd564c796da509' --threads 40 --extract-lines 1 [0m
[1;33m  /home/nizhu/software/miniforge3/envs/biotools/bin/mmseqs convertalis '/home/nizhu/Projects/plantsdb/emappertmp_mmseqs_bymg0hpn/647f2fa6b65b41758e26579d53c65504' '/DATA/data2/emapperdb-5.0.2/mmseqs/mmseqs.db' '/home/nizhu/Projects/plantsdb/emappertmp_mmseqs_bymg0hpn/9b4b80cc8ca74d5a94fd564c796da509' '/home/nizhu/Projects/plantsdb/emappertmp_mmseqs_bymg0hpn/9b4b80cc8ca74d5a94fd564c796da509.m8' --threads 40 --format-output "query,target,pident,alnlen,qstart,qend,tstart,tend,evalue,bits,qcov,tcov"[0m
Loading source DB...
[31mWarning: this can take a few minutes and load up to 45GB to RAM. Using --dbmem is recommended to annotate a large number of sequences.[0m
[32mDone[0m
[1;33mResult files:[0m
   /home/nizhu/Projects/plantsdb/result/result_imp/species/Andropogon_gerardi_hap2/eggnog_work/Andropogon_gerardi_hap2.emapper.hits
   /home/nizhu/Projects/plantsdb/result/result_imp/species/Andropogon_gerardi_hap2/eggnog_work/Andropogon_gerardi_hap2.emapper.seed_orthologs
   /home/nizhu/Projects/plantsdb/result/result_imp/species/Andropogon_gerardi_hap2/eggnog_work/Andropogon_gerardi_hap2.emapper.annotations

================================================================================
CITATION:
If you use this software, please cite:

[1] eggNOG-mapper v2: functional annotation, orthology assignments, and domain 
      prediction at the metagenomic scale. Carlos P. Cantalapiedra, 
      Ana Hernandez-Plaza, Ivica Letunic, Peer Bork, Jaime Huerta-Cepas. 2021.
      Molecular Biology and Evolution, msab293, https://doi.org/10.1093/molbev/msab293

[2] eggNOG 5.0: a hierarchical, functionally and phylogenetically annotated
      orthology resource based on 5090 organisms and 2502 viruses. Jaime
      Huerta-Cepas, Damian Szklarczyk, Davide Heller, Ana Hernandez-Plaza,
      Sofia K Forslund, Helen Cook, Daniel R Mende, Ivica Letunic, Thomas
      Rattei, Lars J Jensen, Christian von Mering and Peer Bork. Nucleic Acids
      Research, Volume 47, Issue D1, 8 January 2019, Pages D309-D314,
      https://doi.org/10.1093/nar/gky1085 

[3] MMseqs2 enables sensitive protein sequence searching for the analysis of massive data sets.
       Steinegger M & Söding J. 2017. Nat. Biotech. 35, 1026–1028. https://doi.org/10.1038/nbt.3988

e.g. Functional annotation was performed using eggNOG-mapper (version emapper-2.1.12-8b119d7) [1]
 based on eggNOG orthology data [2]. Sequence searches were performed using [3].

================================================================================

Total hits processed: 136024
Total time: 1650 secs
FINISHED

========================================
Done in 1659s
Species: /home/nizhu/Projects/plantsdb/result/result_imp/species
Homolog: /home/nizhu/Projects/plantsdb/result/result_imp/homolog
========================================
[09:55:00] eggnog: Annona_cherimola_Booth
========================================
Input:       /DATA/data2/downloads/IMP
Species out: /home/nizhu/Projects/plantsdb/result/result_imp/species
Homolog out: /home/nizhu/Projects/plantsdb/result/result_imp/homolog
Mode:        eggnog
Species:     Annona_cherimola_Booth
========================================
Found 1 species

[Annona_cherimola_Booth]
#  emapper-2.1.12-8b119d7
# emapper.py  -i /DATA/data2/downloads/IMP/Annona_cherimola_Booth/Annona_cherimola_Booth.prot.fasta -o /home/nizhu/Projects/plantsdb/result/result_imp/species/Annona_cherimola_Booth/eggnog_work/Annona_cherimola_Booth --data_dir /DATA/data2/emapperdb-5.0.2 -m mmseqs --cpu 40 --dbmem --tax_scope Viridiplantae --override --no_file_comments
[1;33m  /home/nizhu/software/miniforge3/envs/biotools/bin/mmseqs createdb '/DATA/data2/downloads/IMP/Annona_cherimola_Booth/Annona_cherimola_Booth.prot.fasta' '/home/nizhu/Projects/plantsdb/emappertmp_mmseqs_4mow9uzv/92fcc3c0fa4349e1b08199bc3f2d8659' --dbtype 1[0m
[1;33m  /home/nizhu/software/miniforge3/envs/biotools/bin/mmseqs search -a true '/home/nizhu/Projects/plantsdb/emappertmp_mmseqs_4mow9uzv/92fcc3c0fa4349e1b08199bc3f2d8659' '/DATA/data2/emapperdb-5.0.2/mmseqs/mmseqs.db' '/home/nizhu/Projects/plantsdb/emappertmp_mmseqs_4mow9uzv/44fbd336d1e54ed8b019c50bee9741ac' '/home/nizhu/Projects/plantsdb/emappertmp_mmseqs_4mow9uzv' --start-sens 3 --sens-steps 3 -s 7 --threads 40[0m
[1;33m  /home/nizhu/software/miniforge3/envs/biotools/bin/mmseqs filterdb '/home/nizhu/Projects/plantsdb/emappertmp_mmseqs_4mow9uzv/44fbd336d1e54ed8b019c50bee9741ac' '/home/nizhu/Projects/plantsdb/emappertmp_mmseqs_4mow9uzv/923e4e4b65dc4f6d89911457a67508af' --threads 40 --extract-lines 1 [0m
[1;33m  /home/nizhu/software/miniforge3/envs/biotools/bin/mmseqs convertalis '/home/nizhu/Projects/plantsdb/emappertmp_mmseqs_4mow9uzv/92fcc3c0fa4349e1b08199bc3f2d8659' '/DATA/data2/emapperdb-5.0.2/mmseqs/mmseqs.db' '/home/nizhu/Projects/plantsdb/emappertmp_mmseqs_4mow9uzv/923e4e4b65dc4f6d89911457a67508af' '/home/nizhu/Projects/plantsdb/emappertmp_mmseqs_4mow9uzv/923e4e4b65dc4f6d89911457a67508af.m8' --threads 40 --format-output "query,target,pident,alnlen,qstart,qend,tstart,tend,evalue,bits,qcov,tcov"[0m
Loading source DB...
[31mWarning: this can take a few minutes and load up to 45GB to RAM. Using --dbmem is recommended to annotate a large number of sequences.[0m
[32mDone[0m
[1;33mResult files:[0m
   /home/nizhu/Projects/plantsdb/result/result_imp/species/Annona_cherimola_Booth/eggnog_work/Annona_cherimola_Booth.emapper.hits
   /home/nizhu/Projects/plantsdb/result/result_imp/species/Annona_cherimola_Booth/eggnog_work/Annona_cherimola_Booth.emapper.seed_orthologs
   /home/nizhu/Projects/plantsdb/result/result_imp/species/Annona_cherimola_Booth/eggnog_work/Annona_cherimola_Booth.emapper.annotations

================================================================================
CITATION:
If you use this software, please cite:

[1] eggNOG-mapper v2: functional annotation, orthology assignments, and domain 
      prediction at the metagenomic scale. Carlos P. Cantalapiedra, 
      Ana Hernandez-Plaza, Ivica Letunic, Peer Bork, Jaime Huerta-Cepas. 2021.
      Molecular Biology and Evolution, msab293, https://doi.org/10.1093/molbev/msab293

[2] eggNOG 5.0: a hierarchical, functionally and phylogenetically annotated
      orthology resource based on 5090 organisms and 2502 viruses. Jaime
      Huerta-Cepas, Damian Szklarczyk, Davide Heller, Ana Hernandez-Plaza,
      Sofia K Forslund, Helen Cook, Daniel R Mende, Ivica Letunic, Thomas
      Rattei, Lars J Jensen, Christian von Mering and Peer Bork. Nucleic Acids
      Research, Volume 47, Issue D1, 8 January 2019, Pages D309-D314,
      https://doi.org/10.1093/nar/gky1085 

[3] MMseqs2 enables sensitive protein sequence searching for the analysis of massive data sets.
       Steinegger M & Söding J. 2017. Nat. Biotech. 35, 1026–1028. https://doi.org/10.1038/nbt.3988

e.g. Functional annotation was performed using eggNOG-mapper (version emapper-2.1.12-8b119d7) [1]
 based on eggNOG orthology data [2]. Sequence searches were performed using [3].

================================================================================

Total hits processed: 46358
Total time: 1116 secs
FINISHED

========================================
Done in 1118s
Species: /home/nizhu/Projects/plantsdb/result/result_imp/species
Homolog: /home/nizhu/Projects/plantsdb/result/result_imp/homolog
========================================
[10:13:38] eggnog: Annona_cherimola_Fino_de_Jete
========================================
Input:       /DATA/data2/downloads/IMP
Species out: /home/nizhu/Projects/plantsdb/result/result_imp/species
Homolog out: /home/nizhu/Projects/plantsdb/result/result_imp/homolog
Mode:        eggnog
Species:     Annona_cherimola_Fino_de_Jete
========================================
Found 1 species

[Annona_cherimola_Fino_de_Jete]
#  emapper-2.1.12-8b119d7
# emapper.py  -i /DATA/data2/downloads/IMP/Annona_cherimola_Fino_de_Jete/Annona_cherimola_Fino_de_Jete.prot.fasta -o /home/nizhu/Projects/plantsdb/result/result_imp/species/Annona_cherimola_Fino_de_Jete/eggnog_work/Annona_cherimola_Fino_de_Jete --data_dir /DATA/data2/emapperdb-5.0.2 -m mmseqs --cpu 40 --dbmem --tax_scope Viridiplantae --override --no_file_comments
[1;33m  /home/nizhu/software/miniforge3/envs/biotools/bin/mmseqs createdb '/DATA/data2/downloads/IMP/Annona_cherimola_Fino_de_Jete/Annona_cherimola_Fino_de_Jete.prot.fasta' '/home/nizhu/Projects/plantsdb/emappertmp_mmseqs_j43sallf/e069d33269e94939bb7cbc1c3242622e' --dbtype 1[0m
[1;33m  /home/nizhu/software/miniforge3/envs/biotools/bin/mmseqs search -a true '/home/nizhu/Projects/plantsdb/emappertmp_mmseqs_j43sallf/e069d33269e94939bb7cbc1c3242622e' '/DATA/data2/emapperdb-5.0.2/mmseqs/mmseqs.db' '/home/nizhu/Projects/plantsdb/emappertmp_mmseqs_j43sallf/6a60554974e44481bda52b85d54e148f' '/home/nizhu/Projects/plantsdb/emappertmp_mmseqs_j43sallf' --start-sens 3 --sens-steps 3 -s 7 --threads 40[0m
[1;33m  /home/nizhu/software/miniforge3/envs/biotools/bin/mmseqs filterdb '/home/nizhu/Projects/plantsdb/emappertmp_mmseqs_j43sallf/6a60554974e44481bda52b85d54e148f' '/home/nizhu/Projects/plantsdb/emappertmp_mmseqs_j43sallf/61dff677a7b4489ab1980576a89b95c5' --threads 40 --extract-lines 1 [0m
[1;33m  /home/nizhu/software/miniforge3/envs/biotools/bin/mmseqs convertalis '/home/nizhu/Projects/plantsdb/emappertmp_mmseqs_j43sallf/e069d33269e94939bb7cbc1c3242622e' '/DATA/data2/emapperdb-5.0.2/mmseqs/mmseqs.db' '/home/nizhu/Projects/plantsdb/emappertmp_mmseqs_j43sallf/61dff677a7b4489ab1980576a89b95c5' '/home/nizhu/Projects/plantsdb/emappertmp_mmseqs_j43sallf/61dff677a7b4489ab1980576a89b95c5.m8' --threads 40 --format-output "query,target,pident,alnlen,qstart,qend,tstart,tend,evalue,bits,qcov,tcov"[0m
Loading source DB...
[31mWarning: this can take a few minutes and load up to 45GB to RAM. Using --dbmem is recommended to annotate a large number of sequences.[0m
[32mDone[0m
[1;33mResult files:[0m
   /home/nizhu/Projects/plantsdb/result/result_imp/species/Annona_cherimola_Fino_de_Jete/eggnog_work/Annona_cherimola_Fino_de_Jete.emapper.hits
   /home/nizhu/Projects/plantsdb/result/result_imp/species/Annona_cherimola_Fino_de_Jete/eggnog_work/Annona_cherimola_Fino_de_Jete.emapper.seed_orthologs
   /home/nizhu/Projects/plantsdb/result/result_imp/species/Annona_cherimola_Fino_de_Jete/eggnog_work/Annona_cherimola_Fino_de_Jete.emapper.annotations

================================================================================
CITATION:
If you use this software, please cite:

[1] eggNOG-mapper v2: functional annotation, orthology assignments, and domain 
      prediction at the metagenomic scale. Carlos P. Cantalapiedra, 
      Ana Hernandez-Plaza, Ivica Letunic, Peer Bork, Jaime Huerta-Cepas. 2021.
      Molecular Biology and Evolution, msab293, https://doi.org/10.1093/molbev/msab293

[2] eggNOG 5.0: a hierarchical, functionally and phylogenetically annotated
      orthology resource based on 5090 organisms and 2502 viruses. Jaime
      Huerta-Cepas, Damian Szklarczyk, Davide Heller, Ana Hernandez-Plaza,
      Sofia K Forslund, Helen Cook, Daniel R Mende, Ivica Letunic, Thomas
      Rattei, Lars J Jensen, Christian von Mering and Peer Bork. Nucleic Acids
      Research, Volume 47, Issue D1, 8 January 2019, Pages D309-D314,
      https://doi.org/10.1093/nar/gky1085 

[3] MMseqs2 enables sensitive protein sequence searching for the analysis of massive data sets.
       Steinegger M & Söding J. 2017. Nat. Biotech. 35, 1026–1028. https://doi.org/10.1038/nbt.3988

e.g. Functional annotation was performed using eggNOG-mapper (version emapper-2.1.12-8b119d7) [1]
 based on eggNOG orthology data [2]. Sequence searches were performed using [3].

================================================================================

Total hits processed: 67979
Total time: 1356 secs
FINISHED

========================================
Done in 1359s
Species: /home/nizhu/Projects/plantsdb/result/result_imp/species
Homolog: /home/nizhu/Projects/plantsdb/result/result_imp/homolog
========================================
[10:36:17] eggnog: Aquilegia_coerulea
========================================
Input:       /DATA/data2/downloads/IMP
Species out: /home/nizhu/Projects/plantsdb/result/result_imp/species
Homolog out: /home/nizhu/Projects/plantsdb/result/result_imp/homolog
Mode:        eggnog
Species:     Aquilegia_coerulea
========================================
Found 1 species

[Aquilegia_coerulea]
#  emapper-2.1.12-8b119d7
# emapper.py  -i /DATA/data2/downloads/IMP/Aquilegia_coerulea/Aquilegia_coerulea.prot.fasta -o /home/nizhu/Projects/plantsdb/result/result_imp/species/Aquilegia_coerulea/eggnog_work/Aquilegia_coerulea --data_dir /DATA/data2/emapperdb-5.0.2 -m mmseqs --cpu 40 --dbmem --tax_scope Viridiplantae --override --no_file_comments
[1;33m  /home/nizhu/software/miniforge3/envs/biotools/bin/mmseqs createdb '/DATA/data2/downloads/IMP/Aquilegia_coerulea/Aquilegia_coerulea.prot.fasta' '/home/nizhu/Projects/plantsdb/emappertmp_mmseqs_qwede6z1/500e9ea3a61d41db9709b74748155a21' --dbtype 1[0m
[1;33m  /home/nizhu/software/miniforge3/envs/biotools/bin/mmseqs search -a true '/home/nizhu/Projects/plantsdb/emappertmp_mmseqs_qwede6z1/500e9ea3a61d41db9709b74748155a21' '/DATA/data2/emapperdb-5.0.2/mmseqs/mmseqs.db' '/home/nizhu/Projects/plantsdb/emappertmp_mmseqs_qwede6z1/8d4d5dff35364bb3adb23d805d465e4e' '/home/nizhu/Projects/plantsdb/emappertmp_mmseqs_qwede6z1' --start-sens 3 --sens-steps 3 -s 7 --threads 40[0m
[1;33m  /home/nizhu/software/miniforge3/envs/biotools/bin/mmseqs filterdb '/home/nizhu/Projects/plantsdb/emappertmp_mmseqs_qwede6z1/8d4d5dff35364bb3adb23d805d465e4e' '/home/nizhu/Projects/plantsdb/emappertmp_mmseqs_qwede6z1/82589e2e447345259aec2eb8a116ccef' --threads 40 --extract-lines 1 [0m
[1;33m  /home/nizhu/software/miniforge3/envs/biotools/bin/mmseqs convertalis '/home/nizhu/Projects/plantsdb/emappertmp_mmseqs_qwede6z1/500e9ea3a61d41db9709b74748155a21' '/DATA/data2/emapperdb-5.0.2/mmseqs/mmseqs.db' '/home/nizhu/Projects/plantsdb/emappertmp_mmseqs_qwede6z1/82589e2e447345259aec2eb8a116ccef' '/home/nizhu/Projects/plantsdb/emappertmp_mmseqs_qwede6z1/82589e2e447345259aec2eb8a116ccef.m8' --threads 40 --format-output "query,target,pident,alnlen,qstart,qend,tstart,tend,evalue,bits,qcov,tcov"[0m
Loading source DB...
[31mWarning: this can take a few minutes and load up to 45GB to RAM. Using --dbmem is recommended to annotate a large number of sequences.[0m
[32mDone[0m
[1;33mResult files:[0m
   /home/nizhu/Projects/plantsdb/result/result_imp/species/Aquilegia_coerulea/eggnog_work/Aquilegia_coerulea.emapper.hits
   /home/nizhu/Projects/plantsdb/result/result_imp/species/Aquilegia_coerulea/eggnog_work/Aquilegia_coerulea.emapper.seed_orthologs
   /home/nizhu/Projects/plantsdb/result/result_imp/species/Aquilegia_coerulea/eggnog_work/Aquilegia_coerulea.emapper.annotations

================================================================================
CITATION:
If you use this software, please cite:

[1] eggNOG-mapper v2: functional annotation, orthology assignments, and domain 
      prediction at the metagenomic scale. Carlos P. Cantalapiedra, 
      Ana Hernandez-Plaza, Ivica Letunic, Peer Bork, Jaime Huerta-Cepas. 2021.
      Molecular Biology and Evolution, msab293, https://doi.org/10.1093/molbev/msab293

[2] eggNOG 5.0: a hierarchical, functionally and phylogenetically annotated
      orthology resource based on 5090 organisms and 2502 viruses. Jaime
      Huerta-Cepas, Damian Szklarczyk, Davide Heller, Ana Hernandez-Plaza,
      Sofia K Forslund, Helen Cook, Daniel R Mende, Ivica Letunic, Thomas
      Rattei, Lars J Jensen, Christian von Mering and Peer Bork. Nucleic Acids
      Research, Volume 47, Issue D1, 8 January 2019, Pages D309-D314,
      https://doi.org/10.1093/nar/gky1085 

[3] MMseqs2 enables sensitive protein sequence searching for the analysis of massive data sets.
       Steinegger M & Söding J. 2017. Nat. Biotech. 35, 1026–1028. https://doi.org/10.1038/nbt.3988

e.g. Functional annotation was performed using eggNOG-mapper (version emapper-2.1.12-8b119d7) [1]
 based on eggNOG orthology data [2]. Sequence searches were performed using [3].

================================================================================

Total hits processed: 41083
Total time: 918 secs
FINISHED

========================================
Done in 923s
Species: /home/nizhu/Projects/plantsdb/result/result_imp/species
Homolog: /home/nizhu/Projects/plantsdb/result/result_imp/homolog
========================================
[10:51:40] eggnog: Aquilegia_kansuensis
========================================
Input:       /DATA/data2/downloads/IMP
Species out: /home/nizhu/Projects/plantsdb/result/result_imp/species
Homolog out: /home/nizhu/Projects/plantsdb/result/result_imp/homolog
Mode:        eggnog
Species:     Aquilegia_kansuensis
========================================
Found 1 species

[Aquilegia_kansuensis]
#  emapper-2.1.12-8b119d7
# emapper.py  -i /DATA/data2/downloads/IMP/Aquilegia_kansuensis/Aquilegia_kansuensis.prot.fasta -o /home/nizhu/Projects/plantsdb/result/result_imp/species/Aquilegia_kansuensis/eggnog_work/Aquilegia_kansuensis --data_dir /DATA/data2/emapperdb-5.0.2 -m mmseqs --cpu 40 --dbmem --tax_scope Viridiplantae --override --no_file_comments
[1;33m  /home/nizhu/software/miniforge3/envs/biotools/bin/mmseqs createdb '/DATA/data2/downloads/IMP/Aquilegia_kansuensis/Aquilegia_kansuensis.prot.fasta' '/home/nizhu/Projects/plantsdb/emappertmp_mmseqs_1mj8uy8l/21ff868799704e6284273e61ed2ca36c' --dbtype 1[0m
[1;33m  /home/nizhu/software/miniforge3/envs/biotools/bin/mmseqs search -a true '/home/nizhu/Projects/plantsdb/emappertmp_mmseqs_1mj8uy8l/21ff868799704e6284273e61ed2ca36c' '/DATA/data2/emapperdb-5.0.2/mmseqs/mmseqs.db' '/home/nizhu/Projects/plantsdb/emappertmp_mmseqs_1mj8uy8l/2c35e3e930de426b9237eb82cc9b09e0' '/home/nizhu/Projects/plantsdb/emappertmp_mmseqs_1mj8uy8l' --start-sens 3 --sens-steps 3 -s 7 --threads 40[0m
[1;33m  /home/nizhu/software/miniforge3/envs/biotools/bin/mmseqs filterdb '/home/nizhu/Projects/plantsdb/emappertmp_mmseqs_1mj8uy8l/2c35e3e930de426b9237eb82cc9b09e0' '/home/nizhu/Projects/plantsdb/emappertmp_mmseqs_1mj8uy8l/53c7d6cbc6a84a988d39da6f60c46589' --threads 40 --extract-lines 1 [0m
[1;33m  /home/nizhu/software/miniforge3/envs/biotools/bin/mmseqs convertalis '/home/nizhu/Projects/plantsdb/emappertmp_mmseqs_1mj8uy8l/21ff868799704e6284273e61ed2ca36c' '/DATA/data2/emapperdb-5.0.2/mmseqs/mmseqs.db' '/home/nizhu/Projects/plantsdb/emappertmp_mmseqs_1mj8uy8l/53c7d6cbc6a84a988d39da6f60c46589' '/home/nizhu/Projects/plantsdb/emappertmp_mmseqs_1mj8uy8l/53c7d6cbc6a84a988d39da6f60c46589.m8' --threads 40 --format-output "query,target,pident,alnlen,qstart,qend,tstart,tend,evalue,bits,qcov,tcov"[0m
Loading source DB...
[31mWarning: this can take a few minutes and load up to 45GB to RAM. Using --dbmem is recommended to annotate a large number of sequences.[0m
[32mDone[0m
[1;33mResult files:[0m
   /home/nizhu/Projects/plantsdb/result/result_imp/species/Aquilegia_kansuensis/eggnog_work/Aquilegia_kansuensis.emapper.hits
   /home/nizhu/Projects/plantsdb/result/result_imp/species/Aquilegia_kansuensis/eggnog_work/Aquilegia_kansuensis.emapper.seed_orthologs
   /home/nizhu/Projects/plantsdb/result/result_imp/species/Aquilegia_kansuensis/eggnog_work/Aquilegia_kansuensis.emapper.annotations

================================================================================
CITATION:
If you use this software, please cite:

[1] eggNOG-mapper v2: functional annotation, orthology assignments, and domain 
      prediction at the metagenomic scale. Carlos P. Cantalapiedra, 
      Ana Hernandez-Plaza, Ivica Letunic, Peer Bork, Jaime Huerta-Cepas. 2021.
      Molecular Biology and Evolution, msab293, https://doi.org/10.1093/molbev/msab293

[2] eggNOG 5.0: a hierarchical, functionally and phylogenetically annotated
      orthology resource based on 5090 organisms and 2502 viruses. Jaime
      Huerta-Cepas, Damian Szklarczyk, Davide Heller, Ana Hernandez-Plaza,
      Sofia K Forslund, Helen Cook, Daniel R Mende, Ivica Letunic, Thomas
      Rattei, Lars J Jensen, Christian von Mering and Peer Bork. Nucleic Acids
      Research, Volume 47, Issue D1, 8 January 2019, Pages D309-D314,
      https://doi.org/10.1093/nar/gky1085 

[3] MMseqs2 enables sensitive protein sequence searching for the analysis of massive data sets.
       Steinegger M & Söding J. 2017. Nat. Biotech. 35, 1026–1028. https://doi.org/10.1038/nbt.3988

e.g. Functional annotation was performed using eggNOG-mapper (version emapper-2.1.12-8b119d7) [1]
 based on eggNOG orthology data [2]. Sequence searches were performed using [3].

================================================================================

Total hits processed: 47240
Total time: 968 secs
FINISHED

========================================
Done in 982s
Species: /home/nizhu/Projects/plantsdb/result/result_imp/species
Homolog: /home/nizhu/Projects/plantsdb/result/result_imp/homolog
========================================
[11:08:02] eggnog: Arabidopsis_arenosa
========================================
Input:       /DATA/data2/downloads/IMP
Species out: /home/nizhu/Projects/plantsdb/result/result_imp/species
Homolog out: /home/nizhu/Projects/plantsdb/result/result_imp/homolog
Mode:        eggnog
Species:     Arabidopsis_arenosa
========================================
Found 1 species

[Arabidopsis_arenosa]
#  emapper-2.1.12-8b119d7
# emapper.py  -i /DATA/data2/downloads/IMP/Arabidopsis_arenosa/Arabidopsis_arenosa.prot.fasta -o /home/nizhu/Projects/plantsdb/result/result_imp/species/Arabidopsis_arenosa/eggnog_work/Arabidopsis_arenosa --data_dir /DATA/data2/emapperdb-5.0.2 -m mmseqs --cpu 40 --dbmem --tax_scope Viridiplantae --override --no_file_comments
[1;33m  /home/nizhu/software/miniforge3/envs/biotools/bin/mmseqs createdb '/DATA/data2/downloads/IMP/Arabidopsis_arenosa/Arabidopsis_arenosa.prot.fasta' '/home/nizhu/Projects/plantsdb/emappertmp_mmseqs_awk2mghn/650d40f92ba3475e95918366642baa2b' --dbtype 1[0m
[1;33m  /home/nizhu/software/miniforge3/envs/biotools/bin/mmseqs search -a true '/home/nizhu/Projects/plantsdb/emappertmp_mmseqs_awk2mghn/650d40f92ba3475e95918366642baa2b' '/DATA/data2/emapperdb-5.0.2/mmseqs/mmseqs.db' '/home/nizhu/Projects/plantsdb/emappertmp_mmseqs_awk2mghn/046050a727664bab9de183e6caca9eee' '/home/nizhu/Projects/plantsdb/emappertmp_mmseqs_awk2mghn' --start-sens 3 --sens-steps 3 -s 7 --threads 40[0m
[1;33m  /home/nizhu/software/miniforge3/envs/biotools/bin/mmseqs filterdb '/home/nizhu/Projects/plantsdb/emappertmp_mmseqs_awk2mghn/046050a727664bab9de183e6caca9eee' '/home/nizhu/Projects/plantsdb/emappertmp_mmseqs_awk2mghn/9989b7d3e173440894fe449b32f43bd7' --threads 40 --extract-lines 1 [0m
[1;33m  /home/nizhu/software/miniforge3/envs/biotools/bin/mmseqs convertalis '/home/nizhu/Projects/plantsdb/emappertmp_mmseqs_awk2mghn/650d40f92ba3475e95918366642baa2b' '/DATA/data2/emapperdb-5.0.2/mmseqs/mmseqs.db' '/home/nizhu/Projects/plantsdb/emappertmp_mmseqs_awk2mghn/9989b7d3e173440894fe449b32f43bd7' '/home/nizhu/Projects/plantsdb/emappertmp_mmseqs_awk2mghn/9989b7d3e173440894fe449b32f43bd7.m8' --threads 40 --format-output "query,target,pident,alnlen,qstart,qend,tstart,tend,evalue,bits,qcov,tcov"[0m
Loading source DB...
[31mWarning: this can take a few minutes and load up to 45GB to RAM. Using --dbmem is recommended to annotate a large number of sequences.[0m
[32mDone[0m
[1;33mResult files:[0m
   /home/nizhu/Projects/plantsdb/result/result_imp/species/Arabidopsis_arenosa/eggnog_work/Arabidopsis_arenosa.emapper.hits
   /home/nizhu/Projects/plantsdb/result/result_imp/species/Arabidopsis_arenosa/eggnog_work/Arabidopsis_arenosa.emapper.seed_orthologs
   /home/nizhu/Projects/plantsdb/result/result_imp/species/Arabidopsis_arenosa/eggnog_work/Arabidopsis_arenosa.emapper.annotations

================================================================================
CITATION:
If you use this software, please cite:

[1] eggNOG-mapper v2: functional annotation, orthology assignments, and domain 
      prediction at the metagenomic scale. Carlos P. Cantalapiedra, 
      Ana Hernandez-Plaza, Ivica Letunic, Peer Bork, Jaime Huerta-Cepas. 2021.
      Molecular Biology and Evolution, msab293, https://doi.org/10.1093/molbev/msab293

[2] eggNOG 5.0: a hierarchical, functionally and phylogenetically annotated
      orthology resource based on 5090 organisms and 2502 viruses. Jaime
      Huerta-Cepas, Damian Szklarczyk, Davide Heller, Ana Hernandez-Plaza,
      Sofia K Forslund, Helen Cook, Daniel R Mende, Ivica Letunic, Thomas
      Rattei, Lars J Jensen, Christian von Mering and Peer Bork. Nucleic Acids
      Research, Volume 47, Issue D1, 8 January 2019, Pages D309-D314,
      https://doi.org/10.1093/nar/gky1085 

[3] MMseqs2 enables sensitive protein sequence searching for the analysis of massive data sets.
       Steinegger M & Söding J. 2017. Nat. Biotech. 35, 1026–1028. https://doi.org/10.1038/nbt.3988

e.g. Functional annotation was performed using eggNOG-mapper (version emapper-2.1.12-8b119d7) [1]
 based on eggNOG orthology data [2]. Sequence searches were performed using [3].

================================================================================

Total hits processed: 23108
Total time: 855 secs
FINISHED

========================================
Done in 857s
Species: /home/nizhu/Projects/plantsdb/result/result_imp/species
Homolog: /home/nizhu/Projects/plantsdb/result/result_imp/homolog
========================================
[11:22:19] eggnog: Arabidopsis_halleri
========================================
Input:       /DATA/data2/downloads/IMP
Species out: /home/nizhu/Projects/plantsdb/result/result_imp/species
Homolog out: /home/nizhu/Projects/plantsdb/result/result_imp/homolog
Mode:        eggnog
Species:     Arabidopsis_halleri
========================================
Found 1 species

[Arabidopsis_halleri]
#  emapper-2.1.12-8b119d7
# emapper.py  -i /DATA/data2/downloads/IMP/Arabidopsis_halleri/Arabidopsis_halleri.prot.fasta -o /home/nizhu/Projects/plantsdb/result/result_imp/species/Arabidopsis_halleri/eggnog_work/Arabidopsis_halleri --data_dir /DATA/data2/emapperdb-5.0.2 -m mmseqs --cpu 40 --dbmem --tax_scope Viridiplantae --override --no_file_comments
[1;33m  /home/nizhu/software/miniforge3/envs/biotools/bin/mmseqs createdb '/DATA/data2/downloads/IMP/Arabidopsis_halleri/Arabidopsis_halleri.prot.fasta' '/home/nizhu/Projects/plantsdb/emappertmp_mmseqs_ujfomcwk/9ba4c79363474e8b88977064d19fe702' --dbtype 1[0m
[1;33m  /home/nizhu/software/miniforge3/envs/biotools/bin/mmseqs search -a true '/home/nizhu/Projects/plantsdb/emappertmp_mmseqs_ujfomcwk/9ba4c79363474e8b88977064d19fe702' '/DATA/data2/emapperdb-5.0.2/mmseqs/mmseqs.db' '/home/nizhu/Projects/plantsdb/emappertmp_mmseqs_ujfomcwk/fd44face88e5485ea74cf4bccd42a347' '/home/nizhu/Projects/plantsdb/emappertmp_mmseqs_ujfomcwk' --start-sens 3 --sens-steps 3 -s 7 --threads 40[0m
[1;33m  /home/nizhu/software/miniforge3/envs/biotools/bin/mmseqs filterdb '/home/nizhu/Projects/plantsdb/emappertmp_mmseqs_ujfomcwk/fd44face88e5485ea74cf4bccd42a347' '/home/nizhu/Projects/plantsdb/emappertmp_mmseqs_ujfomcwk/ba41cedac2c34d64aefeebcc32dddb41' --threads 40 --extract-lines 1 [0m
[1;33m  /home/nizhu/software/miniforge3/envs/biotools/bin/mmseqs convertalis '/home/nizhu/Projects/plantsdb/emappertmp_mmseqs_ujfomcwk/9ba4c79363474e8b88977064d19fe702' '/DATA/data2/emapperdb-5.0.2/mmseqs/mmseqs.db' '/home/nizhu/Projects/plantsdb/emappertmp_mmseqs_ujfomcwk/ba41cedac2c34d64aefeebcc32dddb41' '/home/nizhu/Projects/plantsdb/emappertmp_mmseqs_ujfomcwk/ba41cedac2c34d64aefeebcc32dddb41.m8' --threads 40 --format-output "query,target,pident,alnlen,qstart,qend,tstart,tend,evalue,bits,qcov,tcov"[0m
Loading source DB...
[31mWarning: this can take a few minutes and load up to 45GB to RAM. Using --dbmem is recommended to annotate a large number of sequences.[0m
[32mDone[0m
[1;33mResult files:[0m
   /home/nizhu/Projects/plantsdb/result/result_imp/species/Arabidopsis_halleri/eggnog_work/Arabidopsis_halleri.emapper.hits
   /home/nizhu/Projects/plantsdb/result/result_imp/species/Arabidopsis_halleri/eggnog_work/Arabidopsis_halleri.emapper.seed_orthologs
   /home/nizhu/Projects/plantsdb/result/result_imp/species/Arabidopsis_halleri/eggnog_work/Arabidopsis_halleri.emapper.annotations

================================================================================
CITATION:
If you use this software, please cite:

[1] eggNOG-mapper v2: functional annotation, orthology assignments, and domain 
      prediction at the metagenomic scale. Carlos P. Cantalapiedra, 
      Ana Hernandez-Plaza, Ivica Letunic, Peer Bork, Jaime Huerta-Cepas. 2021.
      Molecular Biology and Evolution, msab293, https://doi.org/10.1093/molbev/msab293

[2] eggNOG 5.0: a hierarchical, functionally and phylogenetically annotated
      orthology resource based on 5090 organisms and 2502 viruses. Jaime
      Huerta-Cepas, Damian Szklarczyk, Davide Heller, Ana Hernandez-Plaza,
      Sofia K Forslund, Helen Cook, Daniel R Mende, Ivica Letunic, Thomas
      Rattei, Lars J Jensen, Christian von Mering and Peer Bork. Nucleic Acids
      Research, Volume 47, Issue D1, 8 January 2019, Pages D309-D314,
      https://doi.org/10.1093/nar/gky1085 

[3] MMseqs2 enables sensitive protein sequence searching for the analysis of massive data sets.
       Steinegger M & Söding J. 2017. Nat. Biotech. 35, 1026–1028. https://doi.org/10.1038/nbt.3988

e.g. Functional annotation was performed using eggNOG-mapper (version emapper-2.1.12-8b119d7) [1]
 based on eggNOG orthology data [2]. Sequence searches were performed using [3].

================================================================================

Total hits processed: 32605
Total time: 848 secs
FINISHED

========================================
Done in 851s
Species: /home/nizhu/Projects/plantsdb/result/result_imp/species
Homolog: /home/nizhu/Projects/plantsdb/result/result_imp/homolog
========================================
[11:36:30] eggnog: Arabidopsis_halleri_cv._Tada_Mine
========================================
Input:       /DATA/data2/downloads/IMP
Species out: /home/nizhu/Projects/plantsdb/result/result_imp/species
Homolog out: /home/nizhu/Projects/plantsdb/result/result_imp/homolog
Mode:        eggnog
Species:     Arabidopsis_halleri_cv._Tada_Mine
========================================
Found 1 species

[Arabidopsis_halleri_cv._Tada_Mine]
#  emapper-2.1.12-8b119d7
# emapper.py  -i /DATA/data2/downloads/IMP/Arabidopsis_halleri_cv._Tada_Mine/Arabidopsis_halleri_cv._Tada_Mine.prot.fasta -o /home/nizhu/Projects/plantsdb/result/result_imp/species/Arabidopsis_halleri_cv._Tada_Mine/eggnog_work/Arabidopsis_halleri_cv._Tada_Mine --data_dir /DATA/data2/emapperdb-5.0.2 -m mmseqs --cpu 40 --dbmem --tax_scope Viridiplantae --override --no_file_comments
[1;33m  /home/nizhu/software/miniforge3/envs/biotools/bin/mmseqs createdb '/DATA/data2/downloads/IMP/Arabidopsis_halleri_cv._Tada_Mine/Arabidopsis_halleri_cv._Tada_Mine.prot.fasta' '/home/nizhu/Projects/plantsdb/emappertmp_mmseqs_25nsrbsd/84f96201ca00477bbe49708ff6b6724b' --dbtype 1[0m
[1;33m  /home/nizhu/software/miniforge3/envs/biotools/bin/mmseqs search -a true '/home/nizhu/Projects/plantsdb/emappertmp_mmseqs_25nsrbsd/84f96201ca00477bbe49708ff6b6724b' '/DATA/data2/emapperdb-5.0.2/mmseqs/mmseqs.db' '/home/nizhu/Projects/plantsdb/emappertmp_mmseqs_25nsrbsd/e2dd69cd411742288943d9a50f413f9f' '/home/nizhu/Projects/plantsdb/emappertmp_mmseqs_25nsrbsd' --start-sens 3 --sens-steps 3 -s 7 --threads 40[0m
[1;33m  /home/nizhu/software/miniforge3/envs/biotools/bin/mmseqs filterdb '/home/nizhu/Projects/plantsdb/emappertmp_mmseqs_25nsrbsd/e2dd69cd411742288943d9a50f413f9f' '/home/nizhu/Projects/plantsdb/emappertmp_mmseqs_25nsrbsd/f5a76de6d06c430cb8264235f29b72b4' --threads 40 --extract-lines 1 [0m
[1;33m  /home/nizhu/software/miniforge3/envs/biotools/bin/mmseqs convertalis '/home/nizhu/Projects/plantsdb/emappertmp_mmseqs_25nsrbsd/84f96201ca00477bbe49708ff6b6724b' '/DATA/data2/emapperdb-5.0.2/mmseqs/mmseqs.db' '/home/nizhu/Projects/plantsdb/emappertmp_mmseqs_25nsrbsd/f5a76de6d06c430cb8264235f29b72b4' '/home/nizhu/Projects/plantsdb/emappertmp_mmseqs_25nsrbsd/f5a76de6d06c430cb8264235f29b72b4.m8' --threads 40 --format-output "query,target,pident,alnlen,qstart,qend,tstart,tend,evalue,bits,qcov,tcov"[0m
Loading source DB...
[31mWarning: this can take a few minutes and load up to 45GB to RAM. Using --dbmem is recommended to annotate a large number of sequences.[0m
[32mDone[0m
[1;33mResult files:[0m
   /home/nizhu/Projects/plantsdb/result/result_imp/species/Arabidopsis_halleri_cv._Tada_Mine/eggnog_work/Arabidopsis_halleri_cv._Tada_Mine.emapper.hits
   /home/nizhu/Projects/plantsdb/result/result_imp/species/Arabidopsis_halleri_cv._Tada_Mine/eggnog_work/Arabidopsis_halleri_cv._Tada_Mine.emapper.seed_orthologs
   /home/nizhu/Projects/plantsdb/result/result_imp/species/Arabidopsis_halleri_cv._Tada_Mine/eggnog_work/Arabidopsis_halleri_cv._Tada_Mine.emapper.annotations

================================================================================
CITATION:
If you use this software, please cite:

[1] eggNOG-mapper v2: functional annotation, orthology assignments, and domain 
      prediction at the metagenomic scale. Carlos P. Cantalapiedra, 
      Ana Hernandez-Plaza, Ivica Letunic, Peer Bork, Jaime Huerta-Cepas. 2021.
      Molecular Biology and Evolution, msab293, https://doi.org/10.1093/molbev/msab293

[2] eggNOG 5.0: a hierarchical, functionally and phylogenetically annotated
      orthology resource based on 5090 organisms and 2502 viruses. Jaime
      Huerta-Cepas, Damian Szklarczyk, Davide Heller, Ana Hernandez-Plaza,
      Sofia K Forslund, Helen Cook, Daniel R Mende, Ivica Letunic, Thomas
      Rattei, Lars J Jensen, Christian von Mering and Peer Bork. Nucleic Acids
      Research, Volume 47, Issue D1, 8 January 2019, Pages D309-D314,
      https://doi.org/10.1093/nar/gky1085 

[3] MMseqs2 enables sensitive protein sequence searching for the analysis of massive data sets.
       Steinegger M & Söding J. 2017. Nat. Biotech. 35, 1026–1028. https://doi.org/10.1038/nbt.3988

e.g. Functional annotation was performed using eggNOG-mapper (version emapper-2.1.12-8b119d7) [1]
 based on eggNOG orthology data [2]. Sequence searches were performed using [3].

================================================================================

Total hits processed: 23239
Total time: 785 secs
FINISHED

========================================
Done in 788s
Species: /home/nizhu/Projects/plantsdb/result/result_imp/species
Homolog: /home/nizhu/Projects/plantsdb/result/result_imp/homolog
========================================
[11:49:38] eggnog: Arabidopsis_lyrata
========================================
Input:       /DATA/data2/downloads/IMP
Species out: /home/nizhu/Projects/plantsdb/result/result_imp/species
Homolog out: /home/nizhu/Projects/plantsdb/result/result_imp/homolog
Mode:        eggnog
Species:     Arabidopsis_lyrata
========================================
Found 1 species

[Arabidopsis_lyrata]
#  emapper-2.1.12-8b119d7
# emapper.py  -i /DATA/data2/downloads/IMP/Arabidopsis_lyrata/Arabidopsis_lyrata.prot.fasta -o /home/nizhu/Projects/plantsdb/result/result_imp/species/Arabidopsis_lyrata/eggnog_work/Arabidopsis_lyrata --data_dir /DATA/data2/emapperdb-5.0.2 -m mmseqs --cpu 40 --dbmem --tax_scope Viridiplantae --override --no_file_comments
[1;33m  /home/nizhu/software/miniforge3/envs/biotools/bin/mmseqs createdb '/DATA/data2/downloads/IMP/Arabidopsis_lyrata/Arabidopsis_lyrata.prot.fasta' '/home/nizhu/Projects/plantsdb/emappertmp_mmseqs_hq5j27hj/f5546c7b71954adf9f36e784ae172cdc' --dbtype 1[0m
[1;33m  /home/nizhu/software/miniforge3/envs/biotools/bin/mmseqs search -a true '/home/nizhu/Projects/plantsdb/emappertmp_mmseqs_hq5j27hj/f5546c7b71954adf9f36e784ae172cdc' '/DATA/data2/emapperdb-5.0.2/mmseqs/mmseqs.db' '/home/nizhu/Projects/plantsdb/emappertmp_mmseqs_hq5j27hj/c3683734646246b68fc980823ac8bc29' '/home/nizhu/Projects/plantsdb/emappertmp_mmseqs_hq5j27hj' --start-sens 3 --sens-steps 3 -s 7 --threads 40[0m
[1;33m  /home/nizhu/software/miniforge3/envs/biotools/bin/mmseqs filterdb '/home/nizhu/Projects/plantsdb/emappertmp_mmseqs_hq5j27hj/c3683734646246b68fc980823ac8bc29' '/home/nizhu/Projects/plantsdb/emappertmp_mmseqs_hq5j27hj/f6dd4b09267f4e0ba7f77408fd8aef4b' --threads 40 --extract-lines 1 [0m
[1;33m  /home/nizhu/software/miniforge3/envs/biotools/bin/mmseqs convertalis '/home/nizhu/Projects/plantsdb/emappertmp_mmseqs_hq5j27hj/f5546c7b71954adf9f36e784ae172cdc' '/DATA/data2/emapperdb-5.0.2/mmseqs/mmseqs.db' '/home/nizhu/Projects/plantsdb/emappertmp_mmseqs_hq5j27hj/f6dd4b09267f4e0ba7f77408fd8aef4b' '/home/nizhu/Projects/plantsdb/emappertmp_mmseqs_hq5j27hj/f6dd4b09267f4e0ba7f77408fd8aef4b.m8' --threads 40 --format-output "query,target,pident,alnlen,qstart,qend,tstart,tend,evalue,bits,qcov,tcov"[0m
Loading source DB...
[31mWarning: this can take a few minutes and load up to 45GB to RAM. Using --dbmem is recommended to annotate a large number of sequences.[0m
[32mDone[0m
[1;33mResult files:[0m
   /home/nizhu/Projects/plantsdb/result/result_imp/species/Arabidopsis_lyrata/eggnog_work/Arabidopsis_lyrata.emapper.hits
   /home/nizhu/Projects/plantsdb/result/result_imp/species/Arabidopsis_lyrata/eggnog_work/Arabidopsis_lyrata.emapper.seed_orthologs
   /home/nizhu/Projects/plantsdb/result/result_imp/species/Arabidopsis_lyrata/eggnog_work/Arabidopsis_lyrata.emapper.annotations

================================================================================
CITATION:
If you use this software, please cite:

[1] eggNOG-mapper v2: functional annotation, orthology assignments, and domain 
      prediction at the metagenomic scale. Carlos P. Cantalapiedra, 
      Ana Hernandez-Plaza, Ivica Letunic, Peer Bork, Jaime Huerta-Cepas. 2021.
      Molecular Biology and Evolution, msab293, https://doi.org/10.1093/molbev/msab293

[2] eggNOG 5.0: a hierarchical, functionally and phylogenetically annotated
      orthology resource based on 5090 organisms and 2502 viruses. Jaime
      Huerta-Cepas, Damian Szklarczyk, Davide Heller, Ana Hernandez-Plaza,
      Sofia K Forslund, Helen Cook, Daniel R Mende, Ivica Letunic, Thomas
      Rattei, Lars J Jensen, Christian von Mering and Peer Bork. Nucleic Acids
      Research, Volume 47, Issue D1, 8 January 2019, Pages D309-D314,
      https://doi.org/10.1093/nar/gky1085 

[3] MMseqs2 enables sensitive protein sequence searching for the analysis of massive data sets.
       Steinegger M & Söding J. 2017. Nat. Biotech. 35, 1026–1028. https://doi.org/10.1038/nbt.3988

e.g. Functional annotation was performed using eggNOG-mapper (version emapper-2.1.12-8b119d7) [1]
 based on eggNOG orthology data [2]. Sequence searches were performed using [3].

================================================================================

Total hits processed: 32647
Total time: 823 secs
FINISHED

========================================
Done in 825s
Species: /home/nizhu/Projects/plantsdb/result/result_imp/species
Homolog: /home/nizhu/Projects/plantsdb/result/result_imp/homolog
========================================
[12:03:23] eggnog: Arabidopsis_lyrata_cv._MN47
========================================
Input:       /DATA/data2/downloads/IMP
Species out: /home/nizhu/Projects/plantsdb/result/result_imp/species
Homolog out: /home/nizhu/Projects/plantsdb/result/result_imp/homolog
Mode:        eggnog
Species:     Arabidopsis_lyrata_cv._MN47
========================================
Found 1 species

[Arabidopsis_lyrata_cv._MN47]
#  emapper-2.1.12-8b119d7
# emapper.py  -i /DATA/data2/downloads/IMP/Arabidopsis_lyrata_cv._MN47/Arabidopsis_lyrata_cv._MN47.prot.fasta -o /home/nizhu/Projects/plantsdb/result/result_imp/species/Arabidopsis_lyrata_cv._MN47/eggnog_work/Arabidopsis_lyrata_cv._MN47 --data_dir /DATA/data2/emapperdb-5.0.2 -m mmseqs --cpu 40 --dbmem --tax_scope Viridiplantae --override --no_file_comments
[1;33m  /home/nizhu/software/miniforge3/envs/biotools/bin/mmseqs createdb '/DATA/data2/downloads/IMP/Arabidopsis_lyrata_cv._MN47/Arabidopsis_lyrata_cv._MN47.prot.fasta' '/home/nizhu/Projects/plantsdb/emappertmp_mmseqs_gmrzvex7/d57b11d5295b41a49c14fa78636a1cd7' --dbtype 1[0m
[1;33m  /home/nizhu/software/miniforge3/envs/biotools/bin/mmseqs search -a true '/home/nizhu/Projects/plantsdb/emappertmp_mmseqs_gmrzvex7/d57b11d5295b41a49c14fa78636a1cd7' '/DATA/data2/emapperdb-5.0.2/mmseqs/mmseqs.db' '/home/nizhu/Projects/plantsdb/emappertmp_mmseqs_gmrzvex7/28cd10ef75a149c7829de84dd1b3435f' '/home/nizhu/Projects/plantsdb/emappertmp_mmseqs_gmrzvex7' --start-sens 3 --sens-steps 3 -s 7 --threads 40[0m
[1;33m  /home/nizhu/software/miniforge3/envs/biotools/bin/mmseqs filterdb '/home/nizhu/Projects/plantsdb/emappertmp_mmseqs_gmrzvex7/28cd10ef75a149c7829de84dd1b3435f' '/home/nizhu/Projects/plantsdb/emappertmp_mmseqs_gmrzvex7/b21a1c87b23a438d845866093509c2cf' --threads 40 --extract-lines 1 [0m
[1;33m  /home/nizhu/software/miniforge3/envs/biotools/bin/mmseqs convertalis '/home/nizhu/Projects/plantsdb/emappertmp_mmseqs_gmrzvex7/d57b11d5295b41a49c14fa78636a1cd7' '/DATA/data2/emapperdb-5.0.2/mmseqs/mmseqs.db' '/home/nizhu/Projects/plantsdb/emappertmp_mmseqs_gmrzvex7/b21a1c87b23a438d845866093509c2cf' '/home/nizhu/Projects/plantsdb/emappertmp_mmseqs_gmrzvex7/b21a1c87b23a438d845866093509c2cf.m8' --threads 40 --format-output "query,target,pident,alnlen,qstart,qend,tstart,tend,evalue,bits,qcov,tcov"[0m
Loading source DB...
[31mWarning: this can take a few minutes and load up to 45GB to RAM. Using --dbmem is recommended to annotate a large number of sequences.[0m
[32mDone[0m
[1;33mResult files:[0m
   /home/nizhu/Projects/plantsdb/result/result_imp/species/Arabidopsis_lyrata_cv._MN47/eggnog_work/Arabidopsis_lyrata_cv._MN47.emapper.hits
   /home/nizhu/Projects/plantsdb/result/result_imp/species/Arabidopsis_lyrata_cv._MN47/eggnog_work/Arabidopsis_lyrata_cv._MN47.emapper.seed_orthologs
   /home/nizhu/Projects/plantsdb/result/result_imp/species/Arabidopsis_lyrata_cv._MN47/eggnog_work/Arabidopsis_lyrata_cv._MN47.emapper.annotations

================================================================================
CITATION:
If you use this software, please cite:

[1] eggNOG-mapper v2: functional annotation, orthology assignments, and domain 
      prediction at the metagenomic scale. Carlos P. Cantalapiedra, 
      Ana Hernandez-Plaza, Ivica Letunic, Peer Bork, Jaime Huerta-Cepas. 2021.
      Molecular Biology and Evolution, msab293, https://doi.org/10.1093/molbev/msab293

[2] eggNOG 5.0: a hierarchical, functionally and phylogenetically annotated
      orthology resource based on 5090 organisms and 2502 viruses. Jaime
      Huerta-Cepas, Damian Szklarczyk, Davide Heller, Ana Hernandez-Plaza,
      Sofia K Forslund, Helen Cook, Daniel R Mende, Ivica Letunic, Thomas
      Rattei, Lars J Jensen, Christian von Mering and Peer Bork. Nucleic Acids
      Research, Volume 47, Issue D1, 8 January 2019, Pages D309-D314,
      https://doi.org/10.1093/nar/gky1085 

[3] MMseqs2 enables sensitive protein sequence searching for the analysis of massive data sets.
       Steinegger M & Söding J. 2017. Nat. Biotech. 35, 1026–1028. https://doi.org/10.1038/nbt.3988

e.g. Functional annotation was performed using eggNOG-mapper (version emapper-2.1.12-8b119d7) [1]
 based on eggNOG orthology data [2]. Sequence searches were performed using [3].

================================================================================

Total hits processed: 26625
Total time: 821 secs
FINISHED

========================================
Done in 825s
Species: /home/nizhu/Projects/plantsdb/result/result_imp/species
Homolog: /home/nizhu/Projects/plantsdb/result/result_imp/homolog
========================================
[12:17:08] eggnog: Arabidopsis_suecica
========================================
Input:       /DATA/data2/downloads/IMP
Species out: /home/nizhu/Projects/plantsdb/result/result_imp/species
Homolog out: /home/nizhu/Projects/plantsdb/result/result_imp/homolog
Mode:        eggnog
Species:     Arabidopsis_suecica
========================================
Found 1 species

[Arabidopsis_suecica]
#  emapper-2.1.12-8b119d7
# emapper.py  -i /DATA/data2/downloads/IMP/Arabidopsis_suecica/Arabidopsis_suecica.prot.fasta -o /home/nizhu/Projects/plantsdb/result/result_imp/species/Arabidopsis_suecica/eggnog_work/Arabidopsis_suecica --data_dir /DATA/data2/emapperdb-5.0.2 -m mmseqs --cpu 40 --dbmem --tax_scope Viridiplantae --override --no_file_comments
[1;33m  /home/nizhu/software/miniforge3/envs/biotools/bin/mmseqs createdb '/DATA/data2/downloads/IMP/Arabidopsis_suecica/Arabidopsis_suecica.prot.fasta' '/home/nizhu/Projects/plantsdb/emappertmp_mmseqs_g6rvhlit/62491f7022ef4889a430cfa1de9af7dd' --dbtype 1[0m
[1;33m  /home/nizhu/software/miniforge3/envs/biotools/bin/mmseqs search -a true '/home/nizhu/Projects/plantsdb/emappertmp_mmseqs_g6rvhlit/62491f7022ef4889a430cfa1de9af7dd' '/DATA/data2/emapperdb-5.0.2/mmseqs/mmseqs.db' '/home/nizhu/Projects/plantsdb/emappertmp_mmseqs_g6rvhlit/7615c8ae7dd040d487b729e5c44c1cc4' '/home/nizhu/Projects/plantsdb/emappertmp_mmseqs_g6rvhlit' --start-sens 3 --sens-steps 3 -s 7 --threads 40[0m
[1;33m  /home/nizhu/software/miniforge3/envs/biotools/bin/mmseqs filterdb '/home/nizhu/Projects/plantsdb/emappertmp_mmseqs_g6rvhlit/7615c8ae7dd040d487b729e5c44c1cc4' '/home/nizhu/Projects/plantsdb/emappertmp_mmseqs_g6rvhlit/92c4d1296db04bc4ab78dd95acc584ee' --threads 40 --extract-lines 1 [0m
[1;33m  /home/nizhu/software/miniforge3/envs/biotools/bin/mmseqs convertalis '/home/nizhu/Projects/plantsdb/emappertmp_mmseqs_g6rvhlit/62491f7022ef4889a430cfa1de9af7dd' '/DATA/data2/emapperdb-5.0.2/mmseqs/mmseqs.db' '/home/nizhu/Projects/plantsdb/emappertmp_mmseqs_g6rvhlit/92c4d1296db04bc4ab78dd95acc584ee' '/home/nizhu/Projects/plantsdb/emappertmp_mmseqs_g6rvhlit/92c4d1296db04bc4ab78dd95acc584ee.m8' --threads 40 --format-output "query,target,pident,alnlen,qstart,qend,tstart,tend,evalue,bits,qcov,tcov"[0m
Loading source DB...
[31mWarning: this can take a few minutes and load up to 45GB to RAM. Using --dbmem is recommended to annotate a large number of sequences.[0m
[32mDone[0m
[1;33mResult files:[0m
   /home/nizhu/Projects/plantsdb/result/result_imp/species/Arabidopsis_suecica/eggnog_work/Arabidopsis_suecica.emapper.hits
   /home/nizhu/Projects/plantsdb/result/result_imp/species/Arabidopsis_suecica/eggnog_work/Arabidopsis_suecica.emapper.seed_orthologs
   /home/nizhu/Projects/plantsdb/result/result_imp/species/Arabidopsis_suecica/eggnog_work/Arabidopsis_suecica.emapper.annotations

================================================================================
CITATION:
If you use this software, please cite:

[1] eggNOG-mapper v2: functional annotation, orthology assignments, and domain 
      prediction at the metagenomic scale. Carlos P. Cantalapiedra, 
      Ana Hernandez-Plaza, Ivica Letunic, Peer Bork, Jaime Huerta-Cepas. 2021.
      Molecular Biology and Evolution, msab293, https://doi.org/10.1093/molbev/msab293

[2] eggNOG 5.0: a hierarchical, functionally and phylogenetically annotated
      orthology resource based on 5090 organisms and 2502 viruses. Jaime
      Huerta-Cepas, Damian Szklarczyk, Davide Heller, Ana Hernandez-Plaza,
      Sofia K Forslund, Helen Cook, Daniel R Mende, Ivica Letunic, Thomas
      Rattei, Lars J Jensen, Christian von Mering and Peer Bork. Nucleic Acids
      Research, Volume 47, Issue D1, 8 January 2019, Pages D309-D314,
      https://doi.org/10.1093/nar/gky1085 

[3] MMseqs2 enables sensitive protein sequence searching for the analysis of massive data sets.
       Steinegger M & Söding J. 2017. Nat. Biotech. 35, 1026–1028. https://doi.org/10.1038/nbt.3988

e.g. Functional annotation was performed using eggNOG-mapper (version emapper-2.1.12-8b119d7) [1]
 based on eggNOG orthology data [2]. Sequence searches were performed using [3].

================================================================================

Total hits processed: 63834
Total time: 1030 secs
FINISHED

========================================
Done in 1034s
Species: /home/nizhu/Projects/plantsdb/result/result_imp/species
Homolog: /home/nizhu/Projects/plantsdb/result/result_imp/homolog
========================================
[12:34:22] eggnog: Arabidopsis_thaliana
========================================
Input:       /DATA/data2/downloads/IMP
Species out: /home/nizhu/Projects/plantsdb/result/result_imp/species
Homolog out: /home/nizhu/Projects/plantsdb/result/result_imp/homolog
Mode:        eggnog
Species:     Arabidopsis_thaliana
========================================
Found 1 species

[Arabidopsis_thaliana]
#  emapper-2.1.12-8b119d7
# emapper.py  -i /DATA/data2/downloads/IMP/Arabidopsis_thaliana/Arabidopsis_thaliana.prot.fasta -o /home/nizhu/Projects/plantsdb/result/result_imp/species/Arabidopsis_thaliana/eggnog_work/Arabidopsis_thaliana --data_dir /DATA/data2/emapperdb-5.0.2 -m mmseqs --cpu 40 --dbmem --tax_scope Viridiplantae --override --no_file_comments
[1;33m  /home/nizhu/software/miniforge3/envs/biotools/bin/mmseqs createdb '/DATA/data2/downloads/IMP/Arabidopsis_thaliana/Arabidopsis_thaliana.prot.fasta' '/home/nizhu/Projects/plantsdb/emappertmp_mmseqs_tkkj29wo/7ff8c79fc088455d8dc33430befad4c4' --dbtype 1[0m
[1;33m  /home/nizhu/software/miniforge3/envs/biotools/bin/mmseqs search -a true '/home/nizhu/Projects/plantsdb/emappertmp_mmseqs_tkkj29wo/7ff8c79fc088455d8dc33430befad4c4' '/DATA/data2/emapperdb-5.0.2/mmseqs/mmseqs.db' '/home/nizhu/Projects/plantsdb/emappertmp_mmseqs_tkkj29wo/edaa265b202245fc90e435cf1ce03567' '/home/nizhu/Projects/plantsdb/emappertmp_mmseqs_tkkj29wo' --start-sens 3 --sens-steps 3 -s 7 --threads 40[0m
[1;33m  /home/nizhu/software/miniforge3/envs/biotools/bin/mmseqs filterdb '/home/nizhu/Projects/plantsdb/emappertmp_mmseqs_tkkj29wo/edaa265b202245fc90e435cf1ce03567' '/home/nizhu/Projects/plantsdb/emappertmp_mmseqs_tkkj29wo/44a099d7b13c44d7b9cb2bd24e525417' --threads 40 --extract-lines 1 [0m
[1;33m  /home/nizhu/software/miniforge3/envs/biotools/bin/mmseqs convertalis '/home/nizhu/Projects/plantsdb/emappertmp_mmseqs_tkkj29wo/7ff8c79fc088455d8dc33430befad4c4' '/DATA/data2/emapperdb-5.0.2/mmseqs/mmseqs.db' '/home/nizhu/Projects/plantsdb/emappertmp_mmseqs_tkkj29wo/44a099d7b13c44d7b9cb2bd24e525417' '/home/nizhu/Projects/plantsdb/emappertmp_mmseqs_tkkj29wo/44a099d7b13c44d7b9cb2bd24e525417.m8' --threads 40 --format-output "query,target,pident,alnlen,qstart,qend,tstart,tend,evalue,bits,qcov,tcov"[0m
Loading source DB...
[31mWarning: this can take a few minutes and load up to 45GB to RAM. Using --dbmem is recommended to annotate a large number of sequences.[0m
[32mDone[0m
[1;33mResult files:[0m
   /home/nizhu/Projects/plantsdb/result/result_imp/species/Arabidopsis_thaliana/eggnog_work/Arabidopsis_thaliana.emapper.hits
   /home/nizhu/Projects/plantsdb/result/result_imp/species/Arabidopsis_thaliana/eggnog_work/Arabidopsis_thaliana.emapper.seed_orthologs
   /home/nizhu/Projects/plantsdb/result/result_imp/species/Arabidopsis_thaliana/eggnog_work/Arabidopsis_thaliana.emapper.annotations

================================================================================
CITATION:
If you use this software, please cite:

[1] eggNOG-mapper v2: functional annotation, orthology assignments, and domain 
      prediction at the metagenomic scale. Carlos P. Cantalapiedra, 
      Ana Hernandez-Plaza, Ivica Letunic, Peer Bork, Jaime Huerta-Cepas. 2021.
      Molecular Biology and Evolution, msab293, https://doi.org/10.1093/molbev/msab293

[2] eggNOG 5.0: a hierarchical, functionally and phylogenetically annotated
      orthology resource based on 5090 organisms and 2502 viruses. Jaime
      Huerta-Cepas, Damian Szklarczyk, Davide Heller, Ana Hernandez-Plaza,
      Sofia K Forslund, Helen Cook, Daniel R Mende, Ivica Letunic, Thomas
      Rattei, Lars J Jensen, Christian von Mering and Peer Bork. Nucleic Acids
      Research, Volume 47, Issue D1, 8 January 2019, Pages D309-D314,
      https://doi.org/10.1093/nar/gky1085 

[3] MMseqs2 enables sensitive protein sequence searching for the analysis of massive data sets.
       Steinegger M & Söding J. 2017. Nat. Biotech. 35, 1026–1028. https://doi.org/10.1038/nbt.3988

e.g. Functional annotation was performed using eggNOG-mapper (version emapper-2.1.12-8b119d7) [1]
 based on eggNOG orthology data [2]. Sequence searches were performed using [3].

================================================================================

Total hits processed: 47923
Total time: 995 secs
FINISHED

========================================
Done in 998s
Species: /home/nizhu/Projects/plantsdb/result/result_imp/species
Homolog: /home/nizhu/Projects/plantsdb/result/result_imp/homolog
========================================
[12:51:00] eggnog: Arabis_alpina
========================================
Input:       /DATA/data2/downloads/IMP
Species out: /home/nizhu/Projects/plantsdb/result/result_imp/species
Homolog out: /home/nizhu/Projects/plantsdb/result/result_imp/homolog
Mode:        eggnog
Species:     Arabis_alpina
========================================
Found 1 species

[Arabis_alpina]
#  emapper-2.1.12-8b119d7
# emapper.py  -i /DATA/data2/downloads/IMP/Arabis_alpina/Arabis_alpina.prot.fasta -o /home/nizhu/Projects/plantsdb/result/result_imp/species/Arabis_alpina/eggnog_work/Arabis_alpina --data_dir /DATA/data2/emapperdb-5.0.2 -m mmseqs --cpu 40 --dbmem --tax_scope Viridiplantae --override --no_file_comments
[1;33m  /home/nizhu/software/miniforge3/envs/biotools/bin/mmseqs createdb '/DATA/data2/downloads/IMP/Arabis_alpina/Arabis_alpina.prot.fasta' '/home/nizhu/Projects/plantsdb/emappertmp_mmseqs_ww_6kc7t/43ad215f9fb94d4580e7193e8683031c' --dbtype 1[0m
[1;33m  /home/nizhu/software/miniforge3/envs/biotools/bin/mmseqs search -a true '/home/nizhu/Projects/plantsdb/emappertmp_mmseqs_ww_6kc7t/43ad215f9fb94d4580e7193e8683031c' '/DATA/data2/emapperdb-5.0.2/mmseqs/mmseqs.db' '/home/nizhu/Projects/plantsdb/emappertmp_mmseqs_ww_6kc7t/0aa28a5e65664cafb109d42f37de499f' '/home/nizhu/Projects/plantsdb/emappertmp_mmseqs_ww_6kc7t' --start-sens 3 --sens-steps 3 -s 7 --threads 40[0m
[1;33m  /home/nizhu/software/miniforge3/envs/biotools/bin/mmseqs filterdb '/home/nizhu/Projects/plantsdb/emappertmp_mmseqs_ww_6kc7t/0aa28a5e65664cafb109d42f37de499f' '/home/nizhu/Projects/plantsdb/emappertmp_mmseqs_ww_6kc7t/f17ab5b2293347c2a0a5aa84f405ac0f' --threads 40 --extract-lines 1 [0m
[1;33m  /home/nizhu/software/miniforge3/envs/biotools/bin/mmseqs convertalis '/home/nizhu/Projects/plantsdb/emappertmp_mmseqs_ww_6kc7t/43ad215f9fb94d4580e7193e8683031c' '/DATA/data2/emapperdb-5.0.2/mmseqs/mmseqs.db' '/home/nizhu/Projects/plantsdb/emappertmp_mmseqs_ww_6kc7t/f17ab5b2293347c2a0a5aa84f405ac0f' '/home/nizhu/Projects/plantsdb/emappertmp_mmseqs_ww_6kc7t/f17ab5b2293347c2a0a5aa84f405ac0f.m8' --threads 40 --format-output "query,target,pident,alnlen,qstart,qend,tstart,tend,evalue,bits,qcov,tcov"[0m
Loading source DB...
[31mWarning: this can take a few minutes and load up to 45GB to RAM. Using --dbmem is recommended to annotate a large number of sequences.[0m
[32mDone[0m
[1;33mResult files:[0m
   /home/nizhu/Projects/plantsdb/result/result_imp/species/Arabis_alpina/eggnog_work/Arabis_alpina.emapper.hits
   /home/nizhu/Projects/plantsdb/result/result_imp/species/Arabis_alpina/eggnog_work/Arabis_alpina.emapper.seed_orthologs
   /home/nizhu/Projects/plantsdb/result/result_imp/species/Arabis_alpina/eggnog_work/Arabis_alpina.emapper.annotations

================================================================================
CITATION:
If you use this software, please cite:

[1] eggNOG-mapper v2: functional annotation, orthology assignments, and domain 
      prediction at the metagenomic scale. Carlos P. Cantalapiedra, 
      Ana Hernandez-Plaza, Ivica Letunic, Peer Bork, Jaime Huerta-Cepas. 2021.
      Molecular Biology and Evolution, msab293, https://doi.org/10.1093/molbev/msab293

[2] eggNOG 5.0: a hierarchical, functionally and phylogenetically annotated
      orthology resource based on 5090 organisms and 2502 viruses. Jaime
      Huerta-Cepas, Damian Szklarczyk, Davide Heller, Ana Hernandez-Plaza,
      Sofia K Forslund, Helen Cook, Daniel R Mende, Ivica Letunic, Thomas
      Rattei, Lars J Jensen, Christian von Mering and Peer Bork. Nucleic Acids
      Research, Volume 47, Issue D1, 8 January 2019, Pages D309-D314,
      https://doi.org/10.1093/nar/gky1085 

[3] MMseqs2 enables sensitive protein sequence searching for the analysis of massive data sets.
       Steinegger M & Söding J. 2017. Nat. Biotech. 35, 1026–1028. https://doi.org/10.1038/nbt.3988

e.g. Functional annotation was performed using eggNOG-mapper (version emapper-2.1.12-8b119d7) [1]
 based on eggNOG orthology data [2]. Sequence searches were performed using [3].

================================================================================

Total hits processed: 23239
Total time: 776 secs
FINISHED

========================================
Done in 778s
Species: /home/nizhu/Projects/plantsdb/result/result_imp/species
Homolog: /home/nizhu/Projects/plantsdb/result/result_imp/homolog
========================================
[13:03:58] eggnog: Arabis_montbretiana
========================================
Input:       /DATA/data2/downloads/IMP
Species out: /home/nizhu/Projects/plantsdb/result/result_imp/species
Homolog out: /home/nizhu/Projects/plantsdb/result/result_imp/homolog
Mode:        eggnog
Species:     Arabis_montbretiana
========================================
Found 1 species

[Arabis_montbretiana]
#  emapper-2.1.12-8b119d7
# emapper.py  -i /DATA/data2/downloads/IMP/Arabis_montbretiana/Arabis_montbretiana.prot.fasta -o /home/nizhu/Projects/plantsdb/result/result_imp/species/Arabis_montbretiana/eggnog_work/Arabis_montbretiana --data_dir /DATA/data2/emapperdb-5.0.2 -m mmseqs --cpu 40 --dbmem --tax_scope Viridiplantae --override --no_file_comments
[1;33m  /home/nizhu/software/miniforge3/envs/biotools/bin/mmseqs createdb '/DATA/data2/downloads/IMP/Arabis_montbretiana/Arabis_montbretiana.prot.fasta' '/home/nizhu/Projects/plantsdb/emappertmp_mmseqs_5phernao/1abea10b0d084a4e909a683edc6180e6' --dbtype 1[0m
[1;33m  /home/nizhu/software/miniforge3/envs/biotools/bin/mmseqs search -a true '/home/nizhu/Projects/plantsdb/emappertmp_mmseqs_5phernao/1abea10b0d084a4e909a683edc6180e6' '/DATA/data2/emapperdb-5.0.2/mmseqs/mmseqs.db' '/home/nizhu/Projects/plantsdb/emappertmp_mmseqs_5phernao/752199cbb74e4edebe559756711d7c40' '/home/nizhu/Projects/plantsdb/emappertmp_mmseqs_5phernao' --start-sens 3 --sens-steps 3 -s 7 --threads 40[0m
[1;33m  /home/nizhu/software/miniforge3/envs/biotools/bin/mmseqs filterdb '/home/nizhu/Projects/plantsdb/emappertmp_mmseqs_5phernao/752199cbb74e4edebe559756711d7c40' '/home/nizhu/Projects/plantsdb/emappertmp_mmseqs_5phernao/5864d3e2cbc74e69adaae39532146ebc' --threads 40 --extract-lines 1 [0m
[1;33m  /home/nizhu/software/miniforge3/envs/biotools/bin/mmseqs convertalis '/home/nizhu/Projects/plantsdb/emappertmp_mmseqs_5phernao/1abea10b0d084a4e909a683edc6180e6' '/DATA/data2/emapperdb-5.0.2/mmseqs/mmseqs.db' '/home/nizhu/Projects/plantsdb/emappertmp_mmseqs_5phernao/5864d3e2cbc74e69adaae39532146ebc' '/home/nizhu/Projects/plantsdb/emappertmp_mmseqs_5phernao/5864d3e2cbc74e69adaae39532146ebc.m8' --threads 40 --format-output "query,target,pident,alnlen,qstart,qend,tstart,tend,evalue,bits,qcov,tcov"[0m
Loading source DB...
[31mWarning: this can take a few minutes and load up to 45GB to RAM. Using --dbmem is recommended to annotate a large number of sequences.[0m
[32mDone[0m
[1;33mResult files:[0m
   /home/nizhu/Projects/plantsdb/result/result_imp/species/Arabis_montbretiana/eggnog_work/Arabis_montbretiana.emapper.hits
   /home/nizhu/Projects/plantsdb/result/result_imp/species/Arabis_montbretiana/eggnog_work/Arabis_montbretiana.emapper.seed_orthologs
   /home/nizhu/Projects/plantsdb/result/result_imp/species/Arabis_montbretiana/eggnog_work/Arabis_montbretiana.emapper.annotations

================================================================================
CITATION:
If you use this software, please cite:

[1] eggNOG-mapper v2: functional annotation, orthology assignments, and domain 
      prediction at the metagenomic scale. Carlos P. Cantalapiedra, 
      Ana Hernandez-Plaza, Ivica Letunic, Peer Bork, Jaime Huerta-Cepas. 2021.
      Molecular Biology and Evolution, msab293, https://doi.org/10.1093/molbev/msab293

[2] eggNOG 5.0: a hierarchical, functionally and phylogenetically annotated
      orthology resource based on 5090 organisms and 2502 viruses. Jaime
      Huerta-Cepas, Damian Szklarczyk, Davide Heller, Ana Hernandez-Plaza,
      Sofia K Forslund, Helen Cook, Daniel R Mende, Ivica Letunic, Thomas
      Rattei, Lars J Jensen, Christian von Mering and Peer Bork. Nucleic Acids
      Research, Volume 47, Issue D1, 8 January 2019, Pages D309-D314,
      https://doi.org/10.1093/nar/gky1085 

[3] MMseqs2 enables sensitive protein sequence searching for the analysis of massive data sets.
       Steinegger M & Söding J. 2017. Nat. Biotech. 35, 1026–1028. https://doi.org/10.1038/nbt.3988

e.g. Functional annotation was performed using eggNOG-mapper (version emapper-2.1.12-8b119d7) [1]
 based on eggNOG orthology data [2]. Sequence searches were performed using [3].

================================================================================

Total hits processed: 50537
Total time: 919 secs
FINISHED

========================================
Done in 922s
Species: /home/nizhu/Projects/plantsdb/result/result_imp/species
Homolog: /home/nizhu/Projects/plantsdb/result/result_imp/homolog
========================================
[13:19:20] eggnog: Arachis_cardenasii
========================================
Input:       /DATA/data2/downloads/IMP
Species out: /home/nizhu/Projects/plantsdb/result/result_imp/species
Homolog out: /home/nizhu/Projects/plantsdb/result/result_imp/homolog
Mode:        eggnog
Species:     Arachis_cardenasii
========================================
Found 1 species

[Arachis_cardenasii]
#  emapper-2.1.12-8b119d7
# emapper.py  -i /DATA/data2/downloads/IMP/Arachis_cardenasii/Arachis_cardenasii.prot.fasta -o /home/nizhu/Projects/plantsdb/result/result_imp/species/Arachis_cardenasii/eggnog_work/Arachis_cardenasii --data_dir /DATA/data2/emapperdb-5.0.2 -m mmseqs --cpu 40 --dbmem --tax_scope Viridiplantae --override --no_file_comments
[1;33m  /home/nizhu/software/miniforge3/envs/biotools/bin/mmseqs createdb '/DATA/data2/downloads/IMP/Arachis_cardenasii/Arachis_cardenasii.prot.fasta' '/home/nizhu/Projects/plantsdb/emappertmp_mmseqs_kv84f_d4/c7ff59856dc949168251b90051d81ceb' --dbtype 1[0m
[1;33m  /home/nizhu/software/miniforge3/envs/biotools/bin/mmseqs search -a true '/home/nizhu/Projects/plantsdb/emappertmp_mmseqs_kv84f_d4/c7ff59856dc949168251b90051d81ceb' '/DATA/data2/emapperdb-5.0.2/mmseqs/mmseqs.db' '/home/nizhu/Projects/plantsdb/emappertmp_mmseqs_kv84f_d4/2f2b6c122c7f462d9d42a74206491ee5' '/home/nizhu/Projects/plantsdb/emappertmp_mmseqs_kv84f_d4' --start-sens 3 --sens-steps 3 -s 7 --threads 40[0m
[1;33m  /home/nizhu/software/miniforge3/envs/biotools/bin/mmseqs filterdb '/home/nizhu/Projects/plantsdb/emappertmp_mmseqs_kv84f_d4/2f2b6c122c7f462d9d42a74206491ee5' '/home/nizhu/Projects/plantsdb/emappertmp_mmseqs_kv84f_d4/6af00c53e6a34a84a7dc6aba4dfe1a33' --threads 40 --extract-lines 1 [0m
[1;33m  /home/nizhu/software/miniforge3/envs/biotools/bin/mmseqs convertalis '/home/nizhu/Projects/plantsdb/emappertmp_mmseqs_kv84f_d4/c7ff59856dc949168251b90051d81ceb' '/DATA/data2/emapperdb-5.0.2/mmseqs/mmseqs.db' '/home/nizhu/Projects/plantsdb/emappertmp_mmseqs_kv84f_d4/6af00c53e6a34a84a7dc6aba4dfe1a33' '/home/nizhu/Projects/plantsdb/emappertmp_mmseqs_kv84f_d4/6af00c53e6a34a84a7dc6aba4dfe1a33.m8' --threads 40 --format-output "query,target,pident,alnlen,qstart,qend,tstart,tend,evalue,bits,qcov,tcov"[0m
Loading source DB...
[31mWarning: this can take a few minutes and load up to 45GB to RAM. Using --dbmem is recommended to annotate a large number of sequences.[0m
[32mDone[0m
[1;33mResult files:[0m
   /home/nizhu/Projects/plantsdb/result/result_imp/species/Arachis_cardenasii/eggnog_work/Arachis_cardenasii.emapper.hits
   /home/nizhu/Projects/plantsdb/result/result_imp/species/Arachis_cardenasii/eggnog_work/Arachis_cardenasii.emapper.seed_orthologs
   /home/nizhu/Projects/plantsdb/result/result_imp/species/Arachis_cardenasii/eggnog_work/Arachis_cardenasii.emapper.annotations

================================================================================
CITATION:
If you use this software, please cite:

[1] eggNOG-mapper v2: functional annotation, orthology assignments, and domain 
      prediction at the metagenomic scale. Carlos P. Cantalapiedra, 
      Ana Hernandez-Plaza, Ivica Letunic, Peer Bork, Jaime Huerta-Cepas. 2021.
      Molecular Biology and Evolution, msab293, https://doi.org/10.1093/molbev/msab293

[2] eggNOG 5.0: a hierarchical, functionally and phylogenetically annotated
      orthology resource based on 5090 organisms and 2502 viruses. Jaime
      Huerta-Cepas, Damian Szklarczyk, Davide Heller, Ana Hernandez-Plaza,
      Sofia K Forslund, Helen Cook, Daniel R Mende, Ivica Letunic, Thomas
      Rattei, Lars J Jensen, Christian von Mering and Peer Bork. Nucleic Acids
      Research, Volume 47, Issue D1, 8 January 2019, Pages D309-D314,
      https://doi.org/10.1093/nar/gky1085 

[3] MMseqs2 enables sensitive protein sequence searching for the analysis of massive data sets.
       Steinegger M & Söding J. 2017. Nat. Biotech. 35, 1026–1028. https://doi.org/10.1038/nbt.3988

e.g. Functional annotation was performed using eggNOG-mapper (version emapper-2.1.12-8b119d7) [1]
 based on eggNOG orthology data [2]. Sequence searches were performed using [3].

================================================================================

Total hits processed: 124504
Total time: 1782 secs
FINISHED

========================================
Done in 1787s
Species: /home/nizhu/Projects/plantsdb/result/result_imp/species
Homolog: /home/nizhu/Projects/plantsdb/result/result_imp/homolog
========================================
[13:49:07] eggnog: Arachis_duranensis
========================================
Input:       /DATA/data2/downloads/IMP
Species out: /home/nizhu/Projects/plantsdb/result/result_imp/species
Homolog out: /home/nizhu/Projects/plantsdb/result/result_imp/homolog
Mode:        eggnog
Species:     Arachis_duranensis
========================================
Found 1 species

[Arachis_duranensis]
#  emapper-2.1.12-8b119d7
# emapper.py  -i /DATA/data2/downloads/IMP/Arachis_duranensis/Arachis_duranensis.prot.fasta -o /home/nizhu/Projects/plantsdb/result/result_imp/species/Arachis_duranensis/eggnog_work/Arachis_duranensis --data_dir /DATA/data2/emapperdb-5.0.2 -m mmseqs --cpu 40 --dbmem --tax_scope Viridiplantae --override --no_file_comments
[1;33m  /home/nizhu/software/miniforge3/envs/biotools/bin/mmseqs createdb '/DATA/data2/downloads/IMP/Arachis_duranensis/Arachis_duranensis.prot.fasta' '/home/nizhu/Projects/plantsdb/emappertmp_mmseqs_zxbtwzlw/befd3db49a4b4afea2e584da3ab0b58e' --dbtype 1[0m
[1;33m  /home/nizhu/software/miniforge3/envs/biotools/bin/mmseqs search -a true '/home/nizhu/Projects/plantsdb/emappertmp_mmseqs_zxbtwzlw/befd3db49a4b4afea2e584da3ab0b58e' '/DATA/data2/emapperdb-5.0.2/mmseqs/mmseqs.db' '/home/nizhu/Projects/plantsdb/emappertmp_mmseqs_zxbtwzlw/9200c2d19d49465bb764a6647d59d5a3' '/home/nizhu/Projects/plantsdb/emappertmp_mmseqs_zxbtwzlw' --start-sens 3 --sens-steps 3 -s 7 --threads 40[0m
[1;33m  /home/nizhu/software/miniforge3/envs/biotools/bin/mmseqs filterdb '/home/nizhu/Projects/plantsdb/emappertmp_mmseqs_zxbtwzlw/9200c2d19d49465bb764a6647d59d5a3' '/home/nizhu/Projects/plantsdb/emappertmp_mmseqs_zxbtwzlw/2f7891e0a9d046de9fdaa5023ec0f704' --threads 40 --extract-lines 1 [0m
[1;33m  /home/nizhu/software/miniforge3/envs/biotools/bin/mmseqs convertalis '/home/nizhu/Projects/plantsdb/emappertmp_mmseqs_zxbtwzlw/befd3db49a4b4afea2e584da3ab0b58e' '/DATA/data2/emapperdb-5.0.2/mmseqs/mmseqs.db' '/home/nizhu/Projects/plantsdb/emappertmp_mmseqs_zxbtwzlw/2f7891e0a9d046de9fdaa5023ec0f704' '/home/nizhu/Projects/plantsdb/emappertmp_mmseqs_zxbtwzlw/2f7891e0a9d046de9fdaa5023ec0f704.m8' --threads 40 --format-output "query,target,pident,alnlen,qstart,qend,tstart,tend,evalue,bits,qcov,tcov"[0m
Loading source DB...
[31mWarning: this can take a few minutes and load up to 45GB to RAM. Using --dbmem is recommended to annotate a large number of sequences.[0m
[32mDone[0m
[1;33mResult files:[0m
   /home/nizhu/Projects/plantsdb/result/result_imp/species/Arachis_duranensis/eggnog_work/Arachis_duranensis.emapper.hits
   /home/nizhu/Projects/plantsdb/result/result_imp/species/Arachis_duranensis/eggnog_work/Arachis_duranensis.emapper.seed_orthologs
   /home/nizhu/Projects/plantsdb/result/result_imp/species/Arachis_duranensis/eggnog_work/Arachis_duranensis.emapper.annotations

================================================================================
CITATION:
If you use this software, please cite:

[1] eggNOG-mapper v2: functional annotation, orthology assignments, and domain 
      prediction at the metagenomic scale. Carlos P. Cantalapiedra, 
      Ana Hernandez-Plaza, Ivica Letunic, Peer Bork, Jaime Huerta-Cepas. 2021.
      Molecular Biology and Evolution, msab293, https://doi.org/10.1093/molbev/msab293

[2] eggNOG 5.0: a hierarchical, functionally and phylogenetically annotated
      orthology resource based on 5090 organisms and 2502 viruses. Jaime
      Huerta-Cepas, Damian Szklarczyk, Davide Heller, Ana Hernandez-Plaza,
      Sofia K Forslund, Helen Cook, Daniel R Mende, Ivica Letunic, Thomas
      Rattei, Lars J Jensen, Christian von Mering and Peer Bork. Nucleic Acids
      Research, Volume 47, Issue D1, 8 January 2019, Pages D309-D314,
      https://doi.org/10.1093/nar/gky1085 

[3] MMseqs2 enables sensitive protein sequence searching for the analysis of massive data sets.
       Steinegger M & Söding J. 2017. Nat. Biotech. 35, 1026–1028. https://doi.org/10.1038/nbt.3988

e.g. Functional annotation was performed using eggNOG-mapper (version emapper-2.1.12-8b119d7) [1]
 based on eggNOG orthology data [2]. Sequence searches were performed using [3].

================================================================================

Total hits processed: 43761
Total time: 944 secs
FINISHED

========================================
Done in 947s
Species: /home/nizhu/Projects/plantsdb/result/result_imp/species
Homolog: /home/nizhu/Projects/plantsdb/result/result_imp/homolog
========================================
[14:04:54] eggnog: Arachis_hypogaea
========================================
Input:       /DATA/data2/downloads/IMP
Species out: /home/nizhu/Projects/plantsdb/result/result_imp/species
Homolog out: /home/nizhu/Projects/plantsdb/result/result_imp/homolog
Mode:        eggnog
Species:     Arachis_hypogaea
========================================
Found 1 species

[Arachis_hypogaea]
#  emapper-2.1.12-8b119d7
# emapper.py  -i /DATA/data2/downloads/IMP/Arachis_hypogaea/Arachis_hypogaea.prot.fasta -o /home/nizhu/Projects/plantsdb/result/result_imp/species/Arachis_hypogaea/eggnog_work/Arachis_hypogaea --data_dir /DATA/data2/emapperdb-5.0.2 -m mmseqs --cpu 40 --dbmem --tax_scope Viridiplantae --override --no_file_comments
[1;33m  /home/nizhu/software/miniforge3/envs/biotools/bin/mmseqs createdb '/DATA/data2/downloads/IMP/Arachis_hypogaea/Arachis_hypogaea.prot.fasta' '/home/nizhu/Projects/plantsdb/emappertmp_mmseqs_yuu7kt7o/7c845c49cd21473fa966715df44a5a26' --dbtype 1[0m
[1;33m  /home/nizhu/software/miniforge3/envs/biotools/bin/mmseqs search -a true '/home/nizhu/Projects/plantsdb/emappertmp_mmseqs_yuu7kt7o/7c845c49cd21473fa966715df44a5a26' '/DATA/data2/emapperdb-5.0.2/mmseqs/mmseqs.db' '/home/nizhu/Projects/plantsdb/emappertmp_mmseqs_yuu7kt7o/70426367c2d6431eba79b99e8d903092' '/home/nizhu/Projects/plantsdb/emappertmp_mmseqs_yuu7kt7o' --start-sens 3 --sens-steps 3 -s 7 --threads 40[0m
[1;33m  /home/nizhu/software/miniforge3/envs/biotools/bin/mmseqs filterdb '/home/nizhu/Projects/plantsdb/emappertmp_mmseqs_yuu7kt7o/70426367c2d6431eba79b99e8d903092' '/home/nizhu/Projects/plantsdb/emappertmp_mmseqs_yuu7kt7o/aca5b8e72f4540a5ac7234d02c7e433c' --threads 40 --extract-lines 1 [0m
[1;33m  /home/nizhu/software/miniforge3/envs/biotools/bin/mmseqs convertalis '/home/nizhu/Projects/plantsdb/emappertmp_mmseqs_yuu7kt7o/7c845c49cd21473fa966715df44a5a26' '/DATA/data2/emapperdb-5.0.2/mmseqs/mmseqs.db' '/home/nizhu/Projects/plantsdb/emappertmp_mmseqs_yuu7kt7o/aca5b8e72f4540a5ac7234d02c7e433c' '/home/nizhu/Projects/plantsdb/emappertmp_mmseqs_yuu7kt7o/aca5b8e72f4540a5ac7234d02c7e433c.m8' --threads 40 --format-output "query,target,pident,alnlen,qstart,qend,tstart,tend,evalue,bits,qcov,tcov"[0m
Loading source DB...
[31mWarning: this can take a few minutes and load up to 45GB to RAM. Using --dbmem is recommended to annotate a large number of sequences.[0m
[32mDone[0m
[1;33mResult files:[0m
   /home/nizhu/Projects/plantsdb/result/result_imp/species/Arachis_hypogaea/eggnog_work/Arachis_hypogaea.emapper.hits
   /home/nizhu/Projects/plantsdb/result/result_imp/species/Arachis_hypogaea/eggnog_work/Arachis_hypogaea.emapper.seed_orthologs
   /home/nizhu/Projects/plantsdb/result/result_imp/species/Arachis_hypogaea/eggnog_work/Arachis_hypogaea.emapper.annotations

================================================================================
CITATION:
If you use this software, please cite:

[1] eggNOG-mapper v2: functional annotation, orthology assignments, and domain 
      prediction at the metagenomic scale. Carlos P. Cantalapiedra, 
      Ana Hernandez-Plaza, Ivica Letunic, Peer Bork, Jaime Huerta-Cepas. 2021.
      Molecular Biology and Evolution, msab293, https://doi.org/10.1093/molbev/msab293

[2] eggNOG 5.0: a hierarchical, functionally and phylogenetically annotated
      orthology resource based on 5090 organisms and 2502 viruses. Jaime
      Huerta-Cepas, Damian Szklarczyk, Davide Heller, Ana Hernandez-Plaza,
      Sofia K Forslund, Helen Cook, Daniel R Mende, Ivica Letunic, Thomas
      Rattei, Lars J Jensen, Christian von Mering and Peer Bork. Nucleic Acids
      Research, Volume 47, Issue D1, 8 January 2019, Pages D309-D314,
      https://doi.org/10.1093/nar/gky1085 

[3] MMseqs2 enables sensitive protein sequence searching for the analysis of massive data sets.
       Steinegger M & Söding J. 2017. Nat. Biotech. 35, 1026–1028. https://doi.org/10.1038/nbt.3988

e.g. Functional annotation was performed using eggNOG-mapper (version emapper-2.1.12-8b119d7) [1]
 based on eggNOG orthology data [2]. Sequence searches were performed using [3].

================================================================================

Total hits processed: 77483
Total time: 1205 secs
FINISHED

========================================
Done in 1209s
Species: /home/nizhu/Projects/plantsdb/result/result_imp/species
Homolog: /home/nizhu/Projects/plantsdb/result/result_imp/homolog
========================================
[14:25:03] eggnog: Arachis_ipaensis
========================================
Input:       /DATA/data2/downloads/IMP
Species out: /home/nizhu/Projects/plantsdb/result/result_imp/species
Homolog out: /home/nizhu/Projects/plantsdb/result/result_imp/homolog
Mode:        eggnog
Species:     Arachis_ipaensis
========================================
Found 1 species

[Arachis_ipaensis]
#  emapper-2.1.12-8b119d7
# emapper.py  -i /DATA/data2/downloads/IMP/Arachis_ipaensis/Arachis_ipaensis.prot.fasta -o /home/nizhu/Projects/plantsdb/result/result_imp/species/Arachis_ipaensis/eggnog_work/Arachis_ipaensis --data_dir /DATA/data2/emapperdb-5.0.2 -m mmseqs --cpu 40 --dbmem --tax_scope Viridiplantae --override --no_file_comments
[1;33m  /home/nizhu/software/miniforge3/envs/biotools/bin/mmseqs createdb '/DATA/data2/downloads/IMP/Arachis_ipaensis/Arachis_ipaensis.prot.fasta' '/home/nizhu/Projects/plantsdb/emappertmp_mmseqs_8_ub9juc/5cd59b3245be4d1a8d4ecf25546d007e' --dbtype 1[0m
[1;33m  /home/nizhu/software/miniforge3/envs/biotools/bin/mmseqs search -a true '/home/nizhu/Projects/plantsdb/emappertmp_mmseqs_8_ub9juc/5cd59b3245be4d1a8d4ecf25546d007e' '/DATA/data2/emapperdb-5.0.2/mmseqs/mmseqs.db' '/home/nizhu/Projects/plantsdb/emappertmp_mmseqs_8_ub9juc/f17cc8884e8845f4ac01db73355b5c42' '/home/nizhu/Projects/plantsdb/emappertmp_mmseqs_8_ub9juc' --start-sens 3 --sens-steps 3 -s 7 --threads 40[0m
[1;33m  /home/nizhu/software/miniforge3/envs/biotools/bin/mmseqs filterdb '/home/nizhu/Projects/plantsdb/emappertmp_mmseqs_8_ub9juc/f17cc8884e8845f4ac01db73355b5c42' '/home/nizhu/Projects/plantsdb/emappertmp_mmseqs_8_ub9juc/7963cec6f7ed4a1591452cbd9fb1bf23' --threads 40 --extract-lines 1 [0m
[1;33m  /home/nizhu/software/miniforge3/envs/biotools/bin/mmseqs convertalis '/home/nizhu/Projects/plantsdb/emappertmp_mmseqs_8_ub9juc/5cd59b3245be4d1a8d4ecf25546d007e' '/DATA/data2/emapperdb-5.0.2/mmseqs/mmseqs.db' '/home/nizhu/Projects/plantsdb/emappertmp_mmseqs_8_ub9juc/7963cec6f7ed4a1591452cbd9fb1bf23' '/home/nizhu/Projects/plantsdb/emappertmp_mmseqs_8_ub9juc/7963cec6f7ed4a1591452cbd9fb1bf23.m8' --threads 40 --format-output "query,target,pident,alnlen,qstart,qend,tstart,tend,evalue,bits,qcov,tcov"[0m
Loading source DB...
[31mWarning: this can take a few minutes and load up to 45GB to RAM. Using --dbmem is recommended to annotate a large number of sequences.[0m
[32mDone[0m
[1;33mResult files:[0m
   /home/nizhu/Projects/plantsdb/result/result_imp/species/Arachis_ipaensis/eggnog_work/Arachis_ipaensis.emapper.hits
   /home/nizhu/Projects/plantsdb/result/result_imp/species/Arachis_ipaensis/eggnog_work/Arachis_ipaensis.emapper.seed_orthologs
   /home/nizhu/Projects/plantsdb/result/result_imp/species/Arachis_ipaensis/eggnog_work/Arachis_ipaensis.emapper.annotations

================================================================================
CITATION:
If you use this software, please cite:

[1] eggNOG-mapper v2: functional annotation, orthology assignments, and domain 
      prediction at the metagenomic scale. Carlos P. Cantalapiedra, 
      Ana Hernandez-Plaza, Ivica Letunic, Peer Bork, Jaime Huerta-Cepas. 2021.
      Molecular Biology and Evolution, msab293, https://doi.org/10.1093/molbev/msab293

[2] eggNOG 5.0: a hierarchical, functionally and phylogenetically annotated
      orthology resource based on 5090 organisms and 2502 viruses. Jaime
      Huerta-Cepas, Damian Szklarczyk, Davide Heller, Ana Hernandez-Plaza,
      Sofia K Forslund, Helen Cook, Daniel R Mende, Ivica Letunic, Thomas
      Rattei, Lars J Jensen, Christian von Mering and Peer Bork. Nucleic Acids
      Research, Volume 47, Issue D1, 8 January 2019, Pages D309-D314,
      https://doi.org/10.1093/nar/gky1085 

[3] MMseqs2 enables sensitive protein sequence searching for the analysis of massive data sets.
       Steinegger M & Söding J. 2017. Nat. Biotech. 35, 1026–1028. https://doi.org/10.1038/nbt.3988

e.g. Functional annotation was performed using eggNOG-mapper (version emapper-2.1.12-8b119d7) [1]
 based on eggNOG orthology data [2]. Sequence searches were performed using [3].

================================================================================

Total hits processed: 55170
Total time: 1030 secs
FINISHED

========================================
Done in 1043s
Species: /home/nizhu/Projects/plantsdb/result/result_imp/species
Homolog: /home/nizhu/Projects/plantsdb/result/result_imp/homolog
========================================
[14:42:26] eggnog: Arachis_monticola
========================================
Input:       /DATA/data2/downloads/IMP
Species out: /home/nizhu/Projects/plantsdb/result/result_imp/species
Homolog out: /home/nizhu/Projects/plantsdb/result/result_imp/homolog
Mode:        eggnog
Species:     Arachis_monticola
========================================
Found 1 species

[Arachis_monticola]
#  emapper-2.1.12-8b119d7
# emapper.py  -i /DATA/data2/downloads/IMP/Arachis_monticola/Arachis_monticola.prot.fasta -o /home/nizhu/Projects/plantsdb/result/result_imp/species/Arachis_monticola/eggnog_work/Arachis_monticola --data_dir /DATA/data2/emapperdb-5.0.2 -m mmseqs --cpu 40 --dbmem --tax_scope Viridiplantae --override --no_file_comments
[1;33m  /home/nizhu/software/miniforge3/envs/biotools/bin/mmseqs createdb '/DATA/data2/downloads/IMP/Arachis_monticola/Arachis_monticola.prot.fasta' '/home/nizhu/Projects/plantsdb/emappertmp_mmseqs_dsh9yxvu/51e9cf84177e4ad0bbe62db75d176ded' --dbtype 1[0m
[1;33m  /home/nizhu/software/miniforge3/envs/biotools/bin/mmseqs search -a true '/home/nizhu/Projects/plantsdb/emappertmp_mmseqs_dsh9yxvu/51e9cf84177e4ad0bbe62db75d176ded' '/DATA/data2/emapperdb-5.0.2/mmseqs/mmseqs.db' '/home/nizhu/Projects/plantsdb/emappertmp_mmseqs_dsh9yxvu/efde41b2c6754931b8f5eedfdbc61ac6' '/home/nizhu/Projects/plantsdb/emappertmp_mmseqs_dsh9yxvu' --start-sens 3 --sens-steps 3 -s 7 --threads 40[0m
[1;33m  /home/nizhu/software/miniforge3/envs/biotools/bin/mmseqs filterdb '/home/nizhu/Projects/plantsdb/emappertmp_mmseqs_dsh9yxvu/efde41b2c6754931b8f5eedfdbc61ac6' '/home/nizhu/Projects/plantsdb/emappertmp_mmseqs_dsh9yxvu/17c44879544e4eeb8dfe6714b75ed5ab' --threads 40 --extract-lines 1 [0m
[1;33m  /home/nizhu/software/miniforge3/envs/biotools/bin/mmseqs convertalis '/home/nizhu/Projects/plantsdb/emappertmp_mmseqs_dsh9yxvu/51e9cf84177e4ad0bbe62db75d176ded' '/DATA/data2/emapperdb-5.0.2/mmseqs/mmseqs.db' '/home/nizhu/Projects/plantsdb/emappertmp_mmseqs_dsh9yxvu/17c44879544e4eeb8dfe6714b75ed5ab' '/home/nizhu/Projects/plantsdb/emappertmp_mmseqs_dsh9yxvu/17c44879544e4eeb8dfe6714b75ed5ab.m8' --threads 40 --format-output "query,target,pident,alnlen,qstart,qend,tstart,tend,evalue,bits,qcov,tcov"[0m
Loading source DB...
[31mWarning: this can take a few minutes and load up to 45GB to RAM. Using --dbmem is recommended to annotate a large number of sequences.[0m
[32mDone[0m
[1;33mResult files:[0m
   /home/nizhu/Projects/plantsdb/result/result_imp/species/Arachis_monticola/eggnog_work/Arachis_monticola.emapper.hits
   /home/nizhu/Projects/plantsdb/result/result_imp/species/Arachis_monticola/eggnog_work/Arachis_monticola.emapper.seed_orthologs
   /home/nizhu/Projects/plantsdb/result/result_imp/species/Arachis_monticola/eggnog_work/Arachis_monticola.emapper.annotations

================================================================================
CITATION:
If you use this software, please cite:

[1] eggNOG-mapper v2: functional annotation, orthology assignments, and domain 
      prediction at the metagenomic scale. Carlos P. Cantalapiedra, 
      Ana Hernandez-Plaza, Ivica Letunic, Peer Bork, Jaime Huerta-Cepas. 2021.
      Molecular Biology and Evolution, msab293, https://doi.org/10.1093/molbev/msab293

[2] eggNOG 5.0: a hierarchical, functionally and phylogenetically annotated
      orthology resource based on 5090 organisms and 2502 viruses. Jaime
      Huerta-Cepas, Damian Szklarczyk, Davide Heller, Ana Hernandez-Plaza,
      Sofia K Forslund, Helen Cook, Daniel R Mende, Ivica Letunic, Thomas
      Rattei, Lars J Jensen, Christian von Mering and Peer Bork. Nucleic Acids
      Research, Volume 47, Issue D1, 8 January 2019, Pages D309-D314,
      https://doi.org/10.1093/nar/gky1085 

[3] MMseqs2 enables sensitive protein sequence searching for the analysis of massive data sets.
       Steinegger M & Söding J. 2017. Nat. Biotech. 35, 1026–1028. https://doi.org/10.1038/nbt.3988

e.g. Functional annotation was performed using eggNOG-mapper (version emapper-2.1.12-8b119d7) [1]
 based on eggNOG orthology data [2]. Sequence searches were performed using [3].

================================================================================

Total hits processed: 62428
Total time: 1208 secs
FINISHED

========================================
Done in 1212s
Species: /home/nizhu/Projects/plantsdb/result/result_imp/species
Homolog: /home/nizhu/Projects/plantsdb/result/result_imp/homolog
========================================
[15:02:38] eggnog: Arachis_stenosperma
========================================
Input:       /DATA/data2/downloads/IMP
Species out: /home/nizhu/Projects/plantsdb/result/result_imp/species
Homolog out: /home/nizhu/Projects/plantsdb/result/result_imp/homolog
Mode:        eggnog
Species:     Arachis_stenosperma
========================================
Found 1 species

[Arachis_stenosperma]
#  emapper-2.1.12-8b119d7
# emapper.py  -i /DATA/data2/downloads/IMP/Arachis_stenosperma/Arachis_stenosperma.prot.fasta -o /home/nizhu/Projects/plantsdb/result/result_imp/species/Arachis_stenosperma/eggnog_work/Arachis_stenosperma --data_dir /DATA/data2/emapperdb-5.0.2 -m mmseqs --cpu 40 --dbmem --tax_scope Viridiplantae --override --no_file_comments
[1;33m  /home/nizhu/software/miniforge3/envs/biotools/bin/mmseqs createdb '/DATA/data2/downloads/IMP/Arachis_stenosperma/Arachis_stenosperma.prot.fasta' '/home/nizhu/Projects/plantsdb/emappertmp_mmseqs_wpf9l74b/79b622407bc944f285598200d2baecc8' --dbtype 1[0m
[1;33m  /home/nizhu/software/miniforge3/envs/biotools/bin/mmseqs search -a true '/home/nizhu/Projects/plantsdb/emappertmp_mmseqs_wpf9l74b/79b622407bc944f285598200d2baecc8' '/DATA/data2/emapperdb-5.0.2/mmseqs/mmseqs.db' '/home/nizhu/Projects/plantsdb/emappertmp_mmseqs_wpf9l74b/d65a2e08e9024f258661982ceb52ec63' '/home/nizhu/Projects/plantsdb/emappertmp_mmseqs_wpf9l74b' --start-sens 3 --sens-steps 3 -s 7 --threads 40[0m
[1;33m  /home/nizhu/software/miniforge3/envs/biotools/bin/mmseqs filterdb '/home/nizhu/Projects/plantsdb/emappertmp_mmseqs_wpf9l74b/d65a2e08e9024f258661982ceb52ec63' '/home/nizhu/Projects/plantsdb/emappertmp_mmseqs_wpf9l74b/340c09e0dd444af3b04208ca0b47f06a' --threads 40 --extract-lines 1 [0m
[1;33m  /home/nizhu/software/miniforge3/envs/biotools/bin/mmseqs convertalis '/home/nizhu/Projects/plantsdb/emappertmp_mmseqs_wpf9l74b/79b622407bc944f285598200d2baecc8' '/DATA/data2/emapperdb-5.0.2/mmseqs/mmseqs.db' '/home/nizhu/Projects/plantsdb/emappertmp_mmseqs_wpf9l74b/340c09e0dd444af3b04208ca0b47f06a' '/home/nizhu/Projects/plantsdb/emappertmp_mmseqs_wpf9l74b/340c09e0dd444af3b04208ca0b47f06a.m8' --threads 40 --format-output "query,target,pident,alnlen,qstart,qend,tstart,tend,evalue,bits,qcov,tcov"[0m
Loading source DB...
[31mWarning: this can take a few minutes and load up to 45GB to RAM. Using --dbmem is recommended to annotate a large number of sequences.[0m
[32mDone[0m
[1;33mResult files:[0m
   /home/nizhu/Projects/plantsdb/result/result_imp/species/Arachis_stenosperma/eggnog_work/Arachis_stenosperma.emapper.hits
   /home/nizhu/Projects/plantsdb/result/result_imp/species/Arachis_stenosperma/eggnog_work/Arachis_stenosperma.emapper.seed_orthologs
   /home/nizhu/Projects/plantsdb/result/result_imp/species/Arachis_stenosperma/eggnog_work/Arachis_stenosperma.emapper.annotations

================================================================================
CITATION:
If you use this software, please cite:

[1] eggNOG-mapper v2: functional annotation, orthology assignments, and domain 
      prediction at the metagenomic scale. Carlos P. Cantalapiedra, 
      Ana Hernandez-Plaza, Ivica Letunic, Peer Bork, Jaime Huerta-Cepas. 2021.
      Molecular Biology and Evolution, msab293, https://doi.org/10.1093/molbev/msab293

[2] eggNOG 5.0: a hierarchical, functionally and phylogenetically annotated
      orthology resource based on 5090 organisms and 2502 viruses. Jaime
      Huerta-Cepas, Damian Szklarczyk, Davide Heller, Ana Hernandez-Plaza,
      Sofia K Forslund, Helen Cook, Daniel R Mende, Ivica Letunic, Thomas
      Rattei, Lars J Jensen, Christian von Mering and Peer Bork. Nucleic Acids
      Research, Volume 47, Issue D1, 8 January 2019, Pages D309-D314,
      https://doi.org/10.1093/nar/gky1085 

[3] MMseqs2 enables sensitive protein sequence searching for the analysis of massive data sets.
       Steinegger M & Söding J. 2017. Nat. Biotech. 35, 1026–1028. https://doi.org/10.1038/nbt.3988

e.g. Functional annotation was performed using eggNOG-mapper (version emapper-2.1.12-8b119d7) [1]
 based on eggNOG orthology data [2]. Sequence searches were performed using [3].

================================================================================

Total hits processed: 44980
Total time: 998 secs
FINISHED

========================================
Done in 1001s
Species: /home/nizhu/Projects/plantsdb/result/result_imp/species
Homolog: /home/nizhu/Projects/plantsdb/result/result_imp/homolog
========================================
[15:19:19] eggnog: Aristolochia_contorta
========================================
Input:       /DATA/data2/downloads/IMP
Species out: /home/nizhu/Projects/plantsdb/result/result_imp/species
Homolog out: /home/nizhu/Projects/plantsdb/result/result_imp/homolog
Mode:        eggnog
Species:     Aristolochia_contorta
========================================
Found 1 species

[Aristolochia_contorta]
#  emapper-2.1.12-8b119d7
# emapper.py  -i /DATA/data2/downloads/IMP/Aristolochia_contorta/Aristolochia_contorta.prot.fasta -o /home/nizhu/Projects/plantsdb/result/result_imp/species/Aristolochia_contorta/eggnog_work/Aristolochia_contorta --data_dir /DATA/data2/emapperdb-5.0.2 -m mmseqs --cpu 40 --dbmem --tax_scope Viridiplantae --override --no_file_comments
[1;33m  /home/nizhu/software/miniforge3/envs/biotools/bin/mmseqs createdb '/DATA/data2/downloads/IMP/Aristolochia_contorta/Aristolochia_contorta.prot.fasta' '/home/nizhu/Projects/plantsdb/emappertmp_mmseqs_v6ybqhue/a18bd0f1a9a34075bbc0c2f13fdde70c' --dbtype 1[0m
Error running 'mmseqs createdb': Fasta entry 0 is invalid
Warning: annotation file not found: /home/nizhu/Projects/plantsdb/result/result_imp/species/Aristolochia_contorta/eggnog_work/Aristolochia_contorta.emapper.annotations

========================================
Done in 2s
Species: /home/nizhu/Projects/plantsdb/result/result_imp/species
Homolog: /home/nizhu/Projects/plantsdb/result/result_imp/homolog
========================================
[15:19:21] eggnog: Aristolochia_fimbriata
========================================
Input:       /DATA/data2/downloads/IMP
Species out: /home/nizhu/Projects/plantsdb/result/result_imp/species
Homolog out: /home/nizhu/Projects/plantsdb/result/result_imp/homolog
Mode:        eggnog
Species:     Aristolochia_fimbriata
========================================
Found 1 species

[Aristolochia_fimbriata]
#  emapper-2.1.12-8b119d7
# emapper.py  -i /DATA/data2/downloads/IMP/Aristolochia_fimbriata/Aristolochia_fimbriata.prot.fasta -o /home/nizhu/Projects/plantsdb/result/result_imp/species/Aristolochia_fimbriata/eggnog_work/Aristolochia_fimbriata --data_dir /DATA/data2/emapperdb-5.0.2 -m mmseqs --cpu 40 --dbmem --tax_scope Viridiplantae --override --no_file_comments
[1;33m  /home/nizhu/software/miniforge3/envs/biotools/bin/mmseqs createdb '/DATA/data2/downloads/IMP/Aristolochia_fimbriata/Aristolochia_fimbriata.prot.fasta' '/home/nizhu/Projects/plantsdb/emappertmp_mmseqs_z4y_1scu/059e168022dc4608bdc9c3bd5490cb5b' --dbtype 1[0m
[1;33m  /home/nizhu/software/miniforge3/envs/biotools/bin/mmseqs search -a true '/home/nizhu/Projects/plantsdb/emappertmp_mmseqs_z4y_1scu/059e168022dc4608bdc9c3bd5490cb5b' '/DATA/data2/emapperdb-5.0.2/mmseqs/mmseqs.db' '/home/nizhu/Projects/plantsdb/emappertmp_mmseqs_z4y_1scu/edf728bdae024bef9b52659c2c32daa2' '/home/nizhu/Projects/plantsdb/emappertmp_mmseqs_z4y_1scu' --start-sens 3 --sens-steps 3 -s 7 --threads 40[0m
[1;33m  /home/nizhu/software/miniforge3/envs/biotools/bin/mmseqs filterdb '/home/nizhu/Projects/plantsdb/emappertmp_mmseqs_z4y_1scu/edf728bdae024bef9b52659c2c32daa2' '/home/nizhu/Projects/plantsdb/emappertmp_mmseqs_z4y_1scu/3e95da4c4372493e9c1055e53b193d97' --threads 40 --extract-lines 1 [0m
[1;33m  /home/nizhu/software/miniforge3/envs/biotools/bin/mmseqs convertalis '/home/nizhu/Projects/plantsdb/emappertmp_mmseqs_z4y_1scu/059e168022dc4608bdc9c3bd5490cb5b' '/DATA/data2/emapperdb-5.0.2/mmseqs/mmseqs.db' '/home/nizhu/Projects/plantsdb/emappertmp_mmseqs_z4y_1scu/3e95da4c4372493e9c1055e53b193d97' '/home/nizhu/Projects/plantsdb/emappertmp_mmseqs_z4y_1scu/3e95da4c4372493e9c1055e53b193d97.m8' --threads 40 --format-output "query,target,pident,alnlen,qstart,qend,tstart,tend,evalue,bits,qcov,tcov"[0m
Loading source DB...
[31mWarning: this can take a few minutes and load up to 45GB to RAM. Using --dbmem is recommended to annotate a large number of sequences.[0m
[32mDone[0m
[1;33mResult files:[0m
   /home/nizhu/Projects/plantsdb/result/result_imp/species/Aristolochia_fimbriata/eggnog_work/Aristolochia_fimbriata.emapper.hits
   /home/nizhu/Projects/plantsdb/result/result_imp/species/Aristolochia_fimbriata/eggnog_work/Aristolochia_fimbriata.emapper.seed_orthologs
   /home/nizhu/Projects/plantsdb/result/result_imp/species/Aristolochia_fimbriata/eggnog_work/Aristolochia_fimbriata.emapper.annotations

================================================================================
CITATION:
If you use this software, please cite:

[1] eggNOG-mapper v2: functional annotation, orthology assignments, and domain 
      prediction at the metagenomic scale. Carlos P. Cantalapiedra, 
      Ana Hernandez-Plaza, Ivica Letunic, Peer Bork, Jaime Huerta-Cepas. 2021.
      Molecular Biology and Evolution, msab293, https://doi.org/10.1093/molbev/msab293

[2] eggNOG 5.0: a hierarchical, functionally and phylogenetically annotated
      orthology resource based on 5090 organisms and 2502 viruses. Jaime
      Huerta-Cepas, Damian Szklarczyk, Davide Heller, Ana Hernandez-Plaza,
      Sofia K Forslund, Helen Cook, Daniel R Mende, Ivica Letunic, Thomas
      Rattei, Lars J Jensen, Christian von Mering and Peer Bork. Nucleic Acids
      Research, Volume 47, Issue D1, 8 January 2019, Pages D309-D314,
      https://doi.org/10.1093/nar/gky1085 

[3] MMseqs2 enables sensitive protein sequence searching for the analysis of massive data sets.
       Steinegger M & Söding J. 2017. Nat. Biotech. 35, 1026–1028. https://doi.org/10.1038/nbt.3988

e.g. Functional annotation was performed using eggNOG-mapper (version emapper-2.1.12-8b119d7) [1]
 based on eggNOG orthology data [2]. Sequence searches were performed using [3].

================================================================================

Total hits processed: 18657
Total time: 890 secs
FINISHED

========================================
Done in 892s
Species: /home/nizhu/Projects/plantsdb/result/result_imp/species
Homolog: /home/nizhu/Projects/plantsdb/result/result_imp/homolog
========================================
[15:34:13] eggnog: Artemisia_annua
========================================
Input:       /DATA/data2/downloads/IMP
Species out: /home/nizhu/Projects/plantsdb/result/result_imp/species
Homolog out: /home/nizhu/Projects/plantsdb/result/result_imp/homolog
Mode:        eggnog
Species:     Artemisia_annua
========================================
Found 1 species

[Artemisia_annua]
#  emapper-2.1.12-8b119d7
# emapper.py  -i /DATA/data2/downloads/IMP/Artemisia_annua/Artemisia_annua.prot.fasta -o /home/nizhu/Projects/plantsdb/result/result_imp/species/Artemisia_annua/eggnog_work/Artemisia_annua --data_dir /DATA/data2/emapperdb-5.0.2 -m mmseqs --cpu 40 --dbmem --tax_scope Viridiplantae --override --no_file_comments
[1;33m  /home/nizhu/software/miniforge3/envs/biotools/bin/mmseqs createdb '/DATA/data2/downloads/IMP/Artemisia_annua/Artemisia_annua.prot.fasta' '/home/nizhu/Projects/plantsdb/emappertmp_mmseqs_fx971wqb/e944be13619c41c39d4f4a95e71ecedf' --dbtype 1[0m
[1;33m  /home/nizhu/software/miniforge3/envs/biotools/bin/mmseqs search -a true '/home/nizhu/Projects/plantsdb/emappertmp_mmseqs_fx971wqb/e944be13619c41c39d4f4a95e71ecedf' '/DATA/data2/emapperdb-5.0.2/mmseqs/mmseqs.db' '/home/nizhu/Projects/plantsdb/emappertmp_mmseqs_fx971wqb/0fc90d21b2f44949a15bb14009b80655' '/home/nizhu/Projects/plantsdb/emappertmp_mmseqs_fx971wqb' --start-sens 3 --sens-steps 3 -s 7 --threads 40[0m
[1;33m  /home/nizhu/software/miniforge3/envs/biotools/bin/mmseqs filterdb '/home/nizhu/Projects/plantsdb/emappertmp_mmseqs_fx971wqb/0fc90d21b2f44949a15bb14009b80655' '/home/nizhu/Projects/plantsdb/emappertmp_mmseqs_fx971wqb/afe24d43342e40f2a0f8b3fa15953160' --threads 40 --extract-lines 1 [0m
[1;33m  /home/nizhu/software/miniforge3/envs/biotools/bin/mmseqs convertalis '/home/nizhu/Projects/plantsdb/emappertmp_mmseqs_fx971wqb/e944be13619c41c39d4f4a95e71ecedf' '/DATA/data2/emapperdb-5.0.2/mmseqs/mmseqs.db' '/home/nizhu/Projects/plantsdb/emappertmp_mmseqs_fx971wqb/afe24d43342e40f2a0f8b3fa15953160' '/home/nizhu/Projects/plantsdb/emappertmp_mmseqs_fx971wqb/afe24d43342e40f2a0f8b3fa15953160.m8' --threads 40 --format-output "query,target,pident,alnlen,qstart,qend,tstart,tend,evalue,bits,qcov,tcov"[0m
Loading source DB...
[31mWarning: this can take a few minutes and load up to 45GB to RAM. Using --dbmem is recommended to annotate a large number of sequences.[0m
[32mDone[0m
[1;33mResult files:[0m
   /home/nizhu/Projects/plantsdb/result/result_imp/species/Artemisia_annua/eggnog_work/Artemisia_annua.emapper.hits
   /home/nizhu/Projects/plantsdb/result/result_imp/species/Artemisia_annua/eggnog_work/Artemisia_annua.emapper.seed_orthologs
   /home/nizhu/Projects/plantsdb/result/result_imp/species/Artemisia_annua/eggnog_work/Artemisia_annua.emapper.annotations

================================================================================
CITATION:
If you use this software, please cite:

[1] eggNOG-mapper v2: functional annotation, orthology assignments, and domain 
      prediction at the metagenomic scale. Carlos P. Cantalapiedra, 
      Ana Hernandez-Plaza, Ivica Letunic, Peer Bork, Jaime Huerta-Cepas. 2021.
      Molecular Biology and Evolution, msab293, https://doi.org/10.1093/molbev/msab293

[2] eggNOG 5.0: a hierarchical, functionally and phylogenetically annotated
      orthology resource based on 5090 organisms and 2502 viruses. Jaime
      Huerta-Cepas, Damian Szklarczyk, Davide Heller, Ana Hernandez-Plaza,
      Sofia K Forslund, Helen Cook, Daniel R Mende, Ivica Letunic, Thomas
      Rattei, Lars J Jensen, Christian von Mering and Peer Bork. Nucleic Acids
      Research, Volume 47, Issue D1, 8 January 2019, Pages D309-D314,
      https://doi.org/10.1093/nar/gky1085 

[3] MMseqs2 enables sensitive protein sequence searching for the analysis of massive data sets.
       Steinegger M & Söding J. 2017. Nat. Biotech. 35, 1026–1028. https://doi.org/10.1038/nbt.3988

e.g. Functional annotation was performed using eggNOG-mapper (version emapper-2.1.12-8b119d7) [1]
 based on eggNOG orthology data [2]. Sequence searches were performed using [3].

================================================================================

Total hits processed: 43584
Total time: 990 secs
FINISHED

========================================
Done in 993s
Species: /home/nizhu/Projects/plantsdb/result/result_imp/species
Homolog: /home/nizhu/Projects/plantsdb/result/result_imp/homolog
========================================
[15:50:46] eggnog: Artemisia_argyi
========================================
Input:       /DATA/data2/downloads/IMP
Species out: /home/nizhu/Projects/plantsdb/result/result_imp/species
Homolog out: /home/nizhu/Projects/plantsdb/result/result_imp/homolog
Mode:        eggnog
Species:     Artemisia_argyi
========================================
Found 1 species

[Artemisia_argyi]
#  emapper-2.1.12-8b119d7
# emapper.py  -i /DATA/data2/downloads/IMP/Artemisia_argyi/Artemisia_argyi.prot.fasta -o /home/nizhu/Projects/plantsdb/result/result_imp/species/Artemisia_argyi/eggnog_work/Artemisia_argyi --data_dir /DATA/data2/emapperdb-5.0.2 -m mmseqs --cpu 40 --dbmem --tax_scope Viridiplantae --override --no_file_comments
[1;33m  /home/nizhu/software/miniforge3/envs/biotools/bin/mmseqs createdb '/DATA/data2/downloads/IMP/Artemisia_argyi/Artemisia_argyi.prot.fasta' '/home/nizhu/Projects/plantsdb/emappertmp_mmseqs_tcfaw6at/4c41841f91ac4ac9808692ba9c2eca69' --dbtype 1[0m
[1;33m  /home/nizhu/software/miniforge3/envs/biotools/bin/mmseqs search -a true '/home/nizhu/Projects/plantsdb/emappertmp_mmseqs_tcfaw6at/4c41841f91ac4ac9808692ba9c2eca69' '/DATA/data2/emapperdb-5.0.2/mmseqs/mmseqs.db' '/home/nizhu/Projects/plantsdb/emappertmp_mmseqs_tcfaw6at/01425535e01d477e912163b3373b7809' '/home/nizhu/Projects/plantsdb/emappertmp_mmseqs_tcfaw6at' --start-sens 3 --sens-steps 3 -s 7 --threads 40[0m
Error running 'mmseqs search': Segmentation fault (core dumped)
Warning: annotation file not found: /home/nizhu/Projects/plantsdb/result/result_imp/species/Artemisia_argyi/eggnog_work/Artemisia_argyi.emapper.annotations

========================================
Done in 644s
Species: /home/nizhu/Projects/plantsdb/result/result_imp/species
Homolog: /home/nizhu/Projects/plantsdb/result/result_imp/homolog
========================================
[16:01:30] eggnog: Artemisia_tridentata_subsp._tridentata
========================================
Input:       /DATA/data2/downloads/IMP
Species out: /home/nizhu/Projects/plantsdb/result/result_imp/species
Homolog out: /home/nizhu/Projects/plantsdb/result/result_imp/homolog
Mode:        eggnog
Species:     Artemisia_tridentata_subsp._tridentata
========================================
Found 1 species

[Artemisia_tridentata_subsp._tridentata]
#  emapper-2.1.12-8b119d7
# emapper.py  -i /DATA/data2/downloads/IMP/Artemisia_tridentata_subsp._tridentata/Artemisia_tridentata_subsp._tridentata.prot.fasta -o /home/nizhu/Projects/plantsdb/result/result_imp/species/Artemisia_tridentata_subsp._tridentata/eggnog_work/Artemisia_tridentata_subsp._tridentata --data_dir /DATA/data2/emapperdb-5.0.2 -m mmseqs --cpu 40 --dbmem --tax_scope Viridiplantae --override --no_file_comments
[1;33m  /home/nizhu/software/miniforge3/envs/biotools/bin/mmseqs createdb '/DATA/data2/downloads/IMP/Artemisia_tridentata_subsp._tridentata/Artemisia_tridentata_subsp._tridentata.prot.fasta' '/home/nizhu/Projects/plantsdb/emappertmp_mmseqs_dv40nyuw/b12d5f6c8f304b42a1db27b1fe80eed3' --dbtype 1[0m
[1;33m  /home/nizhu/software/miniforge3/envs/biotools/bin/mmseqs search -a true '/home/nizhu/Projects/plantsdb/emappertmp_mmseqs_dv40nyuw/b12d5f6c8f304b42a1db27b1fe80eed3' '/DATA/data2/emapperdb-5.0.2/mmseqs/mmseqs.db' '/home/nizhu/Projects/plantsdb/emappertmp_mmseqs_dv40nyuw/d5a19ea307ec48449afced950a18ea99' '/home/nizhu/Projects/plantsdb/emappertmp_mmseqs_dv40nyuw' --start-sens 3 --sens-steps 3 -s 7 --threads 40[0m
[1;33m  /home/nizhu/software/miniforge3/envs/biotools/bin/mmseqs filterdb '/home/nizhu/Projects/plantsdb/emappertmp_mmseqs_dv40nyuw/d5a19ea307ec48449afced950a18ea99' '/home/nizhu/Projects/plantsdb/emappertmp_mmseqs_dv40nyuw/608e5248985e4a6cab9c868a6ca71f5c' --threads 40 --extract-lines 1 [0m
[1;33m  /home/nizhu/software/miniforge3/envs/biotools/bin/mmseqs convertalis '/home/nizhu/Projects/plantsdb/emappertmp_mmseqs_dv40nyuw/b12d5f6c8f304b42a1db27b1fe80eed3' '/DATA/data2/emapperdb-5.0.2/mmseqs/mmseqs.db' '/home/nizhu/Projects/plantsdb/emappertmp_mmseqs_dv40nyuw/608e5248985e4a6cab9c868a6ca71f5c' '/home/nizhu/Projects/plantsdb/emappertmp_mmseqs_dv40nyuw/608e5248985e4a6cab9c868a6ca71f5c.m8' --threads 40 --format-output "query,target,pident,alnlen,qstart,qend,tstart,tend,evalue,bits,qcov,tcov"[0m
Loading source DB...
[31mWarning: this can take a few minutes and load up to 45GB to RAM. Using --dbmem is recommended to annotate a large number of sequences.[0m
[32mDone[0m
[1;33mResult files:[0m
   /home/nizhu/Projects/plantsdb/result/result_imp/species/Artemisia_tridentata_subsp._tridentata/eggnog_work/Artemisia_tridentata_subsp._tridentata.emapper.hits
   /home/nizhu/Projects/plantsdb/result/result_imp/species/Artemisia_tridentata_subsp._tridentata/eggnog_work/Artemisia_tridentata_subsp._tridentata.emapper.seed_orthologs
   /home/nizhu/Projects/plantsdb/result/result_imp/species/Artemisia_tridentata_subsp._tridentata/eggnog_work/Artemisia_tridentata_subsp._tridentata.emapper.annotations

================================================================================
CITATION:
If you use this software, please cite:

[1] eggNOG-mapper v2: functional annotation, orthology assignments, and domain 
      prediction at the metagenomic scale. Carlos P. Cantalapiedra, 
      Ana Hernandez-Plaza, Ivica Letunic, Peer Bork, Jaime Huerta-Cepas. 2021.
      Molecular Biology and Evolution, msab293, https://doi.org/10.1093/molbev/msab293

[2] eggNOG 5.0: a hierarchical, functionally and phylogenetically annotated
      orthology resource based on 5090 organisms and 2502 viruses. Jaime
      Huerta-Cepas, Damian Szklarczyk, Davide Heller, Ana Hernandez-Plaza,
      Sofia K Forslund, Helen Cook, Daniel R Mende, Ivica Letunic, Thomas
      Rattei, Lars J Jensen, Christian von Mering and Peer Bork. Nucleic Acids
      Research, Volume 47, Issue D1, 8 January 2019, Pages D309-D314,
      https://doi.org/10.1093/nar/gky1085 

[3] MMseqs2 enables sensitive protein sequence searching for the analysis of massive data sets.
       Steinegger M & Söding J. 2017. Nat. Biotech. 35, 1026–1028. https://doi.org/10.1038/nbt.3988

e.g. Functional annotation was performed using eggNOG-mapper (version emapper-2.1.12-8b119d7) [1]
 based on eggNOG orthology data [2]. Sequence searches were performed using [3].

================================================================================

Total hits processed: 272060
Total time: 4520 secs
FINISHED

========================================
Done in 4531s
Species: /home/nizhu/Projects/plantsdb/result/result_imp/species
Homolog: /home/nizhu/Projects/plantsdb/result/result_imp/homolog
========================================
[17:17:02] eggnog: Avena_atlantica
========================================
Input:       /DATA/data2/downloads/IMP
Species out: /home/nizhu/Projects/plantsdb/result/result_imp/species
Homolog out: /home/nizhu/Projects/plantsdb/result/result_imp/homolog
Mode:        eggnog
Species:     Avena_atlantica
========================================
Found 1 species

[Avena_atlantica]
#  emapper-2.1.12-8b119d7
# emapper.py  -i /DATA/data2/downloads/IMP/Avena_atlantica/Avena_atlantica.prot.fasta -o /home/nizhu/Projects/plantsdb/result/result_imp/species/Avena_atlantica/eggnog_work/Avena_atlantica --data_dir /DATA/data2/emapperdb-5.0.2 -m mmseqs --cpu 40 --dbmem --tax_scope Viridiplantae --override --no_file_comments
[1;33m  /home/nizhu/software/miniforge3/envs/biotools/bin/mmseqs createdb '/DATA/data2/downloads/IMP/Avena_atlantica/Avena_atlantica.prot.fasta' '/home/nizhu/Projects/plantsdb/emappertmp_mmseqs_5qzm45bh/2ce2ddc6c3a54544b8f4b790309bdc1d' --dbtype 1[0m
[1;33m  /home/nizhu/software/miniforge3/envs/biotools/bin/mmseqs search -a true '/home/nizhu/Projects/plantsdb/emappertmp_mmseqs_5qzm45bh/2ce2ddc6c3a54544b8f4b790309bdc1d' '/DATA/data2/emapperdb-5.0.2/mmseqs/mmseqs.db' '/home/nizhu/Projects/plantsdb/emappertmp_mmseqs_5qzm45bh/bd786726dc774a67862bdb97f7a1f4b5' '/home/nizhu/Projects/plantsdb/emappertmp_mmseqs_5qzm45bh' --start-sens 3 --sens-steps 3 -s 7 --threads 40[0m
[1;33m  /home/nizhu/software/miniforge3/envs/biotools/bin/mmseqs filterdb '/home/nizhu/Projects/plantsdb/emappertmp_mmseqs_5qzm45bh/bd786726dc774a67862bdb97f7a1f4b5' '/home/nizhu/Projects/plantsdb/emappertmp_mmseqs_5qzm45bh/dc5bc39896134defad042495b0be14ed' --threads 40 --extract-lines 1 [0m
[1;33m  /home/nizhu/software/miniforge3/envs/biotools/bin/mmseqs convertalis '/home/nizhu/Projects/plantsdb/emappertmp_mmseqs_5qzm45bh/2ce2ddc6c3a54544b8f4b790309bdc1d' '/DATA/data2/emapperdb-5.0.2/mmseqs/mmseqs.db' '/home/nizhu/Projects/plantsdb/emappertmp_mmseqs_5qzm45bh/dc5bc39896134defad042495b0be14ed' '/home/nizhu/Projects/plantsdb/emappertmp_mmseqs_5qzm45bh/dc5bc39896134defad042495b0be14ed.m8' --threads 40 --format-output "query,target,pident,alnlen,qstart,qend,tstart,tend,evalue,bits,qcov,tcov"[0m
Loading source DB...
[31mWarning: this can take a few minutes and load up to 45GB to RAM. Using --dbmem is recommended to annotate a large number of sequences.[0m
[32mDone[0m
[1;33mResult files:[0m
   /home/nizhu/Projects/plantsdb/result/result_imp/species/Avena_atlantica/eggnog_work/Avena_atlantica.emapper.hits
   /home/nizhu/Projects/plantsdb/result/result_imp/species/Avena_atlantica/eggnog_work/Avena_atlantica.emapper.seed_orthologs
   /home/nizhu/Projects/plantsdb/result/result_imp/species/Avena_atlantica/eggnog_work/Avena_atlantica.emapper.annotations

================================================================================
CITATION:
If you use this software, please cite:

[1] eggNOG-mapper v2: functional annotation, orthology assignments, and domain 
      prediction at the metagenomic scale. Carlos P. Cantalapiedra, 
      Ana Hernandez-Plaza, Ivica Letunic, Peer Bork, Jaime Huerta-Cepas. 2021.
      Molecular Biology and Evolution, msab293, https://doi.org/10.1093/molbev/msab293

[2] eggNOG 5.0: a hierarchical, functionally and phylogenetically annotated
      orthology resource based on 5090 organisms and 2502 viruses. Jaime
      Huerta-Cepas, Damian Szklarczyk, Davide Heller, Ana Hernandez-Plaza,
      Sofia K Forslund, Helen Cook, Daniel R Mende, Ivica Letunic, Thomas
      Rattei, Lars J Jensen, Christian von Mering and Peer Bork. Nucleic Acids
      Research, Volume 47, Issue D1, 8 January 2019, Pages D309-D314,
      https://doi.org/10.1093/nar/gky1085 

[3] MMseqs2 enables sensitive protein sequence searching for the analysis of massive data sets.
       Steinegger M & Söding J. 2017. Nat. Biotech. 35, 1026–1028. https://doi.org/10.1038/nbt.3988

e.g. Functional annotation was performed using eggNOG-mapper (version emapper-2.1.12-8b119d7) [1]
 based on eggNOG orthology data [2]. Sequence searches were performed using [3].

================================================================================

Total hits processed: 66921
Total time: 1625 secs
FINISHED

========================================
Done in 1628s
Species: /home/nizhu/Projects/plantsdb/result/result_imp/species
Homolog: /home/nizhu/Projects/plantsdb/result/result_imp/homolog
========================================
[17:44:10] eggnog: Avena_eriantha
========================================
Input:       /DATA/data2/downloads/IMP
Species out: /home/nizhu/Projects/plantsdb/result/result_imp/species
Homolog out: /home/nizhu/Projects/plantsdb/result/result_imp/homolog
Mode:        eggnog
Species:     Avena_eriantha
========================================
Found 1 species

[Avena_eriantha]
#  emapper-2.1.12-8b119d7
# emapper.py  -i /DATA/data2/downloads/IMP/Avena_eriantha/Avena_eriantha.prot.fasta -o /home/nizhu/Projects/plantsdb/result/result_imp/species/Avena_eriantha/eggnog_work/Avena_eriantha --data_dir /DATA/data2/emapperdb-5.0.2 -m mmseqs --cpu 40 --dbmem --tax_scope Viridiplantae --override --no_file_comments
[1;33m  /home/nizhu/software/miniforge3/envs/biotools/bin/mmseqs createdb '/DATA/data2/downloads/IMP/Avena_eriantha/Avena_eriantha.prot.fasta' '/home/nizhu/Projects/plantsdb/emappertmp_mmseqs_b7d0c9ju/8f2c13de91d040b8b2818c950733bddf' --dbtype 1[0m
[1;33m  /home/nizhu/software/miniforge3/envs/biotools/bin/mmseqs search -a true '/home/nizhu/Projects/plantsdb/emappertmp_mmseqs_b7d0c9ju/8f2c13de91d040b8b2818c950733bddf' '/DATA/data2/emapperdb-5.0.2/mmseqs/mmseqs.db' '/home/nizhu/Projects/plantsdb/emappertmp_mmseqs_b7d0c9ju/e2d6f70d80894280ae2198826138d29a' '/home/nizhu/Projects/plantsdb/emappertmp_mmseqs_b7d0c9ju' --start-sens 3 --sens-steps 3 -s 7 --threads 40[0m
[1;33m  /home/nizhu/software/miniforge3/envs/biotools/bin/mmseqs filterdb '/home/nizhu/Projects/plantsdb/emappertmp_mmseqs_b7d0c9ju/e2d6f70d80894280ae2198826138d29a' '/home/nizhu/Projects/plantsdb/emappertmp_mmseqs_b7d0c9ju/e715d72de1994366a040e4fa8c1952a4' --threads 40 --extract-lines 1 [0m
[1;33m  /home/nizhu/software/miniforge3/envs/biotools/bin/mmseqs convertalis '/home/nizhu/Projects/plantsdb/emappertmp_mmseqs_b7d0c9ju/8f2c13de91d040b8b2818c950733bddf' '/DATA/data2/emapperdb-5.0.2/mmseqs/mmseqs.db' '/home/nizhu/Projects/plantsdb/emappertmp_mmseqs_b7d0c9ju/e715d72de1994366a040e4fa8c1952a4' '/home/nizhu/Projects/plantsdb/emappertmp_mmseqs_b7d0c9ju/e715d72de1994366a040e4fa8c1952a4.m8' --threads 40 --format-output "query,target,pident,alnlen,qstart,qend,tstart,tend,evalue,bits,qcov,tcov"[0m
Loading source DB...
[31mWarning: this can take a few minutes and load up to 45GB to RAM. Using --dbmem is recommended to annotate a large number of sequences.[0m
[32mDone[0m
[1;33mResult files:[0m
   /home/nizhu/Projects/plantsdb/result/result_imp/species/Avena_eriantha/eggnog_work/Avena_eriantha.emapper.hits
   /home/nizhu/Projects/plantsdb/result/result_imp/species/Avena_eriantha/eggnog_work/Avena_eriantha.emapper.seed_orthologs
   /home/nizhu/Projects/plantsdb/result/result_imp/species/Avena_eriantha/eggnog_work/Avena_eriantha.emapper.annotations

================================================================================
CITATION:
If you use this software, please cite:

[1] eggNOG-mapper v2: functional annotation, orthology assignments, and domain 
      prediction at the metagenomic scale. Carlos P. Cantalapiedra, 
      Ana Hernandez-Plaza, Ivica Letunic, Peer Bork, Jaime Huerta-Cepas. 2021.
      Molecular Biology and Evolution, msab293, https://doi.org/10.1093/molbev/msab293

[2] eggNOG 5.0: a hierarchical, functionally and phylogenetically annotated
      orthology resource based on 5090 organisms and 2502 viruses. Jaime
      Huerta-Cepas, Damian Szklarczyk, Davide Heller, Ana Hernandez-Plaza,
      Sofia K Forslund, Helen Cook, Daniel R Mende, Ivica Letunic, Thomas
      Rattei, Lars J Jensen, Christian von Mering and Peer Bork. Nucleic Acids
      Research, Volume 47, Issue D1, 8 January 2019, Pages D309-D314,
      https://doi.org/10.1093/nar/gky1085 

[3] MMseqs2 enables sensitive protein sequence searching for the analysis of massive data sets.
       Steinegger M & Söding J. 2017. Nat. Biotech. 35, 1026–1028. https://doi.org/10.1038/nbt.3988

e.g. Functional annotation was performed using eggNOG-mapper (version emapper-2.1.12-8b119d7) [1]
 based on eggNOG orthology data [2]. Sequence searches were performed using [3].

================================================================================

Total hits processed: 82011
Total time: 1889 secs
FINISHED

========================================
Done in 1893s
Species: /home/nizhu/Projects/plantsdb/result/result_imp/species
Homolog: /home/nizhu/Projects/plantsdb/result/result_imp/homolog
========================================
[18:15:44] eggnog: Avena_longiglumis
========================================
Input:       /DATA/data2/downloads/IMP
Species out: /home/nizhu/Projects/plantsdb/result/result_imp/species
Homolog out: /home/nizhu/Projects/plantsdb/result/result_imp/homolog
Mode:        eggnog
Species:     Avena_longiglumis
========================================
Found 1 species

[Avena_longiglumis]
#  emapper-2.1.12-8b119d7
# emapper.py  -i /DATA/data2/downloads/IMP/Avena_longiglumis/Avena_longiglumis.prot.fasta -o /home/nizhu/Projects/plantsdb/result/result_imp/species/Avena_longiglumis/eggnog_work/Avena_longiglumis --data_dir /DATA/data2/emapperdb-5.0.2 -m mmseqs --cpu 40 --dbmem --tax_scope Viridiplantae --override --no_file_comments
[1;33m  /home/nizhu/software/miniforge3/envs/biotools/bin/mmseqs createdb '/DATA/data2/downloads/IMP/Avena_longiglumis/Avena_longiglumis.prot.fasta' '/home/nizhu/Projects/plantsdb/emappertmp_mmseqs_poiycp_w/c4678974a65047b785d33a3b12b6d6c6' --dbtype 1[0m
[1;33m  /home/nizhu/software/miniforge3/envs/biotools/bin/mmseqs search -a true '/home/nizhu/Projects/plantsdb/emappertmp_mmseqs_poiycp_w/c4678974a65047b785d33a3b12b6d6c6' '/DATA/data2/emapperdb-5.0.2/mmseqs/mmseqs.db' '/home/nizhu/Projects/plantsdb/emappertmp_mmseqs_poiycp_w/df163c182e5e4b76809fcf5c00d18734' '/home/nizhu/Projects/plantsdb/emappertmp_mmseqs_poiycp_w' --start-sens 3 --sens-steps 3 -s 7 --threads 40[0m
[1;33m  /home/nizhu/software/miniforge3/envs/biotools/bin/mmseqs filterdb '/home/nizhu/Projects/plantsdb/emappertmp_mmseqs_poiycp_w/df163c182e5e4b76809fcf5c00d18734' '/home/nizhu/Projects/plantsdb/emappertmp_mmseqs_poiycp_w/2e97c7cdc4c94f658a113373534a2297' --threads 40 --extract-lines 1 [0m
[1;33m  /home/nizhu/software/miniforge3/envs/biotools/bin/mmseqs convertalis '/home/nizhu/Projects/plantsdb/emappertmp_mmseqs_poiycp_w/c4678974a65047b785d33a3b12b6d6c6' '/DATA/data2/emapperdb-5.0.2/mmseqs/mmseqs.db' '/home/nizhu/Projects/plantsdb/emappertmp_mmseqs_poiycp_w/2e97c7cdc4c94f658a113373534a2297' '/home/nizhu/Projects/plantsdb/emappertmp_mmseqs_poiycp_w/2e97c7cdc4c94f658a113373534a2297.m8' --threads 40 --format-output "query,target,pident,alnlen,qstart,qend,tstart,tend,evalue,bits,qcov,tcov"[0m
Loading source DB...
[31mWarning: this can take a few minutes and load up to 45GB to RAM. Using --dbmem is recommended to annotate a large number of sequences.[0m
[32mDone[0m
[1;33mResult files:[0m
   /home/nizhu/Projects/plantsdb/result/result_imp/species/Avena_longiglumis/eggnog_work/Avena_longiglumis.emapper.hits
   /home/nizhu/Projects/plantsdb/result/result_imp/species/Avena_longiglumis/eggnog_work/Avena_longiglumis.emapper.seed_orthologs
   /home/nizhu/Projects/plantsdb/result/result_imp/species/Avena_longiglumis/eggnog_work/Avena_longiglumis.emapper.annotations

================================================================================
CITATION:
If you use this software, please cite:

[1] eggNOG-mapper v2: functional annotation, orthology assignments, and domain 
      prediction at the metagenomic scale. Carlos P. Cantalapiedra, 
      Ana Hernandez-Plaza, Ivica Letunic, Peer Bork, Jaime Huerta-Cepas. 2021.
      Molecular Biology and Evolution, msab293, https://doi.org/10.1093/molbev/msab293

[2] eggNOG 5.0: a hierarchical, functionally and phylogenetically annotated
      orthology resource based on 5090 organisms and 2502 viruses. Jaime
      Huerta-Cepas, Damian Szklarczyk, Davide Heller, Ana Hernandez-Plaza,
      Sofia K Forslund, Helen Cook, Daniel R Mende, Ivica Letunic, Thomas
      Rattei, Lars J Jensen, Christian von Mering and Peer Bork. Nucleic Acids
      Research, Volume 47, Issue D1, 8 January 2019, Pages D309-D314,
      https://doi.org/10.1093/nar/gky1085 

[3] MMseqs2 enables sensitive protein sequence searching for the analysis of massive data sets.
       Steinegger M & Söding J. 2017. Nat. Biotech. 35, 1026–1028. https://doi.org/10.1038/nbt.3988

e.g. Functional annotation was performed using eggNOG-mapper (version emapper-2.1.12-8b119d7) [1]
 based on eggNOG orthology data [2]. Sequence searches were performed using [3].

================================================================================

Total hits processed: 67811
Total time: 1797 secs
FINISHED

========================================
Done in 1802s
Species: /home/nizhu/Projects/plantsdb/result/result_imp/species
Homolog: /home/nizhu/Projects/plantsdb/result/result_imp/homolog
========================================
[18:45:46] eggnog: Avena_sativa_ot3098
========================================
Input:       /DATA/data2/downloads/IMP
Species out: /home/nizhu/Projects/plantsdb/result/result_imp/species
Homolog out: /home/nizhu/Projects/plantsdb/result/result_imp/homolog
Mode:        eggnog
Species:     Avena_sativa_ot3098
========================================
Found 1 species

[Avena_sativa_ot3098]
#  emapper-2.1.12-8b119d7
# emapper.py  -i /DATA/data2/downloads/IMP/Avena_sativa_ot3098/Avena_sativa_ot3098.prot.fasta -o /home/nizhu/Projects/plantsdb/result/result_imp/species/Avena_sativa_ot3098/eggnog_work/Avena_sativa_ot3098 --data_dir /DATA/data2/emapperdb-5.0.2 -m mmseqs --cpu 40 --dbmem --tax_scope Viridiplantae --override --no_file_comments
[1;33m  /home/nizhu/software/miniforge3/envs/biotools/bin/mmseqs createdb '/DATA/data2/downloads/IMP/Avena_sativa_ot3098/Avena_sativa_ot3098.prot.fasta' '/home/nizhu/Projects/plantsdb/emappertmp_mmseqs_cxwv2uuv/e8a4daefd8be4b79ae85ef77bc2ff5be' --dbtype 1[0m
[1;33m  /home/nizhu/software/miniforge3/envs/biotools/bin/mmseqs search -a true '/home/nizhu/Projects/plantsdb/emappertmp_mmseqs_cxwv2uuv/e8a4daefd8be4b79ae85ef77bc2ff5be' '/DATA/data2/emapperdb-5.0.2/mmseqs/mmseqs.db' '/home/nizhu/Projects/plantsdb/emappertmp_mmseqs_cxwv2uuv/69ff1ad0e79c4185b5057a696135468e' '/home/nizhu/Projects/plantsdb/emappertmp_mmseqs_cxwv2uuv' --start-sens 3 --sens-steps 3 -s 7 --threads 40[0m
[1;33m  /home/nizhu/software/miniforge3/envs/biotools/bin/mmseqs filterdb '/home/nizhu/Projects/plantsdb/emappertmp_mmseqs_cxwv2uuv/69ff1ad0e79c4185b5057a696135468e' '/home/nizhu/Projects/plantsdb/emappertmp_mmseqs_cxwv2uuv/7c0a43a20d76487d810e356a1ae2597e' --threads 40 --extract-lines 1 [0m
[1;33m  /home/nizhu/software/miniforge3/envs/biotools/bin/mmseqs convertalis '/home/nizhu/Projects/plantsdb/emappertmp_mmseqs_cxwv2uuv/e8a4daefd8be4b79ae85ef77bc2ff5be' '/DATA/data2/emapperdb-5.0.2/mmseqs/mmseqs.db' '/home/nizhu/Projects/plantsdb/emappertmp_mmseqs_cxwv2uuv/7c0a43a20d76487d810e356a1ae2597e' '/home/nizhu/Projects/plantsdb/emappertmp_mmseqs_cxwv2uuv/7c0a43a20d76487d810e356a1ae2597e.m8' --threads 40 --format-output "query,target,pident,alnlen,qstart,qend,tstart,tend,evalue,bits,qcov,tcov"[0m
Loading source DB...
[31mWarning: this can take a few minutes and load up to 45GB to RAM. Using --dbmem is recommended to annotate a large number of sequences.[0m
[32mDone[0m
[1;33mResult files:[0m
   /home/nizhu/Projects/plantsdb/result/result_imp/species/Avena_sativa_ot3098/eggnog_work/Avena_sativa_ot3098.emapper.hits
   /home/nizhu/Projects/plantsdb/result/result_imp/species/Avena_sativa_ot3098/eggnog_work/Avena_sativa_ot3098.emapper.seed_orthologs
   /home/nizhu/Projects/plantsdb/result/result_imp/species/Avena_sativa_ot3098/eggnog_work/Avena_sativa_ot3098.emapper.annotations

================================================================================
CITATION:
If you use this software, please cite:

[1] eggNOG-mapper v2: functional annotation, orthology assignments, and domain 
      prediction at the metagenomic scale. Carlos P. Cantalapiedra, 
      Ana Hernandez-Plaza, Ivica Letunic, Peer Bork, Jaime Huerta-Cepas. 2021.
      Molecular Biology and Evolution, msab293, https://doi.org/10.1093/molbev/msab293

[2] eggNOG 5.0: a hierarchical, functionally and phylogenetically annotated
      orthology resource based on 5090 organisms and 2502 viruses. Jaime
      Huerta-Cepas, Damian Szklarczyk, Davide Heller, Ana Hernandez-Plaza,
      Sofia K Forslund, Helen Cook, Daniel R Mende, Ivica Letunic, Thomas
      Rattei, Lars J Jensen, Christian von Mering and Peer Bork. Nucleic Acids
      Research, Volume 47, Issue D1, 8 January 2019, Pages D309-D314,
      https://doi.org/10.1093/nar/gky1085 

[3] MMseqs2 enables sensitive protein sequence searching for the analysis of massive data sets.
       Steinegger M & Söding J. 2017. Nat. Biotech. 35, 1026–1028. https://doi.org/10.1038/nbt.3988

e.g. Functional annotation was performed using eggNOG-mapper (version emapper-2.1.12-8b119d7) [1]
 based on eggNOG orthology data [2]. Sequence searches were performed using [3].

================================================================================

Total hits processed: 223359
Total time: 2421 secs
FINISHED

========================================
Done in 2432s
Species: /home/nizhu/Projects/plantsdb/result/result_imp/species
Homolog: /home/nizhu/Projects/plantsdb/result/result_imp/homolog
========================================
[19:26:18] eggnog: Avena_sativa_sang
========================================
Input:       /DATA/data2/downloads/IMP
Species out: /home/nizhu/Projects/plantsdb/result/result_imp/species
Homolog out: /home/nizhu/Projects/plantsdb/result/result_imp/homolog
Mode:        eggnog
Species:     Avena_sativa_sang
========================================
Found 1 species

[Avena_sativa_sang]
#  emapper-2.1.12-8b119d7
# emapper.py  -i /DATA/data2/downloads/IMP/Avena_sativa_sang/Avena_sativa_sang.prot.fasta -o /home/nizhu/Projects/plantsdb/result/result_imp/species/Avena_sativa_sang/eggnog_work/Avena_sativa_sang --data_dir /DATA/data2/emapperdb-5.0.2 -m mmseqs --cpu 40 --dbmem --tax_scope Viridiplantae --override --no_file_comments
[1;33m  /home/nizhu/software/miniforge3/envs/biotools/bin/mmseqs createdb '/DATA/data2/downloads/IMP/Avena_sativa_sang/Avena_sativa_sang.prot.fasta' '/home/nizhu/Projects/plantsdb/emappertmp_mmseqs_j17stzyf/89858f686d8e4121b1f1252b5c653cac' --dbtype 1[0m
[1;33m  /home/nizhu/software/miniforge3/envs/biotools/bin/mmseqs search -a true '/home/nizhu/Projects/plantsdb/emappertmp_mmseqs_j17stzyf/89858f686d8e4121b1f1252b5c653cac' '/DATA/data2/emapperdb-5.0.2/mmseqs/mmseqs.db' '/home/nizhu/Projects/plantsdb/emappertmp_mmseqs_j17stzyf/5a19365543294c76b0d7763c4d5ab07b' '/home/nizhu/Projects/plantsdb/emappertmp_mmseqs_j17stzyf' --start-sens 3 --sens-steps 3 -s 7 --threads 40[0m
[1;33m  /home/nizhu/software/miniforge3/envs/biotools/bin/mmseqs filterdb '/home/nizhu/Projects/plantsdb/emappertmp_mmseqs_j17stzyf/5a19365543294c76b0d7763c4d5ab07b' '/home/nizhu/Projects/plantsdb/emappertmp_mmseqs_j17stzyf/d00efd6cbae945a4a0380237ed9df21e' --threads 40 --extract-lines 1 [0m
[1;33m  /home/nizhu/software/miniforge3/envs/biotools/bin/mmseqs convertalis '/home/nizhu/Projects/plantsdb/emappertmp_mmseqs_j17stzyf/89858f686d8e4121b1f1252b5c653cac' '/DATA/data2/emapperdb-5.0.2/mmseqs/mmseqs.db' '/home/nizhu/Projects/plantsdb/emappertmp_mmseqs_j17stzyf/d00efd6cbae945a4a0380237ed9df21e' '/home/nizhu/Projects/plantsdb/emappertmp_mmseqs_j17stzyf/d00efd6cbae945a4a0380237ed9df21e.m8' --threads 40 --format-output "query,target,pident,alnlen,qstart,qend,tstart,tend,evalue,bits,qcov,tcov"[0m
Loading source DB...
[31mWarning: this can take a few minutes and load up to 45GB to RAM. Using --dbmem is recommended to annotate a large number of sequences.[0m
[32mDone[0m
[1;33mResult files:[0m
   /home/nizhu/Projects/plantsdb/result/result_imp/species/Avena_sativa_sang/eggnog_work/Avena_sativa_sang.emapper.hits
   /home/nizhu/Projects/plantsdb/result/result_imp/species/Avena_sativa_sang/eggnog_work/Avena_sativa_sang.emapper.seed_orthologs
   /home/nizhu/Projects/plantsdb/result/result_imp/species/Avena_sativa_sang/eggnog_work/Avena_sativa_sang.emapper.annotations

================================================================================
CITATION:
If you use this software, please cite:

[1] eggNOG-mapper v2: functional annotation, orthology assignments, and domain 
      prediction at the metagenomic scale. Carlos P. Cantalapiedra, 
      Ana Hernandez-Plaza, Ivica Letunic, Peer Bork, Jaime Huerta-Cepas. 2021.
      Molecular Biology and Evolution, msab293, https://doi.org/10.1093/molbev/msab293

[2] eggNOG 5.0: a hierarchical, functionally and phylogenetically annotated
      orthology resource based on 5090 organisms and 2502 viruses. Jaime
      Huerta-Cepas, Damian Szklarczyk, Davide Heller, Ana Hernandez-Plaza,
      Sofia K Forslund, Helen Cook, Daniel R Mende, Ivica Letunic, Thomas
      Rattei, Lars J Jensen, Christian von Mering and Peer Bork. Nucleic Acids
      Research, Volume 47, Issue D1, 8 January 2019, Pages D309-D314,
      https://doi.org/10.1093/nar/gky1085 

[3] MMseqs2 enables sensitive protein sequence searching for the analysis of massive data sets.
       Steinegger M & Söding J. 2017. Nat. Biotech. 35, 1026–1028. https://doi.org/10.1038/nbt.3988

e.g. Functional annotation was performed using eggNOG-mapper (version emapper-2.1.12-8b119d7) [1]
 based on eggNOG orthology data [2]. Sequence searches were performed using [3].

================================================================================

Total hits processed: 94955
Total time: 1171 secs
FINISHED

========================================
Done in 1176s
Species: /home/nizhu/Projects/plantsdb/result/result_imp/species
Homolog: /home/nizhu/Projects/plantsdb/result/result_imp/homolog
========================================
[19:45:54] eggnog all done
